Customer ID,Recency,Frequency,Monetary,AverageOrderValue,CustomerTenure,PurchaseFrequency,Cluster,CustomerSegment
12346.0,326,12,77556.46,2281.0723529411766,400,0.029925187032418952,4,Loyal Customers
12347.0,2,8,4921.53,22.169054054054055,402,0.019851116625310174,0,Regular Customers
12348.0,75,5,2019.4,39.596078431372554,362,0.013774104683195593,0,Regular Customers
12349.0,19,4,4428.69,25.3068,570,0.0070052539404553416,0,Regular Customers
12350.0,310,1,334.4,19.670588235294115,0,1.0,1,At-Risk Customers
12351.0,375,1,300.93,14.33,0,1.0,1,At-Risk Customers
12352.0,36,10,2849.84,27.668349514563108,356,0.028011204481792718,0,Regular Customers
12353.0,204,2,406.76,16.948333333333334,204,0.00975609756097561,0,Regular Customers
12354.0,232,1,1079.4,18.610344827586207,0,1.0,0,Regular Customers
12355.0,214,2,947.61,27.074571428571428,353,0.005649717514124294,0,Regular Customers
12356.0,23,6,6371.73,44.87133802816901,401,0.014925373134328358,0,Regular Customers
12357.0,33,3,18287.66,61.78263513513514,355,0.008426966292134831,0,Regular Customers
12358.0,2,5,3887.07,50.48142857142857,730,0.006839945280437756,0,Regular Customers
12359.0,58,10,8873.39,24.5121270718232,676,0.014771048744460856,0,Regular Customers
12360.0,52,8,4252.89,19.59857142857143,603,0.013245033112582781,0,Regular Customers
12361.0,287,4,511.25,17.629310344827587,394,0.010126582278481013,1,At-Risk Customers
12362.0,3,11,5356.23,20.06078651685393,735,0.014945652173913044,0,Regular Customers
12363.0,110,2,552.0,24.0,132,0.015037593984962405,0,Regular Customers
12364.0,8,4,1313.1,15.448235294117646,104,0.0380952380952381,0,Regular Customers
12365.0,291,2,641.38,29.153636363636362,0,2.0,1,At-Risk Customers
12366.0,634,1,500.24,166.74666666666667,0,1.0,1,At-Risk Customers
12367.0,4,1,168.9,15.354545454545455,0,1.0,0,Regular Customers
12368.0,628,1,917.6999999999999,50.98333333333333,0,1.0,1,At-Risk Customers
12369.0,413,3,1791.15,19.25967741935484,228,0.013100436681222707,1,At-Risk Customers
12370.0,51,7,4316.56,21.47542288557214,617,0.011326860841423949,0,Regular Customers
12371.0,45,5,4067.38,24.35556886227545,600,0.008319467554076539,0,Regular Customers
12372.0,72,3,1298.04,24.962307692307693,224,0.013333333333333334,0,Regular Customers
12373.0,311,3,1127.65,22.110784313725492,362,0.008264462809917356,1,At-Risk Customers
12374.0,25,4,2989.2200000000003,36.01469879518073,563,0.0070921985815602835,0,Regular Customers
12375.0,11,2,457.5,26.91176470588235,87,0.022727272727272728,0,Regular Customers
12376.0,390,2,503.15,38.70384615384615,28,0.06896551724137931,1,At-Risk Customers
12377.0,315,4,3426.32,22.54157894736842,274,0.014545454545454545,1,At-Risk Customers
12378.0,130,2,5416.32,17.994418604651162,432,0.004618937644341801,0,Regular Customers
12379.0,82,4,1620.22,20.002716049382716,452,0.008830022075055188,0,Regular Customers
12380.0,22,11,9676.300000000001,34.93249097472925,640,0.0171606864274571,0,Regular Customers
12381.0,5,5,1845.31,21.21045977011494,115,0.04310344827586207,0,Regular Customers
12383.0,185,5,1850.56,18.69252525252525,167,0.02976190476190476,0,Regular Customers
12384.0,29,2,585.27,21.676666666666666,92,0.021505376344086023,0,Regular Customers
12385.0,379,1,1938.4,29.821538461538463,0,1.0,1,At-Risk Customers
12386.0,338,2,401.9,40.19,29,0.06666666666666667,1,At-Risk Customers
12387.0,415,1,143.94,15.993333333333332,0,1.0,1,At-Risk Customers
12388.0,16,8,3901.11,26.719931506849317,566,0.014109347442680775,0,Regular Customers
12389.0,403,3,1433.33,29.251632653061222,253,0.011811023622047244,1,At-Risk Customers
12390.0,80,1,549.84,17.1825,0,1.0,0,Regular Customers
12391.0,22,6,2724.84,10.205393258426966,641,0.009345794392523364,0,Regular Customers
12392.0,591,1,234.75000000000003,33.53571428571429,0,1.0,1,At-Risk Customers
12393.0,72,6,2399.4500000000003,22.42476635514019,356,0.01680672268907563,0,Regular Customers
12394.0,64,2,1272.48,47.12888888888889,153,0.012987012987012988,0,Regular Customers
12395.0,19,15,4721.17,19.50896694214876,583,0.025684931506849314,0,Regular Customers
12396.0,674,1,931.43,14.329692307692307,0,1.0,1,At-Risk Customers
12397.0,36,2,2409.9,19.126190476190477,99,0.02,0,Regular Customers
12398.0,46,1,1635.6599999999999,19.24305882352941,0,1.0,0,Regular Customers
12399.0,119,7,1962.3,17.83909090909091,525,0.013307984790874524,0,Regular Customers
12400.0,414,1,205.25,18.65909090909091,0,1.0,1,At-Risk Customers
12401.0,303,1,84.3,16.86,0,1.0,1,At-Risk Customers
12402.0,323,6,1256.9,17.955714285714286,347,0.017241379310344827,1,At-Risk Customers
12403.0,50,2,1019.36,113.26222222222222,471,0.00423728813559322,0,Regular Customers
12404.0,682,1,63.24,63.24,0,1.0,1,At-Risk Customers
12405.0,149,1,1710.39,31.67388888888889,0,1.0,0,Regular Customers
12406.0,22,5,6390.36,38.49614457831325,675,0.0073964497041420114,0,Regular Customers
12407.0,50,5,1708.1200000000001,22.183376623376624,214,0.023255813953488372,0,Regular Customers
12408.0,33,8,4340.7699999999995,27.300440251572326,465,0.017167381974248927,0,Regular Customers
12409.0,79,7,23419.29,88.70943181818183,486,0.014373716632443531,0,Regular Customers
12410.0,309,3,1013.71,25.342750000000002,193,0.015463917525773196,1,At-Risk Customers
12411.0,410,1,346.9,15.768181818181818,0,1.0,1,At-Risk Customers
12412.0,75,6,2596.93,20.448267716535433,464,0.012903225806451613,0,Regular Customers
12413.0,67,4,999.45,19.597058823529412,335,0.011904761904761904,0,Regular Customers
12414.0,217,6,952.41,34.01464285714285,246,0.024291497975708502,0,Regular Customers
12415.0,24,28,144458.37,156.00255939524837,503,0.05555555555555555,3,Premium Customers
12416.0,657,1,202.56,18.414545454545454,0,1.0,1,At-Risk Customers
12417.0,3,20,6797.41,18.421165311653116,730,0.027359781121751026,4,Loyal Customers
12418.0,113,4,2021.2,19.815686274509805,517,0.007722007722007722,0,Regular Customers
12419.0,386,2,503.01,20.1204,27,0.07142857142857142,1,At-Risk Customers
12420.0,64,1,600.39,20.70310344827586,0,1.0,0,Regular Customers
12421.0,16,6,1098.6,16.90153846153846,489,0.012244897959183673,0,Regular Customers
12422.0,96,17,5231.8,30.417441860465118,625,0.027156549520766772,0,Regular Customers
12423.0,1,10,2622.39,15.893272727272727,465,0.02145922746781116,0,Regular Customers
12424.0,163,4,3340.03,36.30467391304348,385,0.010362694300518135,0,Regular Customers
12425.0,78,2,1741.41,19.136373626373626,370,0.005390835579514825,0,Regular Customers
12426.0,195,2,1345.21,17.470259740259742,468,0.0042643923240938165,0,Regular Customers
12427.0,22,3,825.8,26.638709677419353,349,0.008571428571428572,0,Regular Customers
12428.0,26,9,7956.46,27.062789115646257,257,0.03488372093023256,0,Regular Customers
12429.0,9,8,6204.41,40.55169934640523,537,0.01486988847583643,0,Regular Customers
12430.0,43,1,256.4,23.30909090909091,0,1.0,0,Regular Customers
12431.0,36,27,10432.22,26.749282051282048,658,0.0409711684370258,4,Loyal Customers
12432.0,43,5,5059.32,46.845555555555556,129,0.038461538461538464,0,Regular Customers
12433.0,1,10,16794.14,30.04318425760286,476,0.020964360587002098,0,Regular Customers
12434.0,85,3,1103.43,15.763285714285715,296,0.010101010101010102,0,Regular Customers
12435.0,80,6,13925.93,124.33866071428572,657,0.00911854103343465,0,Regular Customers
12436.0,100,1,509.01,31.813125,0,1.0,0,Regular Customers
12437.0,2,39,12683.4,22.52824156305506,735,0.05298913043478261,4,Loyal Customers
12438.0,14,2,2906.85,29.66173469387755,125,0.015873015873015872,0,Regular Customers
12439.0,683,2,1142.88,16.096901408450705,43,0.045454545454545456,1,At-Risk Customers
12440.0,462,2,859.2,26.85,255,0.0078125,1,At-Risk Customers
12441.0,367,1,173.55,15.77727272727273,0,1.0,1,At-Risk Customers
12442.0,3,1,172.06,14.338333333333333,0,1.0,0,Regular Customers
12443.0,732,1,485.31,23.11,0,1.0,1,At-Risk Customers
12444.0,21,5,5005.46,28.440113636363638,149,0.03333333333333333,0,Regular Customers
12445.0,22,2,434.98,18.124166666666667,398,0.005012531328320802,0,Regular Customers
12446.0,58,1,1002.3100000000001,17.584385964912283,0,1.0,0,Regular Customers
12447.0,243,1,476.49,18.326538461538462,0,1.0,0,Regular Customers
12448.0,44,1,449.45,20.429545454545455,0,1.0,0,Regular Customers
12449.0,22,6,4835.89,24.05915422885572,416,0.014388489208633094,0,Regular Customers
12450.0,156,5,688.2,18.6,318,0.01567398119122257,0,Regular Customers
12451.0,11,8,12669.88,24.794285714285714,518,0.015414258188824663,0,Regular Customers
12452.0,17,2,430.57,19.571363636363635,0,2.0,0,Regular Customers
12453.0,134,1,707.09,16.443953488372095,0,1.0,0,Regular Customers
12454.0,56,5,16679.78,416.99449999999996,364,0.0136986301369863,0,Regular Customers
12455.0,73,10,5879.95,25.902863436123347,648,0.015408320493066256,0,Regular Customers
12456.0,44,3,3181.04,25.44832,210,0.014218009478672985,0,Regular Customers
12457.0,66,8,2995.91,35.665595238095236,368,0.02168021680216802,0,Regular Customers
12458.0,71,4,1777.49,21.160595238095237,416,0.009592326139088728,0,Regular Customers
12459.0,605,1,454.36,19.754782608695653,0,1.0,1,At-Risk Customers
12460.0,456,1,326.65,18.147222222222222,0,1.0,1,At-Risk Customers
12461.0,94,2,826.88,23.62514285714286,60,0.03278688524590164,0,Regular Customers
12462.0,19,2,1189.59,19.186935483870965,284,0.007017543859649123,0,Regular Customers
12463.0,53,4,1344.78,16.202168674698793,188,0.021164021164021163,0,Regular Customers
12464.0,10,8,1212.05,41.79482758620689,299,0.02666666666666667,0,Regular Customers
12465.0,17,2,742.1899999999999,15.79127659574468,152,0.013071895424836602,0,Regular Customers
12466.0,682,1,56.73,56.73,0,1.0,1,At-Risk Customers
12467.0,423,1,132.8,14.755555555555556,0,1.0,1,At-Risk Customers
12468.0,188,5,3670.74,24.4716,495,0.010080645161290322,0,Regular Customers
12469.0,523,2,3070.54,40.40184210526316,14,0.13333333333333333,1,At-Risk Customers
12470.0,690,1,211.95,9.215217391304348,0,1.0,1,At-Risk Customers
12471.0,2,79,39918.19,35.17021145374449,730,0.10807113543091655,4,Loyal Customers
12472.0,32,19,16249.289999999999,19.321391200951247,693,0.027377521613832854,4,Loyal Customers
12473.0,29,5,3928.0499999999997,23.52125748502994,162,0.03067484662576687,0,Regular Customers
12474.0,17,31,12372.75,17.47563559322034,649,0.047692307692307694,4,Loyal Customers
12475.0,54,2,1149.64,18.846557377049184,356,0.0056022408963585435,0,Regular Customers
12476.0,16,23,14083.91,27.400603112840468,486,0.04722792607802875,4,Loyal Customers
12477.0,23,9,20276.37,35.95101063829787,600,0.014975041597337771,0,Regular Customers
12478.0,4,1,680.99,18.91638888888889,0,1.0,0,Regular Customers
12479.0,11,1,527.2,17.006451612903227,0,1.0,0,Regular Customers
12480.0,28,7,5464.85,22.58202479338843,479,0.014583333333333334,0,Regular Customers
12481.0,23,15,12185.51,32.06713157894737,584,0.02564102564102564,0,Regular Customers
12482.0,576,29,23691.4,116.1343137254902,77,0.3717948717948718,1,At-Risk Customers
12483.0,17,19,5097.18,36.93608695652174,660,0.028744326777609682,4,Loyal Customers
12484.0,33,12,6354.1,13.490658174097666,648,0.01848998459167951,0,Regular Customers
12485.0,529,1,708.1,20.826470588235296,0,1.0,1,At-Risk Customers
12486.0,432,1,1037.28,21.168979591836734,0,1.0,1,At-Risk Customers
12487.0,731,1,285.29999999999995,142.64999999999998,0,1.0,1,At-Risk Customers
12488.0,10,3,1298.66,23.612000000000002,65,0.045454545454545456,0,Regular Customers
12489.0,336,1,334.93,22.328666666666667,0,1.0,1,At-Risk Customers
12490.0,5,21,9823.64,21.26329004329004,733,0.02861035422343324,4,Loyal Customers
12491.0,39,1,460.40000000000003,17.70769230769231,0,1.0,0,Regular Customers
12492.0,63,3,715.21,17.028809523809525,340,0.008797653958944282,0,Regular Customers
12493.0,166,2,433.74,19.715454545454545,31,0.0625,0,Regular Customers
12494.0,16,9,1815.27,16.808055555555555,560,0.016042780748663103,0,Regular Customers
12495.0,641,1,357.4,21.023529411764706,0,1.0,1,At-Risk Customers
12496.0,620,2,45.34,4.534000000000001,0,2.0,1,At-Risk Customers
12497.0,82,3,6248.5,109.62280701754386,563,0.005319148936170213,0,Regular Customers
12498.0,21,3,403.70000000000005,17.55217391304348,36,0.08108108108108109,0,Regular Customers
12499.0,560,1,393.72,14.582222222222223,0,1.0,1,At-Risk Customers
12500.0,23,19,5955.21,40.7891095890411,650,0.029185867895545316,4,Loyal Customers
12501.0,337,1,2169.39,14.559664429530201,0,1.0,1,At-Risk Customers
12502.0,96,5,3723.87,25.332448979591835,214,0.023255813953488372,0,Regular Customers
12503.0,584,1,1126.0,563.0,0,1.0,1,At-Risk Customers
12504.0,18,4,779.05,38.9525,578,0.0069084628670120895,0,Regular Customers
12505.0,409,1,955.2,22.742857142857144,0,1.0,1,At-Risk Customers
12506.0,233,1,73.5,3.1956521739130435,0,1.0,0,Regular Customers
12507.0,134,4,1844.06,37.633877551020404,450,0.008869179600886918,0,Regular Customers
12508.0,26,2,397.88,5.851176470588236,2,0.6666666666666666,0,Regular Customers
12509.0,284,1,176.5,25.214285714285715,0,1.0,1,At-Risk Customers
12510.0,143,9,5178.02,35.71048275862069,592,0.01517706576728499,0,Regular Customers
12511.0,429,1,3084.02,16.231684210526314,0,1.0,1,At-Risk Customers
12512.0,66,2,132.18,4.263870967741935,0,2.0,0,Regular Customers
12513.0,113,1,612.29,17.494,0,1.0,0,Regular Customers
12514.0,267,2,1597.76,19.02095238095238,374,0.005333333333333333,0,Regular Customers
12515.0,353,1,383.7,23.98125,0,1.0,1,At-Risk Customers
12516.0,78,4,2648.62,35.792162162162164,521,0.007662835249042145,0,Regular Customers
12517.0,28,5,2481.6,8.894623655913978,161,0.030864197530864196,0,Regular Customers
12518.0,1,5,2056.89,16.58782258064516,109,0.045454545454545456,0,Regular Customers
12519.0,64,2,716.54,18.37282051282051,413,0.004830917874396135,0,Regular Customers
12520.0,79,5,2634.26,17.330657894736845,194,0.02564102564102564,0,Regular Customers
12521.0,143,1,599.68,15.781052631578946,0,1.0,0,Regular Customers
12522.0,39,2,192.72,16.06,12,0.15384615384615385,0,Regular Customers
12523.0,19,23,4352.35,17.479317269076308,712,0.03225806451612903,4,Loyal Customers
12524.0,9,17,11126.11,46.35879166666667,660,0.025718608169440244,4,Loyal Customers
12525.0,498,3,973.73,16.228833333333334,149,0.02,1,At-Risk Customers
12526.0,1,3,1316.66,18.54450704225352,93,0.031914893617021274,0,Regular Customers
12527.0,82,5,735.51,22.9846875,447,0.011160714285714286,0,Regular Customers
12528.0,9,6,1933.48,21.01608695652174,303,0.019736842105263157,0,Regular Customers
12529.0,528,1,316.48,15.07047619047619,0,1.0,1,At-Risk Customers
12530.0,60,9,3759.26,23.792784810126584,582,0.015437392795883362,0,Regular Customers
12531.0,15,2,1933.2,15.222047244094489,671,0.002976190476190476,0,Regular Customers
12532.0,30,1,349.83000000000004,21.864375000000003,0,1.0,0,Regular Customers
12533.0,628,2,1367.89,18.998472222222222,110,0.018018018018018018,1,At-Risk Customers
12534.0,131,1,1089.18,17.28857142857143,0,1.0,0,Regular Customers
12535.0,92,2,716.35,21.069117647058825,94,0.021052631578947368,0,Regular Customers
12536.0,43,3,12601.830000000002,48.282873563218395,15,0.1875,0,Regular Customers
12537.0,409,1,732.94,17.04511627906977,0,1.0,1,At-Risk Customers
12538.0,29,2,640.45,18.836764705882356,349,0.005714285714285714,0,Regular Customers
12539.0,22,7,11214.75,22.251488095238095,694,0.010071942446043165,0,Regular Customers
12540.0,20,33,22254.49,28.864448767833984,712,0.04628330995792426,4,Loyal Customers
12541.0,30,3,981.18,18.868846153846153,251,0.011904761904761904,0,Regular Customers
12542.0,484,2,481.88,12.355897435897436,156,0.012738853503184714,1,At-Risk Customers
12543.0,448,1,980.25,22.796511627906977,0,1.0,1,At-Risk Customers
12544.0,36,1,372.7,19.61578947368421,0,1.0,0,Regular Customers
12545.0,75,2,1000.39,20.0078,184,0.010810810810810811,0,Regular Customers
12546.0,47,2,1161.5,16.833333333333332,31,0.0625,0,Regular Customers
12547.0,198,3,383.58,18.265714285714285,302,0.009900990099009901,0,Regular Customers
12548.0,166,1,95.19999999999999,19.04,0,1.0,0,Regular Customers
12549.0,576,6,1575.68,32.15673469387755,121,0.04918032786885246,1,At-Risk Customers
12550.0,79,1,964.83,16.92684210526316,0,1.0,0,Regular Customers
12551.0,358,1,168.0,16.8,0,1.0,1,At-Risk Customers
12552.0,39,2,437.82,21.891,0,2.0,0,Regular Customers
12553.0,8,12,4608.75,19.36449579831933,415,0.028846153846153848,0,Regular Customers
12554.0,449,1,468.5,18.01923076923077,0,1.0,1,At-Risk Customers
12555.0,682,1,129.23,129.23,0,1.0,1,At-Risk Customers
12556.0,50,2,599.56,5.038319327731092,100,0.019801980198019802,0,Regular Customers
12557.0,16,8,18096.14,341.4366037735849,706,0.011315417256011316,0,Regular Customers
12558.0,8,1,269.96,24.54181818181818,0,1.0,0,Regular Customers
12559.0,311,2,561.71,26.74809523809524,8,0.2222222222222222,1,At-Risk Customers
12560.0,5,3,2134.01,20.323904761904764,137,0.021739130434782608,0,Regular Customers
12561.0,303,1,238.85,14.928125,0,1.0,1,At-Risk Customers
12562.0,8,9,4966.92,23.99478260869565,427,0.02102803738317757,0,Regular Customers
12563.0,409,1,249.24,19.172307692307694,0,1.0,1,At-Risk Customers
12564.0,261,1,456.9,21.757142857142856,0,1.0,0,Regular Customers
12565.0,289,1,145.92,16.21333333333333,0,1.0,1,At-Risk Customers
12566.0,86,1,351.65,18.507894736842104,0,1.0,0,Regular Customers
12567.0,23,15,11767.48,21.16453237410072,644,0.023255813953488372,0,Regular Customers
12568.0,645,1,70.0,14.0,0,1.0,1,At-Risk Customers
12569.0,2,32,4124.69,21.939840425531912,250,0.12749003984063745,4,Loyal Customers
12570.0,682,1,77.52,77.52,0,1.0,1,At-Risk Customers
12571.0,40,2,519.61,15.28264705882353,81,0.024390243902439025,0,Regular Customers
12572.0,9,2,1020.42,17.006999999999998,43,0.045454545454545456,0,Regular Customers
12573.0,227,5,717.41,6.028655462184874,237,0.02100840336134454,0,Regular Customers
12574.0,316,1,218.45,19.85909090909091,0,1.0,1,At-Risk Customers
12575.0,457,2,622.8199999999999,16.389999999999997,69,0.02857142857142857,1,At-Risk Customers
12576.0,36,8,2142.72,15.08957746478873,490,0.016293279022403257,0,Regular Customers
12577.0,35,8,1617.1,5.426510067114093,700,0.011412268188302425,0,Regular Customers
12578.0,21,4,4642.45,26.99098837209302,422,0.009456264775413711,0,Regular Customers
12579.0,78,1,440.42,15.18689655172414,0,1.0,0,Regular Customers
12580.0,247,2,1052.9,18.153448275862072,329,0.006060606060606061,0,Regular Customers
12581.0,40,1,197.71,13.180666666666667,0,1.0,0,Regular Customers
12582.0,239,4,1980.4,19.22718446601942,338,0.011799410029498525,0,Regular Customers
12583.0,3,27,13591.58,30.47439461883408,730,0.036935704514363885,4,Loyal Customers
12584.0,4,9,2338.15,24.355729166666666,276,0.032490974729241874,0,Regular Customers
12585.0,234,2,2040.1,23.44942528735632,117,0.01694915254237288,0,Regular Customers
12586.0,17,4,2062.67,21.943297872340427,706,0.005657708628005658,0,Regular Customers
12587.0,8,1,144.0,36.0,0,1.0,0,Regular Customers
12588.0,39,4,958.78,20.84304347826087,558,0.007155635062611807,0,Regular Customers
12589.0,29,8,4695.66,26.087,660,0.012102874432677761,0,Regular Customers
12590.0,211,2,9864.26,145.06264705882353,0,2.0,0,Regular Customers
12591.0,317,3,1338.95,19.69044117647059,91,0.03260869565217391,1,At-Risk Customers
12592.0,92,5,2582.66,31.88469135802469,427,0.011682242990654205,0,Regular Customers
12593.0,109,3,418.09999999999997,19.909523809523808,110,0.02702702702702703,0,Regular Customers
12594.0,38,15,5090.110000000001,25.57844221105528,608,0.024630541871921183,0,Regular Customers
12595.0,505,1,299.02,15.737894736842104,0,1.0,1,At-Risk Customers
12596.0,51,2,618.27,22.898888888888887,190,0.010471204188481676,0,Regular Customers
12597.0,19,4,3811.22,18.50106796116505,248,0.01606425702811245,0,Regular Customers
12598.0,10,11,4534.09,22.01014563106796,639,0.0171875,0,Regular Customers
12599.0,29,13,2296.72,17.268571428571427,548,0.023679417122040074,0,Regular Customers
12600.0,29,21,4967.42,38.21092307692308,703,0.029829545454545456,4,Loyal Customers
12601.0,190,6,681.26,20.03705882352941,214,0.027906976744186046,0,Regular Customers
12602.0,59,1,153.12,12.76,0,1.0,0,Regular Customers
12603.0,22,1,739.1999999999999,369.59999999999997,0,1.0,0,Regular Customers
12604.0,79,2,254.18,15.88625,182,0.01092896174863388,0,Regular Customers
12605.0,376,4,1232.95,16.223026315789475,81,0.04878048780487805,1,At-Risk Customers
12606.0,682,1,21.0,21.0,0,1.0,1,At-Risk Customers
12607.0,60,1,1579.51,15.63871287128713,0,1.0,0,Regular Customers
12608.0,405,1,415.79,25.986875,0,1.0,1,At-Risk Customers
12609.0,78,9,3435.86,19.633485714285715,641,0.014018691588785047,0,Regular Customers
12610.0,23,5,2099.54,19.80698113207547,103,0.04807692307692308,0,Regular Customers
12611.0,52,1,1193.32,18.35876923076923,0,1.0,0,Regular Customers
12612.0,74,1,704.0400000000001,37.054736842105264,0,1.0,0,Regular Customers
12613.0,57,10,6817.37,20.91217791411043,668,0.014947683109118086,0,Regular Customers
12614.0,278,1,315.6,15.780000000000001,0,1.0,1,At-Risk Customers
12615.0,2,8,5740.98,21.262888888888888,629,0.012698412698412698,0,Regular Customers
12616.0,95,3,1131.1,20.946296296296296,293,0.01020408163265306,0,Regular Customers
12617.0,29,1,352.98,8.609268292682927,0,1.0,0,Regular Customers
12618.0,22,1,177.31,16.11909090909091,0,1.0,0,Regular Customers
12619.0,16,10,3781.38,37.8138,544,0.01834862385321101,0,Regular Customers
12620.0,15,3,1339.41,14.558804347826088,189,0.015789473684210527,0,Regular Customers
12621.0,2,35,24311.2,32.15767195767196,666,0.05247376311844078,4,Loyal Customers
12622.0,232,1,180.1,16.37272727272727,0,1.0,0,Regular Customers
12623.0,276,7,3747.84,21.663815028901734,420,0.0166270783847981,0,Regular Customers
12624.0,106,2,641.13,16.87184210526316,71,0.027777777777777776,0,Regular Customers
12625.0,212,4,5164.88,28.22338797814208,384,0.01038961038961039,0,Regular Customers
12626.0,23,9,6620.48,22.51863945578231,303,0.029605263157894735,0,Regular Customers
12627.0,11,7,4478.53,19.47186956521739,129,0.05384615384615385,0,Regular Customers
12628.0,4,3,786.46,19.181951219512197,60,0.04918032786885246,0,Regular Customers
12629.0,386,2,1558.22,34.62711111111111,37,0.05263157894736842,1,At-Risk Customers
12630.0,10,2,1270.88,19.8575,34,0.05714285714285714,0,Regular Customers
12631.0,57,6,3481.57,19.024972677595628,635,0.009433962264150943,0,Regular Customers
12632.0,521,2,804.88,22.99657142857143,44,0.044444444444444446,1,At-Risk Customers
12633.0,59,7,5678.16,18.556078431372548,466,0.014989293361884369,0,Regular Customers
12634.0,536,2,490.0,24.5,12,0.15384615384615385,1,At-Risk Customers
12635.0,90,4,2930.41,16.37100558659218,367,0.010869565217391304,0,Regular Customers
12636.0,739,1,141.0,141.0,0,1.0,1,At-Risk Customers
12637.0,67,12,8283.81,13.491547231270358,476,0.025157232704402517,0,Regular Customers
12638.0,33,2,921.49,19.197708333333335,606,0.0032948929159802307,0,Regular Customers
12639.0,239,3,1312.37,20.50578125,389,0.007692307692307693,0,Regular Customers
12640.0,24,3,1174.58,22.16188679245283,57,0.05172413793103448,0,Regular Customers
12641.0,115,1,185.9,18.59,0,1.0,0,Regular Customers
12642.0,25,3,1013.26,21.558723404255318,82,0.03614457831325301,0,Regular Customers
12643.0,128,12,8304.82,162.83960784313726,482,0.024844720496894408,0,Regular Customers
12644.0,130,4,1918.49,17.283693693693692,564,0.007079646017699115,0,Regular Customers
12645.0,34,8,3539.3,22.120625,635,0.012578616352201259,0,Regular Customers
12646.0,5,2,1346.97,29.932666666666666,44,0.044444444444444446,0,Regular Customers
12647.0,22,36,16955.55,32.923398058252424,672,0.05349182763744428,4,Loyal Customers
12648.0,155,4,1112.0,17.107692307692307,546,0.007312614259597806,0,Regular Customers
12649.0,107,8,2294.65,19.446186440677966,588,0.013582342954159592,0,Regular Customers
12650.0,3,1,314.44,15.722,0,1.0,0,Regular Customers
12651.0,335,4,377.75,12.591666666666667,130,0.030534351145038167,1,At-Risk Customers
12652.0,331,2,1017.03,19.941764705882353,102,0.019417475728155338,1,At-Risk Customers
12653.0,149,3,4160.83,48.38174418604651,378,0.0079155672823219,0,Regular Customers
12654.0,11,5,601.98,15.841578947368422,284,0.017543859649122806,0,Regular Customers
12655.0,424,1,261.35,16.334375,0,1.0,1,At-Risk Customers
12656.0,17,8,6407.83,25.942631578947367,545,0.014652014652014652,0,Regular Customers
12657.0,11,4,1643.18,34.961276595744685,67,0.058823529411764705,0,Regular Customers
12658.0,19,1,686.05,19.056944444444444,0,1.0,0,Regular Customers
12659.0,30,1,91.68,18.336000000000002,0,1.0,0,Regular Customers
12660.0,11,1,245.1,18.853846153846153,0,1.0,0,Regular Customers
12661.0,436,1,162.0,14.727272727272727,0,1.0,1,At-Risk Customers
12662.0,1,20,6726.54,17.203427109974424,617,0.032362459546925564,4,Loyal Customers
12663.0,625,2,239.4,23.94,43,0.045454545454545456,1,At-Risk Customers
12664.0,8,11,6070.04,134.88977777777777,718,0.015299026425591099,0,Regular Customers
12665.0,325,3,313.6,18.447058823529414,344,0.008695652173913044,1,At-Risk Customers
12666.0,394,1,1248.42,40.27161290322581,0,1.0,1,At-Risk Customers
12667.0,58,1,620.13,18.791818181818183,0,1.0,0,Regular Customers
12668.0,12,10,11383.03,21.236996268656718,665,0.015015015015015015,0,Regular Customers
12669.0,151,3,2744.0299999999997,27.168613861386135,105,0.02830188679245283,0,Regular Customers
12670.0,10,7,3760.29,32.698173913043476,656,0.0106544901065449,0,Regular Customers
12671.0,606,1,2622.481,58.27735555555556,0,1.0,1,At-Risk Customers
12672.0,330,2,437.05,19.865909090909092,265,0.007518796992481203,1,At-Risk Customers
12673.0,5,3,1230.02,16.62189189189189,396,0.007556675062972292,0,Regular Customers
12674.0,39,4,1970.6,23.742168674698792,169,0.023529411764705882,0,Regular Customers
12675.0,554,2,957.25,8.546875,24,0.08,1,At-Risk Customers
12676.0,25,11,2843.09,26.570934579439253,458,0.023965141612200435,0,Regular Customers
12677.0,555,2,395.1,18.814285714285717,111,0.017857142857142856,1,At-Risk Customers
12678.0,42,21,34281.18,91.17335106382978,658,0.03186646433990895,4,Loyal Customers
12679.0,59,4,1113.02,23.187916666666666,225,0.017699115044247787,0,Regular Customers
12680.0,1,4,880.81,16.619056603773583,112,0.035398230088495575,0,Regular Customers
12681.0,15,45,29834.76,20.951376404494383,711,0.06320224719101124,4,Loyal Customers
12682.0,4,52,22950.22,23.20548028311426,735,0.07065217391304347,4,Loyal Customers
12683.0,4,21,11633.7,23.888501026694048,722,0.029045643153526972,4,Loyal Customers
12684.0,8,7,2283.63,21.748857142857144,205,0.03398058252427184,0,Regular Customers
12685.0,28,6,2863.08,18.236178343949042,65,0.09090909090909091,0,Regular Customers
12686.0,372,1,89.14,12.734285714285715,0,1.0,1,At-Risk Customers
12687.0,481,2,2138.91,16.97547619047619,0,2.0,1,At-Risk Customers
12688.0,114,1,4873.8099999999995,28.501812865497072,0,1.0,0,Regular Customers
12689.0,26,2,1247.61,17.327916666666667,101,0.0196078431372549,0,Regular Customers
12690.0,206,1,389.01,24.313125,0,1.0,0,Regular Customers
12691.0,28,7,1170.4,30.010256410256414,392,0.017811704834605598,0,Regular Customers
12692.0,637,1,110.95,8.534615384615385,0,1.0,1,At-Risk Customers
12693.0,127,7,1703.02,21.557215189873418,395,0.017676767676767676,0,Regular Customers
12694.0,70,3,1843.35,22.209036144578313,350,0.008547008547008548,0,Regular Customers
12695.0,7,7,1407.1200000000001,23.84949152542373,658,0.010622154779969651,0,Regular Customers
12696.0,435,2,851.91,17.38591836734694,74,0.02666666666666667,1,At-Risk Customers
12697.0,29,3,957.59,23.355853658536585,140,0.02127659574468085,0,Regular Customers
12698.0,590,1,339.75,21.234375,0,1.0,1,At-Risk Customers
12699.0,418,1,638.11,15.563658536585367,0,1.0,1,At-Risk Customers
12700.0,8,4,4939.99,18.432798507462685,207,0.019230769230769232,0,Regular Customers
12701.0,80,6,2446.41,16.642244897959184,553,0.010830324909747292,0,Regular Customers
12702.0,20,1,219.0,18.25,0,1.0,0,Regular Customers
12703.0,71,4,1006.53,13.601756756756757,613,0.006514657980456026,0,Regular Customers
12704.0,7,8,2340.84,26.600454545454546,162,0.049079754601226995,0,Regular Customers
12705.0,15,14,11762.1,19.636227045075128,518,0.02697495183044316,0,Regular Customers
12707.0,292,1,603.42,18.285454545454545,0,1.0,1,At-Risk Customers
12708.0,30,18,5117.66,17.289391891891892,691,0.02601156069364162,0,Regular Customers
12709.0,15,34,30291.76,61.819918367346936,715,0.04748603351955307,4,Loyal Customers
12710.0,97,3,1149.02,14.922337662337663,104,0.02857142857142857,0,Regular Customers
12711.0,612,2,1339.05,22.3175,65,0.030303030303030304,1,At-Risk Customers
12712.0,29,21,6723.03,26.2618359375,701,0.029914529914529916,4,Loyal Customers
12713.0,1,1,848.55,22.330263157894734,0,1.0,0,Regular Customers
12714.0,9,12,14093.71,20.249583333333334,726,0.016506189821182942,0,Regular Customers
12715.0,106,1,343.36,17.168,0,1.0,0,Regular Customers
12716.0,4,2,1053.49,15.267971014492753,129,0.015384615384615385,0,Regular Customers
12717.0,151,3,1308.91,18.435352112676057,439,0.006818181818181818,0,Regular Customers
12718.0,71,1,238.25,12.539473684210526,0,1.0,0,Regular Customers
12719.0,5,2,644.95,16.53717948717949,59,0.03333333333333333,0,Regular Customers
12720.0,3,30,7787.28,16.257369519832984,503,0.05952380952380952,4,Loyal Customers
12721.0,32,8,4013.08,16.79112970711297,440,0.018140589569160998,0,Regular Customers
12722.0,85,4,997.63,18.82320754716981,65,0.06060606060606061,0,Regular Customers
12723.0,4,5,725.07,10.508260869565218,61,0.08064516129032258,0,Regular Customers
12724.0,5,7,2317.52,17.96527131782946,530,0.013182674199623353,0,Regular Customers
12725.0,371,4,2266.76,21.384528301886796,213,0.018691588785046728,1,At-Risk Customers
12726.0,28,11,4014.6,22.427932960893855,595,0.018456375838926176,0,Regular Customers
12727.0,11,10,5679.53,27.9779802955665,644,0.015503875968992248,0,Regular Customers
12728.0,71,5,1070.17,17.54377049180328,312,0.01597444089456869,0,Regular Customers
12729.0,114,1,453.01,17.423461538461538,0,1.0,0,Regular Customers
12730.0,522,1,829.25,17.643617021276597,0,1.0,1,At-Risk Customers
12731.0,24,17,25775.71,65.58704834605598,624,0.0272,4,Loyal Customers
12732.0,180,1,236.26000000000002,19.688333333333336,0,1.0,0,Regular Customers
12733.0,234,4,2424.87,15.445031847133757,455,0.008771929824561403,0,Regular Customers
12734.0,353,3,639.65,33.66578947368421,39,0.075,1,At-Risk Customers
12735.0,315,2,779.5699999999999,18.12953488372093,21,0.09090909090909091,1,At-Risk Customers
12736.0,333,1,234.0,58.5,0,1.0,1,At-Risk Customers
12737.0,499,2,3710.5,1855.25,0,2.0,1,At-Risk Customers
12738.0,372,1,155.35,14.122727272727273,0,1.0,1,At-Risk Customers
12739.0,78,4,2726.73,30.63741573033708,315,0.012658227848101266,0,Regular Customers
12740.0,64,1,427.6,15.837037037037037,0,1.0,0,Regular Customers
12741.0,529,2,406.07,25.379375,3,0.5,1,At-Risk Customers
12742.0,626,1,1201.52,17.933134328358207,0,1.0,1,At-Risk Customers
12743.0,134,2,540.13,4.123129770992366,0,2.0,0,Regular Customers
12744.0,52,11,25317.06,74.68159292035399,539,0.020370370370370372,4,Loyal Customers
12745.0,487,3,925.41,40.235217391304346,195,0.015306122448979591,1,At-Risk Customers
12746.0,541,1,254.55,14.973529411764707,0,1.0,1,At-Risk Customers
12747.0,2,26,8898.48,35.73686746987951,730,0.03556771545827633,4,Loyal Customers
12748.0,1,336,53539.64,8.130545178435838,734,0.45714285714285713,3,Premium Customers
12749.0,4,9,6897.36,20.40639053254438,517,0.017374517374517374,0,Regular Customers
12750.0,129,1,275.88,18.392,0,1.0,0,Regular Customers
12751.0,445,1,268.27,4.326935483870967,0,1.0,1,At-Risk Customers
12752.0,81,1,4366.78,82.3920754716981,0,1.0,0,Regular Customers
12753.0,23,6,21429.39,108.77862944162436,339,0.01764705882352941,0,Regular Customers
12754.0,236,3,3010.74,47.78952380952381,72,0.0410958904109589,0,Regular Customers
12755.0,281,11,5236.259999999999,83.11523809523808,413,0.026570048309178744,0,Regular Customers
12756.0,87,1,112.07999999999998,28.019999999999996,0,1.0,0,Regular Customers
12757.0,16,13,7834.650000000001,21.52376373626374,195,0.0663265306122449,0,Regular Customers
12758.0,117,7,9903.24,31.639744408945685,621,0.011254019292604502,0,Regular Customers
12759.0,52,8,5020.74,16.62496688741722,683,0.011695906432748537,0,Regular Customers
12760.0,456,1,347.8,16.561904761904763,0,1.0,1,At-Risk Customers
12761.0,458,2,782.95,28.99814814814815,7,0.25,1,At-Risk Customers
12762.0,8,2,1898.52,27.51478260869565,17,0.1111111111111111,0,Regular Customers
12763.0,138,2,494.08,27.448888888888888,230,0.008658008658008658,0,Regular Customers
12764.0,317,1,1693.88,37.64177777777778,0,1.0,1,At-Risk Customers
12765.0,472,6,1404.58,20.65558823529412,169,0.03529411764705882,1,At-Risk Customers
12766.0,4,9,8918.99,22.186542288557213,403,0.022277227722772276,0,Regular Customers
12767.0,376,1,949.82,22.088837209302326,0,1.0,1,At-Risk Customers
12768.0,451,1,168.69000000000003,16.869000000000003,0,1.0,1,At-Risk Customers
12769.0,239,1,1143.6,35.7375,0,1.0,0,Regular Customers
12770.0,211,2,3246.45,115.94464285714285,245,0.008130081300813009,0,Regular Customers
12771.0,486,1,282.3,18.82,0,1.0,1,At-Risk Customers
12772.0,60,1,892.47,16.226727272727274,0,1.0,0,Regular Customers
12773.0,564,1,124.25,20.708333333333332,0,1.0,1,At-Risk Customers
12774.0,536,1,98.7,16.45,0,1.0,1,At-Risk Customers
12775.0,17,7,1686.12,20.816296296296294,392,0.017811704834605598,0,Regular Customers
12776.0,668,1,55.5,13.875,0,1.0,1,At-Risk Customers
12777.0,458,1,519.45,19.978846153846156,0,1.0,1,At-Risk Customers
12778.0,20,9,1775.68,15.576140350877193,583,0.015410958904109588,0,Regular Customers
12779.0,38,14,6474.11,24.06732342007435,699,0.02,0,Regular Customers
12780.0,599,1,337.4,16.869999999999997,0,1.0,1,At-Risk Customers
12781.0,64,2,826.74,33.0696,221,0.009009009009009009,0,Regular Customers
12782.0,5,11,4618.24,20.344669603524228,514,0.021359223300970873,0,Regular Customers
12783.0,2,6,2225.91,26.49892857142857,73,0.08108108108108109,0,Regular Customers
12784.0,9,3,1763.15,13.667829457364341,520,0.005758157389635317,0,Regular Customers
12785.0,364,3,1100.4,19.650000000000002,366,0.008174386920980926,1,At-Risk Customers
12786.0,610,1,728.5,40.47222222222222,0,1.0,1,At-Risk Customers
12787.0,10,4,862.18,19.595,403,0.009900990099009901,0,Regular Customers
12788.0,463,4,444.9,17.111538461538462,65,0.06060606060606061,1,At-Risk Customers
12789.0,65,3,273.35,34.16875,628,0.0047694753577106515,0,Regular Customers
12790.0,192,2,591.85,15.995945945945946,218,0.0091324200913242,0,Regular Customers
12791.0,374,6,863.51,30.839642857142856,250,0.02390438247011952,1,At-Risk Customers
12792.0,257,2,827.01,17.59595744680851,278,0.007168458781362007,0,Regular Customers
12793.0,335,3,885.53,20.125681818181818,66,0.04477611940298507,1,At-Risk Customers
12794.0,53,2,860.41,19.12022222222222,45,0.043478260869565216,0,Regular Customers
12795.0,19,1,430.48,30.74857142857143,0,1.0,0,Regular Customers
12796.0,628,1,381.0,54.42857142857143,0,1.0,1,At-Risk Customers
12797.0,366,2,552.08,18.40266666666667,58,0.03389830508474576,1,At-Risk Customers
12798.0,10,4,8510.93,257.9069696969697,411,0.009708737864077669,0,Regular Customers
12799.0,529,1,219.35,14.623333333333333,0,1.0,1,At-Risk Customers
12800.0,470,3,584.25,17.183823529411764,206,0.014492753623188406,1,At-Risk Customers
12801.0,501,1,1071.82,21.4364,0,1.0,1,At-Risk Customers
12802.0,187,7,2416.42,17.510289855072465,377,0.018518518518518517,0,Regular Customers
12803.0,393,1,1092.81,19.869272727272726,0,1.0,1,At-Risk Customers
12804.0,466,2,325.37,4.929848484848485,34,0.05714285714285714,1,At-Risk Customers
12805.0,382,4,1434.95,24.74051724137931,293,0.013605442176870748,1,At-Risk Customers
12806.0,435,4,2878.96,42.96955223880597,153,0.025974025974025976,1,At-Risk Customers
12807.0,383,1,330.35,20.646875,0,1.0,1,At-Risk Customers
12808.0,37,5,776.7,16.52553191489362,425,0.011737089201877934,0,Regular Customers
12809.0,178,3,1755.94,21.67827160493827,469,0.006382978723404255,0,Regular Customers
12810.0,535,2,534.99,16.7184375,142,0.013986013986013986,1,At-Risk Customers
12811.0,261,5,1033.9,18.462500000000002,166,0.029940119760479042,0,Regular Customers
12812.0,45,1,229.64000000000001,15.309333333333335,0,1.0,0,Regular Customers
12813.0,502,3,1687.8,37.50666666666667,191,0.015625,1,At-Risk Customers
12814.0,102,1,125.92,62.96,0,1.0,0,Regular Customers
12815.0,148,2,1063.46,22.6268085106383,50,0.0392156862745098,0,Regular Customers
12816.0,96,2,572.2,19.731034482758623,80,0.024691358024691357,0,Regular Customers
12817.0,281,3,690.98,27.639200000000002,153,0.01948051948051948,1,At-Risk Customers
12818.0,262,1,1542.08,110.14857142857143,0,1.0,0,Regular Customers
12819.0,458,1,540.52,28.448421052631577,0,1.0,1,At-Risk Customers
12820.0,3,11,2689.52,16.915220125786163,731,0.015027322404371584,0,Regular Customers
12821.0,214,2,220.8,16.984615384615385,397,0.005025125628140704,0,Regular Customers
12822.0,71,2,948.88,20.62782608695652,16,0.11764705882352941,0,Regular Customers
12823.0,75,18,6501.5,361.19444444444446,604,0.02975206611570248,0,Regular Customers
12824.0,60,1,397.12,15.8848,0,1.0,0,Regular Customers
12825.0,521,2,518.63,21.609583333333333,120,0.01652892561983471,1,At-Risk Customers
12826.0,3,12,2800.75,17.839171974522294,718,0.016689847009735744,0,Regular Customers
12827.0,6,3,430.15000000000003,17.206000000000003,38,0.07692307692307693,0,Regular Customers
12828.0,3,6,1018.71,18.19125,127,0.046875,0,Regular Customers
12829.0,337,3,385.3,20.278947368421054,213,0.014018691588785047,1,At-Risk Customers
12830.0,38,6,6814.64,179.33263157894737,134,0.044444444444444446,0,Regular Customers
12831.0,262,3,451.11,20.505,200,0.014925373134328358,0,Regular Customers
12832.0,32,2,383.03,14.186296296296295,65,0.030303030303030304,0,Regular Customers
12833.0,145,1,417.38,17.390833333333333,0,1.0,0,Regular Customers
12834.0,283,1,312.38,17.354444444444443,0,1.0,1,At-Risk Customers
12835.0,428,41,5996.83,9.750943089430894,308,0.13268608414239483,4,Loyal Customers
12836.0,59,15,6559.7300000000005,15.960413625304138,679,0.022058823529411766,0,Regular Customers
12837.0,173,2,662.66,7.530227272727273,396,0.005037783375314861,0,Regular Customers
12838.0,34,10,2975.91,8.359297752808988,559,0.017857142857142856,0,Regular Customers
12839.0,3,26,9669.12,17.453285198555957,730,0.03556771545827633,4,Loyal Customers
12840.0,144,7,4041.97,22.965738636363636,530,0.013182674199623353,0,Regular Customers
12841.0,5,40,6958.2,10.804658385093168,514,0.07766990291262135,4,Loyal Customers
12842.0,70,4,1917.99,39.958125,667,0.005988023952095809,0,Regular Customers
12843.0,66,30,6583.36,30.061004566210045,661,0.045317220543806644,4,Loyal Customers
12844.0,29,4,648.6,6.297087378640777,564,0.007079646017699115,0,Regular Customers
12845.0,267,4,354.09,13.114444444444443,22,0.17391304347826086,0,Regular Customers
12846.0,682,1,15.58,15.58,0,1.0,1,At-Risk Customers
12847.0,22,2,1609.0,13.521008403361344,365,0.00546448087431694,0,Regular Customers
12848.0,676,1,208.0,13.0,0,1.0,1,At-Risk Customers
12849.0,31,6,3042.47,21.12826388888889,559,0.010714285714285714,0,Regular Customers
12850.0,446,1,330.0,165.0,0,1.0,1,At-Risk Customers
12851.0,97,2,280.76,3.6462337662337663,380,0.005249343832020997,0,Regular Customers
12852.0,295,1,311.55,18.326470588235296,0,1.0,1,At-Risk Customers
12853.0,135,11,3907.5,26.402027027027028,537,0.020446096654275093,0,Regular Customers
12854.0,79,7,2970.9700000000003,11.383026819923373,649,0.010769230769230769,0,Regular Customers
12855.0,373,4,612.84,9.146865671641791,29,0.13333333333333333,1,At-Risk Customers
12856.0,8,6,2170.78,6.98,55,0.10714285714285714,0,Regular Customers
12857.0,211,6,3688.0,30.479338842975206,472,0.012684989429175475,0,Regular Customers
12858.0,383,1,147.27,3.9802702702702706,0,1.0,1,At-Risk Customers
12859.0,459,1,575.1,27.385714285714286,0,1.0,1,At-Risk Customers
12860.0,693,1,54.22,3.38875,0,1.0,1,At-Risk Customers
12861.0,620,1,68.25,17.0625,0,1.0,1,At-Risk Customers
12862.0,426,2,984.62,7.51618320610687,69,0.02857142857142857,1,At-Risk Customers
12863.0,52,6,2792.5499999999997,58.178124999999994,537,0.011152416356877323,0,Regular Customers
12864.0,138,2,299.57,42.79571428571428,369,0.005405405405405406,0,Regular Customers
12865.0,26,4,3323.47,17.043435897435895,450,0.008869179600886918,0,Regular Customers
12866.0,283,3,1227.35,19.48174603174603,219,0.013636363636363636,1,At-Risk Customers
12867.0,26,13,7829.26,7.456438095238095,696,0.018651362984218076,0,Regular Customers
12868.0,186,8,2043.76,15.251940298507463,207,0.038461538461538464,0,Regular Customers
12869.0,682,1,337.66999999999996,9.126216216216216,0,1.0,1,At-Risk Customers
12870.0,375,3,1676.95,18.031720430107526,248,0.012048192771084338,1,At-Risk Customers
12871.0,84,3,744.02,41.33444444444444,355,0.008426966292134831,0,Regular Customers
12872.0,327,12,3283.96,8.33492385786802,409,0.02926829268292683,1,At-Risk Customers
12873.0,282,3,2027.3,57.92285714285714,399,0.0075,1,At-Risk Customers
12874.0,385,2,948.42,19.75875,169,0.011764705882352941,1,At-Risk Customers
12875.0,143,5,1356.99,169.62375,554,0.009009009009009009,0,Regular Customers
12876.0,58,4,4081.79,24.010529411764704,532,0.0075046904315197,0,Regular Customers
12877.0,4,20,2942.14,10.737737226277371,687,0.029069767441860465,4,Loyal Customers
12878.0,236,2,854.99,18.191276595744682,29,0.06666666666666667,0,Regular Customers
12879.0,45,3,573.22,57.322,47,0.0625,0,Regular Customers
12880.0,382,2,640.13,17.781388888888888,192,0.010362694300518135,1,At-Risk Customers
12881.0,276,1,298.0,42.57142857142857,0,1.0,1,At-Risk Customers
12882.0,9,2,1463.04,112.54153846153847,24,0.08,0,Regular Customers
12883.0,25,4,703.47,16.749285714285715,64,0.06153846153846154,0,Regular Customers
12884.0,88,1,309.05,44.15,0,1.0,0,Regular Customers
12885.0,63,3,1175.22,16.552394366197184,60,0.04918032786885246,0,Regular Customers
12886.0,68,2,1378.4,16.809756097560978,151,0.013157894736842105,0,Regular Customers
12887.0,384,1,222.4,17.107692307692307,0,1.0,1,At-Risk Customers
12888.0,214,2,354.12,70.824,41,0.047619047619047616,0,Regular Customers
12889.0,381,4,385.46000000000004,15.418400000000002,121,0.03278688524590164,1,At-Risk Customers
12890.0,24,2,706.02,5.229777777777778,363,0.005494505494505495,0,Regular Customers
12891.0,186,11,840.5,76.4090909090909,473,0.023206751054852322,0,Regular Customers
12892.0,397,1,263.38,14.632222222222222,0,1.0,1,At-Risk Customers
12893.0,31,1,176.55,5.695161290322581,0,1.0,0,Regular Customers
12894.0,575,1,157.35,7.492857142857143,0,1.0,1,At-Risk Customers
12895.0,42,2,372.8,16.945454545454545,44,0.044444444444444446,0,Regular Customers
12897.0,205,4,514.25,36.732142857142854,339,0.011764705882352941,0,Regular Customers
12898.0,464,2,296.21000000000004,10.970740740740743,195,0.01020408163265306,1,At-Risk Customers
12899.0,414,1,366.4,21.552941176470586,0,1.0,1,At-Risk Customers
12900.0,422,1,340.33,26.179230769230767,0,1.0,1,At-Risk Customers
12901.0,9,28,17654.54,152.19431034482758,261,0.10687022900763359,4,Loyal Customers
12902.0,265,1,138.68,13.868,0,1.0,0,Regular Customers
12903.0,429,1,833.53,20.33,0,1.0,1,At-Risk Customers
12904.0,18,2,496.06,6.986760563380281,154,0.012903225806451613,0,Regular Customers
12905.0,577,2,1018.42,18.85962962962963,105,0.018867924528301886,1,At-Risk Customers
12906.0,12,5,2919.81,46.34619047619047,66,0.07462686567164178,0,Regular Customers
12907.0,396,2,508.91,20.3564,98,0.020202020202020204,1,At-Risk Customers
12908.0,176,5,1776.0,355.2,453,0.011013215859030838,0,Regular Customers
12909.0,40,8,3103.19,19.640443037974684,614,0.013008130081300813,0,Regular Customers
12910.0,23,13,5796.52,42.31036496350365,598,0.021702838063439065,0,Regular Customers
12911.0,552,1,1651.72,6.998813559322034,0,1.0,1,At-Risk Customers
12912.0,3,5,1662.3,69.2625,37,0.13157894736842105,0,Regular Customers
12913.0,5,13,6283.24,68.29608695652173,733,0.017711171662125342,0,Regular Customers
12914.0,401,1,223.98,24.886666666666667,0,1.0,1,At-Risk Customers
12915.0,149,4,975.1,16.25166666666667,440,0.009070294784580499,0,Regular Customers
12916.0,139,7,4479.73,26.044941860465112,545,0.01282051282051282,0,Regular Customers
12917.0,128,6,4359.2,87.184,602,0.009950248756218905,0,Regular Customers
12918.0,626,1,10953.5,10953.5,0,1.0,1,At-Risk Customers
12919.0,8,6,1335.19,26.7038,161,0.037037037037037035,0,Regular Customers
12920.0,17,4,486.64,8.248135593220338,707,0.005649717514124294,0,Regular Customers
12921.0,9,74,35233.24,23.504496330887257,729,0.10136986301369863,4,Loyal Customers
12922.0,161,1,405.38,14.477857142857143,0,1.0,0,Regular Customers
12923.0,64,3,770.42,12.840333333333332,511,0.005859375,0,Regular Customers
12924.0,88,12,2469.4,33.37027027027027,642,0.01866251944012442,0,Regular Customers
12925.0,5,3,729.3299999999999,14.586599999999999,588,0.0050933786078098476,0,Regular Customers
12926.0,411,4,1523.97,5.816679389312977,314,0.012698412698412698,1,At-Risk Customers
12927.0,395,1,197.31,17.937272727272727,0,1.0,1,At-Risk Customers
12928.0,35,12,4304.89,24.049664804469277,514,0.02330097087378641,0,Regular Customers
12929.0,312,1,117.85,14.73125,0,1.0,1,At-Risk Customers
12930.0,78,2,415.8,16.632,93,0.02127659574468085,0,Regular Customers
12931.0,22,57,92347.34,423.61165137614677,717,0.07938718662952646,3,Premium Customers
12932.0,539,8,1698.56,17.87957894736842,128,0.06201550387596899,1,At-Risk Customers
12933.0,24,8,1636.6299999999999,5.663079584775086,704,0.011347517730496455,0,Regular Customers
12934.0,737,1,181.65,90.825,0,1.0,1,At-Risk Customers
12935.0,2,15,4243.86,16.70811023622047,605,0.024752475247524754,0,Regular Customers
12936.0,17,4,1063.9,17.15967741935484,61,0.06451612903225806,0,Regular Customers
12937.0,15,9,3097.61,14.274700460829493,720,0.012482662968099861,0,Regular Customers
12938.0,26,1,114.14,12.682222222222222,0,1.0,0,Regular Customers
12939.0,64,20,25264.8,293.7767441860465,632,0.0315955766192733,4,Loyal Customers
12940.0,55,2,899.69,9.371770833333334,33,0.058823529411764705,0,Regular Customers
12941.0,724,1,377.49,13.981111111111112,0,1.0,1,At-Risk Customers
12942.0,131,3,675.6,9.651428571428571,234,0.01276595744680851,0,Regular Customers
12943.0,558,2,496.5,19.86,47,0.041666666666666664,1,At-Risk Customers
12944.0,36,2,604.51,20.150333333333332,319,0.00625,0,Regular Customers
12945.0,288,2,900.11,17.64921568627451,367,0.005434782608695652,1,At-Risk Customers
12946.0,437,1,324.45,16.2225,0,1.0,1,At-Risk Customers
12947.0,144,6,1603.99,16.535979381443298,229,0.02608695652173913,0,Regular Customers
12948.0,16,9,2317.43,18.53944,721,0.012465373961218837,0,Regular Customers
12949.0,31,22,15526.7,21.715664335664336,705,0.031161473087818695,4,Loyal Customers
12950.0,2,3,1843.0,80.1304347826087,21,0.13636363636363635,0,Regular Customers
12951.0,9,15,3213.7200000000003,16.56556701030928,689,0.021739130434782608,0,Regular Customers
12952.0,6,4,1387.79,17.566962025316457,72,0.0547945205479452,0,Regular Customers
12953.0,10,2,828.8100000000001,17.266875000000002,512,0.003898635477582846,0,Regular Customers
12954.0,639,1,162.45,16.244999999999997,0,1.0,1,At-Risk Customers
12955.0,1,11,4757.16,26.428666666666665,266,0.04119850187265917,0,Regular Customers
12956.0,306,4,521.89,12.425952380952381,417,0.009569377990430622,1,At-Risk Customers
12957.0,10,13,8706.97,17.769326530612243,718,0.01808066759388039,0,Regular Customers
12958.0,400,2,467.34,9.537551020408163,182,0.01092896174863388,1,At-Risk Customers
12959.0,484,1,150.95,18.86875,0,1.0,1,At-Risk Customers
12960.0,414,4,1322.07,18.886714285714284,247,0.016129032258064516,1,At-Risk Customers
12961.0,379,1,211.99,5.29975,0,1.0,1,At-Risk Customers
12962.0,7,2,266.39,16.649375,106,0.018691588785046728,0,Regular Customers
12963.0,8,12,3235.79,18.596494252873562,510,0.023483365949119372,0,Regular Customers
12964.0,437,1,132.24,5.086153846153847,0,1.0,1,At-Risk Customers
12965.0,89,1,769.8100000000001,7.1278703703703705,0,1.0,0,Regular Customers
12966.0,10,1,160.18,16.018,0,1.0,0,Regular Customers
12967.0,358,3,2938.52,45.208,25,0.11538461538461539,1,At-Risk Customers
12968.0,112,1,135.95,27.189999999999998,0,1.0,0,Regular Customers
12969.0,603,1,122.45,24.490000000000002,0,1.0,1,At-Risk Customers
12970.0,7,10,1453.6,4.213333333333333,728,0.013717421124828532,0,Regular Customers
12971.0,4,116,15704.6,38.586240786240786,720,0.1608876560332871,3,Premium Customers
12972.0,414,4,1161.2,15.08051948051948,247,0.016129032258064516,1,At-Risk Customers
12973.0,414,1,385.55,64.25833333333334,0,1.0,1,At-Risk Customers
12974.0,198,2,408.95,12.7796875,367,0.005434782608695652,0,Regular Customers
12975.0,437,6,2100.09,18.750803571428573,296,0.020202020202020204,1,At-Risk Customers
12976.0,212,8,3156.38,20.495974025974025,453,0.01762114537444934,0,Regular Customers
12977.0,156,4,513.88,8.86,355,0.011235955056179775,0,Regular Customers
12978.0,385,5,2502.82,15.35472392638037,344,0.014492753623188406,1,At-Risk Customers
12979.0,729,1,517.7,9.244642857142859,0,1.0,1,At-Risk Customers
12980.0,158,21,16245.78,312.4188461538462,579,0.03620689655172414,4,Loyal Customers
12981.0,30,2,372.21999999999997,18.610999999999997,103,0.019230769230769232,0,Regular Customers
12982.0,243,8,2744.81,15.420280898876404,363,0.02197802197802198,0,Regular Customers
12983.0,598,1,490.08000000000004,16.336000000000002,0,1.0,1,At-Risk Customers
12984.0,19,1,97.5,24.375,0,1.0,0,Regular Customers
12985.0,1,2,1239.38,16.30763157894737,27,0.07142857142857142,0,Regular Customers
12986.0,429,10,2729.84,26.763137254901963,259,0.038461538461538464,1,At-Risk Customers
12987.0,74,5,1312.21,19.881969696969698,615,0.008116883116883116,0,Regular Customers
12988.0,292,1,505.82,6.094216867469879,0,1.0,1,At-Risk Customers
12989.0,3,33,13551.75,139.70876288659792,726,0.0453920220082531,4,Loyal Customers
12990.0,31,7,955.5,35.388888888888886,588,0.011884550084889643,0,Regular Customers
12991.0,23,3,764.82,16.996000000000002,366,0.008174386920980926,0,Regular Customers
12992.0,725,1,93.35000000000001,15.558333333333335,0,1.0,1,At-Risk Customers
12993.0,23,8,1259.6299999999999,16.57407894736842,636,0.012558869701726845,0,Regular Customers
12994.0,4,3,974.4200000000001,15.97409836065574,264,0.011320754716981131,0,Regular Customers
12995.0,85,1,211.32,70.44,0,1.0,0,Regular Customers
12996.0,376,1,355.5,16.15909090909091,0,1.0,1,At-Risk Customers
12997.0,22,8,2110.91,19.728130841121494,590,0.01353637901861252,0,Regular Customers
12998.0,493,3,920.08,15.86344827586207,160,0.018633540372670808,1,At-Risk Customers
12999.0,196,3,455.88,16.28142857142857,49,0.06,0,Regular Customers
13000.0,107,4,1032.5,16.653225806451612,618,0.006462035541195477,0,Regular Customers
13001.0,4,33,24042.65,23.687339901477834,731,0.045081967213114756,4,Loyal Customers
13002.0,318,3,414.13,18.00565217391304,116,0.02564102564102564,1,At-Risk Customers
13003.0,106,3,149.05,24.84166666666667,109,0.02727272727272727,0,Regular Customers
13004.0,12,36,11650.85,14.295521472392638,713,0.05042016806722689,4,Loyal Customers
13005.0,174,4,999.68,17.85142857142857,283,0.014084507042253521,0,Regular Customers
13006.0,56,1,81.57,20.3925,0,1.0,0,Regular Customers
13007.0,580,1,175.25,15.931818181818182,0,1.0,1,At-Risk Customers
13008.0,323,3,612.13,17.489428571428572,399,0.0075,1,At-Risk Customers
13009.0,673,1,234.0,58.5,0,1.0,1,At-Risk Customers
13010.0,374,2,330.12,27.51,274,0.007272727272727273,1,At-Risk Customers
13011.0,372,1,50.550000000000004,16.85,0,1.0,1,At-Risk Customers
13012.0,9,11,2957.83,19.33222222222222,582,0.018867924528301886,0,Regular Customers
13013.0,1,29,11097.43,22.787330595482548,724,0.04,4,Loyal Customers
13014.0,11,11,5381.08,24.02267857142857,422,0.026004728132387706,0,Regular Customers
13015.0,53,11,6579.78,18.907413793103448,549,0.02,0,Regular Customers
13016.0,73,3,789.89,16.806170212765956,49,0.06,0,Regular Customers
13017.0,7,1,204.0,204.0,0,1.0,0,Regular Customers
13018.0,16,35,9763.16,16.190978441127694,632,0.05529225908372828,4,Loyal Customers
13019.0,379,6,1229.95,22.362727272727273,353,0.01694915254237288,1,At-Risk Customers
13020.0,563,2,618.96,15.870769230769232,97,0.02040816326530612,1,At-Risk Customers
13021.0,4,17,4887.24,19.016498054474706,730,0.023255813953488372,0,Regular Customers
13022.0,430,1,65.3,13.059999999999999,0,1.0,1,At-Risk Customers
13023.0,64,3,1449.03,19.066184210526316,464,0.0064516129032258064,0,Regular Customers
13024.0,471,2,555.87,17.931290322580644,111,0.017857142857142856,1,At-Risk Customers
13025.0,732,1,323.39,24.876153846153844,0,1.0,1,At-Risk Customers
13026.0,1,9,1733.08,21.13512195121951,725,0.012396694214876033,0,Regular Customers
13027.0,114,19,17239.2,202.81411764705882,574,0.03304347826086956,4,Loyal Customers
13028.0,23,2,661.3199999999999,14.695999999999998,22,0.08695652173913043,0,Regular Customers
13029.0,31,5,1927.3,113.37058823529412,492,0.010141987829614604,0,Regular Customers
13030.0,11,2,752.4399999999999,8.178695652173912,356,0.0056022408963585435,0,Regular Customers
13031.0,407,5,3292.84,8.090515970515971,147,0.033783783783783786,1,At-Risk Customers
13032.0,52,9,2815.96,13.603671497584541,408,0.022004889975550123,0,Regular Customers
13033.0,357,2,220.55,16.965384615384615,72,0.0273972602739726,1,At-Risk Customers
13034.0,55,3,756.82,17.200454545454548,346,0.008645533141210375,0,Regular Customers
13035.0,74,3,1364.2,32.48095238095238,357,0.008379888268156424,0,Regular Customers
13036.0,685,1,307.1,51.18333333333334,0,1.0,1,At-Risk Customers
13037.0,138,12,3914.9500000000003,16.87478448275862,597,0.020066889632107024,0,Regular Customers
13038.0,80,3,908.46,32.445,210,0.014218009478672985,0,Regular Customers
13039.0,584,4,1010.73,18.37690909090909,138,0.02877697841726619,1,At-Risk Customers
13040.0,9,2,676.99,15.743953488372092,24,0.08,0,Regular Customers
13041.0,451,4,799.13,22.832285714285714,139,0.02857142857142857,1,At-Risk Customers
13042.0,598,3,1488.59,8.09016304347826,133,0.022388059701492536,1,At-Risk Customers
13043.0,273,1,516.42,39.72461538461538,0,1.0,1,At-Risk Customers
13044.0,291,11,4848.05,11.653966346153847,409,0.026829268292682926,1,At-Risk Customers
13045.0,99,3,808.92,17.976,387,0.007731958762886598,0,Regular Customers
13046.0,31,3,949.25,16.950892857142858,425,0.007042253521126761,0,Regular Customers
13047.0,32,24,8428.53,22.297698412698413,692,0.03463203463203463,4,Loyal Customers
13048.0,14,9,4049.13,15.279735849056603,667,0.01347305389221557,0,Regular Customers
13049.0,64,4,1408.24,54.16307692307692,336,0.011869436201780416,0,Regular Customers
13050.0,15,35,11986.52,12.181422764227642,709,0.04929577464788732,4,Loyal Customers
13051.0,579,2,155.8,38.95,40,0.04878048780487805,1,At-Risk Customers
13052.0,212,7,3119.33,12.577943548387097,442,0.01580135440180587,0,Regular Customers
13053.0,622,1,127.65,7.508823529411765,0,1.0,1,At-Risk Customers
13055.0,78,4,2321.11,15.072142857142858,351,0.011363636363636364,0,Regular Customers
13056.0,551,1,209.48,11.025263157894736,0,1.0,1,At-Risk Customers
13057.0,530,3,709.59,17.73975,101,0.029411764705882353,1,At-Risk Customers
13058.0,25,3,271.40000000000003,33.925000000000004,127,0.0234375,0,Regular Customers
13059.0,250,10,2291.77,11.574595959595959,368,0.02710027100271003,0,Regular Customers
13060.0,254,1,307.53,20.502,0,1.0,0,Regular Customers
13061.0,72,1,248.61,24.861,0,1.0,0,Regular Customers
13062.0,191,1,346.98,31.543636363636367,0,1.0,0,Regular Customers
13063.0,481,1,188.4,15.700000000000001,0,1.0,1,At-Risk Customers
13064.0,13,6,1666.8400000000001,17.923010752688175,579,0.010344827586206896,0,Regular Customers
13065.0,373,5,1055.05,17.016935483870967,174,0.02857142857142857,1,At-Risk Customers
13066.0,24,2,470.8,9.808333333333334,7,0.25,0,Regular Customers
13067.0,82,3,508.51,15.8909375,363,0.008241758241758242,0,Regular Customers
13068.0,10,2,344.0,172.0,309,0.0064516129032258064,0,Regular Customers
13069.0,1,38,9284.45,8.944556840077071,542,0.06998158379373849,4,Loyal Customers
13070.0,192,4,751.7,22.77878787878788,539,0.007407407407407408,0,Regular Customers
13071.0,612,1,129.22,10.768333333333333,0,1.0,1,At-Risk Customers
13072.0,267,1,177.15,25.307142857142857,0,1.0,1,At-Risk Customers
13073.0,411,2,418.08,15.484444444444444,26,0.07407407407407407,1,At-Risk Customers
13074.0,511,4,1378.74,47.54275862068965,212,0.018779342723004695,1,At-Risk Customers
13075.0,130,1,919.61,41.80045454545455,0,1.0,0,Regular Customers
13076.0,458,1,135.4,15.044444444444444,0,1.0,1,At-Risk Customers
13077.0,1,11,2740.65,8.305,727,0.01510989010989011,0,Regular Customers
13078.0,3,57,29018.06,36.685284450063214,735,0.07744565217391304,4,Loyal Customers
13079.0,4,6,419.18,24.657647058823528,413,0.014492753623188406,0,Regular Customers
13080.0,179,4,280.73,14.775263157894738,430,0.009280742459396751,0,Regular Customers
13081.0,12,28,56838.37,24.929109649122807,719,0.03888888888888889,4,Loyal Customers
13082.0,126,21,7335.75,56.866279069767444,591,0.03547297297297297,4,Loyal Customers
13083.0,4,3,395.43,17.974090909090908,421,0.0071090047393364926,0,Regular Customers
13084.0,492,1,122.39999999999999,61.199999999999996,0,1.0,1,At-Risk Customers
13085.0,158,8,2433.28,28.96761904761905,581,0.013745704467353952,0,Regular Customers
13086.0,383,1,439.33000000000004,9.34744680851064,0,1.0,1,At-Risk Customers
13087.0,726,1,313.64,20.909333333333333,0,1.0,1,At-Risk Customers
13088.0,417,1,236.11,11.8055,0,1.0,1,At-Risk Customers
13089.0,3,203,113416.91,34.21324585218703,734,0.2761904761904762,3,Premium Customers
13090.0,9,24,13091.74,47.78007299270073,485,0.04938271604938271,4,Loyal Customers
13091.0,28,3,2321.82,51.596000000000004,701,0.004273504273504274,0,Regular Customers
13092.0,71,12,2140.28,20.38361904761905,597,0.020066889632107024,0,Regular Customers
13093.0,276,55,54144.25,52.212391513982645,460,0.1193058568329718,4,Loyal Customers
13094.0,21,13,2209.44,76.18758620689655,367,0.035326086956521736,0,Regular Customers
13095.0,71,1,74.39999999999999,12.399999999999999,0,1.0,0,Regular Customers
13096.0,394,1,419.70000000000005,419.70000000000005,0,1.0,1,At-Risk Customers
13097.0,33,28,13324.1,13.271015936254981,705,0.039660056657223795,4,Loyal Customers
13098.0,1,28,28882.44,50.49377622377622,316,0.08832807570977919,4,Loyal Customers
13099.0,99,1,207.35999999999999,207.35999999999999,0,1.0,0,Regular Customers
13101.0,234,4,695.4,13.635294117647058,446,0.008948545861297539,0,Regular Customers
13102.0,1,37,11380.1,23.65925155925156,580,0.06368330464716007,4,Loyal Customers
13103.0,40,3,709.64,21.504242424242424,537,0.0055762081784386614,0,Regular Customers
13104.0,3,9,1709.1,56.97,649,0.013846153846153847,0,Regular Customers
13105.0,436,1,72.0,72.0,0,1.0,1,At-Risk Customers
13106.0,133,2,603.46,37.71625,280,0.0071174377224199285,0,Regular Customers
13107.0,44,9,5253.07,29.511629213483143,629,0.014285714285714285,0,Regular Customers
13108.0,373,2,748.46,21.38457142857143,62,0.031746031746031744,1,At-Risk Customers
13109.0,60,3,1134.03,16.20042857142857,491,0.006097560975609756,0,Regular Customers
13110.0,31,12,2957.4700000000003,11.735992063492064,707,0.01694915254237288,0,Regular Customers
13111.0,719,1,321.88000000000005,26.823333333333338,0,1.0,1,At-Risk Customers
13112.0,541,1,20.6,10.3,0,1.0,1,At-Risk Customers
13113.0,1,37,18230.07,48.355623342175065,620,0.05958132045088567,4,Loyal Customers
13114.0,731,1,234.38,14.64875,0,1.0,1,At-Risk Customers
13115.0,12,10,5494.7,17.49904458598726,587,0.017006802721088437,0,Regular Customers
13116.0,138,1,501.14,16.704666666666665,0,1.0,0,Regular Customers
13117.0,22,18,2255.66,13.923827160493826,601,0.029900332225913623,0,Regular Customers
13118.0,20,9,2415.41,16.320337837837837,419,0.02142857142857143,0,Regular Customers
13119.0,669,1,134.9,12.263636363636364,0,1.0,1,At-Risk Customers
13120.0,239,1,30.599999999999998,30.599999999999998,0,1.0,0,Regular Customers
13121.0,269,1,283.73,5.674600000000001,0,1.0,1,At-Risk Customers
13122.0,94,2,922.39,16.77072727272727,146,0.013605442176870748,0,Regular Customers
13123.0,473,2,506.75,11.261111111111111,56,0.03508771929824561,1,At-Risk Customers
13124.0,90,4,4641.66,16.401625441696112,295,0.013513513513513514,0,Regular Customers
13125.0,524,1,148.62,7.431,0,1.0,1,At-Risk Customers
13126.0,5,13,3774.81,15.860546218487395,642,0.02021772939346812,0,Regular Customers
13127.0,78,1,259.17,17.278000000000002,0,1.0,0,Regular Customers
13128.0,631,1,263.5,263.5,0,1.0,1,At-Risk Customers
13129.0,452,2,233.25,21.204545454545453,77,0.02564102564102564,1,At-Risk Customers
13130.0,94,1,64.0,32.0,0,1.0,0,Regular Customers
13131.0,23,7,3313.77,22.24006711409396,645,0.010835913312693499,0,Regular Customers
13132.0,262,1,77.3,25.766666666666666,0,1.0,0,Regular Customers
13133.0,274,3,200.45000000000002,16.70416666666667,185,0.016129032258064516,1,At-Risk Customers
13134.0,86,6,2475.23,20.456446280991734,330,0.01812688821752266,0,Regular Customers
13135.0,197,2,3371.45,187.30277777777778,294,0.006779661016949152,0,Regular Customers
13136.0,56,13,6274.56,19.919238095238097,674,0.01925925925925926,0,Regular Customers
13137.0,11,16,7586.94,5.442568149210904,491,0.032520325203252036,0,Regular Customers
13138.0,22,7,1274.01,14.98835294117647,374,0.018666666666666668,0,Regular Customers
13139.0,16,8,8202.98,30.954641509433962,421,0.018957345971563982,0,Regular Customers
13140.0,108,5,1054.92,10.046857142857144,382,0.013054830287206266,0,Regular Customers
13141.0,85,17,7656.08,18.056792452830187,645,0.02631578947368421,0,Regular Customers
13142.0,19,1,307.09,13.351739130434781,0,1.0,0,Regular Customers
13143.0,585,1,405.1,17.61304347826087,0,1.0,1,At-Risk Customers
13144.0,333,2,135.35,22.558333333333334,98,0.020202020202020204,1,At-Risk Customers
13145.0,40,7,1128.52,125.39111111111112,560,0.012477718360071301,0,Regular Customers
13146.0,26,1,228.91,13.465294117647058,0,1.0,0,Regular Customers
13147.0,10,4,712.8000000000001,178.20000000000002,89,0.044444444444444446,0,Regular Customers
13148.0,29,26,8497.82,11.13737876802097,702,0.03698435277382646,4,Loyal Customers
13149.0,14,4,1676.06,19.48906976744186,274,0.014545454545454545,0,Regular Customers
13150.0,484,3,449.96999999999997,56.246249999999996,146,0.02040816326530612,1,At-Risk Customers
13151.0,296,3,2465.21,15.602594936708861,332,0.009009009009009009,1,At-Risk Customers
13152.0,417,7,2146.38,15.899111111111113,277,0.025179856115107913,1,At-Risk Customers
13153.0,6,1,486.22,32.41466666666667,0,1.0,0,Regular Customers
13154.0,399,3,1624.84,17.471397849462363,336,0.008902077151335312,1,At-Risk Customers
13155.0,33,6,1370.48,12.236428571428572,458,0.013071895424836602,0,Regular Customers
13156.0,385,3,1586.54,15.255192307692308,290,0.010309278350515464,1,At-Risk Customers
13157.0,49,9,5687.36,22.658804780876494,592,0.01517706576728499,0,Regular Customers
13158.0,95,5,1508.18,15.081800000000001,293,0.017006802721088437,0,Regular Customers
13159.0,9,4,1429.35,11.911249999999999,106,0.037383177570093455,0,Regular Customers
13160.0,22,1,91.8,22.95,0,1.0,0,Regular Customers
13161.0,313,2,472.13,14.306969696969697,187,0.010638297872340425,1,At-Risk Customers
13162.0,122,16,9275.49,38.972647058823526,613,0.026058631921824105,0,Regular Customers
13163.0,610,1,17.65,8.825,0,1.0,1,At-Risk Customers
13164.0,569,2,372.2,37.22,98,0.020202020202020204,1,At-Risk Customers
13165.0,46,3,1451.16,29.615510204081634,366,0.008174386920980926,0,Regular Customers
13166.0,283,2,875.93,12.881323529411764,131,0.015151515151515152,1,At-Risk Customers
13167.0,19,5,1125.15,13.890740740740743,371,0.013440860215053764,0,Regular Customers
13168.0,36,5,1840.73,10.640057803468208,505,0.009881422924901186,0,Regular Customers
13169.0,64,3,840.08,46.67111111111112,498,0.006012024048096192,0,Regular Customers
13170.0,27,1,108.81,3.6270000000000002,0,1.0,0,Regular Customers
13171.0,22,3,468.41,10.182826086956522,277,0.01079136690647482,0,Regular Customers
13172.0,400,1,69.6,69.6,0,1.0,1,At-Risk Customers
13173.0,4,11,2399.82,11.110277777777778,725,0.015151515151515152,0,Regular Customers
13174.0,16,12,7995.36,8.523837953091684,718,0.016689847009735744,0,Regular Customers
13175.0,582,2,831.45,18.075,153,0.012987012987012988,1,At-Risk Customers
13176.0,46,1,481.49,7.186417910447761,0,1.0,0,Regular Customers
13177.0,65,2,512.2,17.073333333333334,365,0.00546448087431694,0,Regular Customers
13178.0,26,21,14059.19,20.46461426491994,697,0.03008595988538682,4,Loyal Customers
13179.0,619,1,572.3100000000001,16.832647058823532,0,1.0,1,At-Risk Customers
13180.0,607,1,86.10000000000001,21.525000000000002,0,1.0,1,At-Risk Customers
13181.0,381,1,359.69,18.931052631578947,0,1.0,1,At-Risk Customers
13182.0,45,1,121.18,11.016363636363637,0,1.0,0,Regular Customers
13183.0,8,15,7036.18,45.10371794871795,627,0.02388535031847134,0,Regular Customers
13184.0,15,10,1668.95,9.323743016759776,275,0.036231884057971016,0,Regular Customers
13185.0,268,1,71.4,71.4,0,1.0,1,At-Risk Customers
13186.0,40,3,1575.89,19.947974683544306,89,0.03333333333333333,0,Regular Customers
13187.0,337,4,341.36,6.095714285714286,287,0.013888888888888888,1,At-Risk Customers
13188.0,11,1,114.60000000000001,57.300000000000004,0,1.0,0,Regular Customers
13189.0,19,2,260.68,8.988965517241379,96,0.020618556701030927,0,Regular Customers
13190.0,544,3,570.66,33.56823529411764,188,0.015873015873015872,1,At-Risk Customers
13191.0,658,1,164.69,2.79135593220339,0,1.0,1,At-Risk Customers
13192.0,95,6,2558.58,15.793703703703704,591,0.010135135135135136,0,Regular Customers
13193.0,61,1,112.08,4.4832,0,1.0,0,Regular Customers
13194.0,136,2,472.78,47.278,285,0.006993006993006993,0,Regular Customers
13195.0,414,1,136.73,2.972391304347826,0,1.0,1,At-Risk Customers
13196.0,11,7,3068.84,16.323617021276597,606,0.011532125205930808,0,Regular Customers
13197.0,610,1,373.01000000000005,19.632105263157897,0,1.0,1,At-Risk Customers
13198.0,10,8,4974.2300000000005,15.841496815286625,424,0.018823529411764704,0,Regular Customers
13199.0,4,67,15964.210000000001,78.64142857142858,731,0.09153005464480875,4,Loyal Customers
13200.0,19,4,870.09,18.915,107,0.037037037037037035,0,Regular Customers
13201.0,502,4,1233.06,14.337906976744186,140,0.028368794326241134,1,At-Risk Customers
13202.0,394,7,1580.3,22.902898550724636,336,0.020771513353115726,1,At-Risk Customers
13203.0,10,10,2648.25,15.670118343195266,712,0.014025245441795231,0,Regular Customers
13204.0,731,1,966.6600000000001,16.958947368421054,0,1.0,1,At-Risk Customers
13205.0,443,1,2803.2,2803.2,0,1.0,1,At-Risk Customers
13206.0,400,13,8308.19,14.678780918727917,332,0.03903903903903904,1,At-Risk Customers
13207.0,15,4,535.86,41.22,596,0.006700167504187605,0,Regular Customers
13208.0,59,9,1976.3,7.842460317460318,677,0.01327433628318584,0,Regular Customers
13209.0,30,13,8509.51,23.25002732240437,653,0.019877675840978593,0,Regular Customers
13210.0,94,1,353.48,16.067272727272726,0,1.0,0,Regular Customers
13211.0,10,10,2618.77,13.028706467661692,722,0.013831258644536652,0,Regular Customers
13212.0,20,3,786.83,5.580354609929079,41,0.07142857142857142,0,Regular Customers
13213.0,57,11,3851.52,18.88,511,0.021484375,0,Regular Customers
13214.0,418,7,3264.23,14.254279475982532,228,0.03056768558951965,1,At-Risk Customers
13215.0,402,1,81.6,81.6,0,1.0,1,At-Risk Customers
13216.0,268,1,333.74,66.748,0,1.0,1,At-Risk Customers
13217.0,122,4,666.48,133.296,533,0.00749063670411985,0,Regular Customers
13218.0,127,1,62.63999999999999,12.527999999999999,0,1.0,0,Regular Customers
13219.0,618,1,76.23,6.930000000000001,0,1.0,1,At-Risk Customers
13220.0,78,5,1336.0900000000001,25.20924528301887,497,0.010040160642570281,0,Regular Customers
13221.0,240,2,847.41,12.839545454545455,119,0.016666666666666666,0,Regular Customers
13222.0,577,1,88.5,88.5,0,1.0,1,At-Risk Customers
13223.0,200,6,969.1200000000001,74.54769230769232,464,0.012903225806451613,0,Regular Customers
13224.0,60,2,2155.95,19.9625,91,0.021739130434782608,0,Regular Customers
13225.0,3,16,16260.07,130.08056,719,0.022222222222222223,4,Loyal Customers
13226.0,273,2,312.46,11.159285714285714,120,0.01652892561983471,1,At-Risk Customers
13227.0,202,1,257.7,28.633333333333333,0,1.0,0,Regular Customers
13228.0,81,1,358.0,179.0,0,1.0,0,Regular Customers
13229.0,226,1,160.95,16.095,0,1.0,0,Regular Customers
13230.0,4,30,6120.01,4.892094324540368,626,0.04784688995215311,4,Loyal Customers
13232.0,13,7,1328.35,6.575990099009901,230,0.030303030303030304,0,Regular Customers
13233.0,74,4,1176.46,15.479736842105263,619,0.0064516129032258064,0,Regular Customers
13234.0,673,2,346.5,5.680327868852459,59,0.03333333333333333,1,At-Risk Customers
13235.0,212,1,1031.07,17.77706896551724,0,1.0,0,Regular Customers
13236.0,25,2,744.85,20.69027777777778,82,0.024096385542168676,0,Regular Customers
13237.0,388,1,643.0,26.791666666666668,0,1.0,1,At-Risk Customers
13238.0,17,6,1006.63,21.417659574468086,573,0.010452961672473868,0,Regular Customers
13239.0,262,5,1594.69,17.14720430107527,240,0.02074688796680498,0,Regular Customers
13240.0,96,8,1475.79,7.342238805970149,556,0.01436265709156194,0,Regular Customers
13241.0,412,1,112.53,2.81325,0,1.0,1,At-Risk Customers
13242.0,112,7,699.4,19.982857142857142,555,0.012589928057553957,0,Regular Customers
13243.0,203,5,1220.38,5.953073170731708,428,0.011655011655011656,0,Regular Customers
13244.0,93,1,121.74000000000001,4.508888888888889,0,1.0,0,Regular Customers
13245.0,51,2,989.22,21.982666666666667,381,0.005235602094240838,0,Regular Customers
13246.0,18,11,3351.75,9.034366576819407,507,0.021653543307086614,0,Regular Customers
13247.0,18,4,501.12,20.0448,64,0.06153846153846154,0,Regular Customers
13248.0,125,2,465.68,17.91076923076923,64,0.03076923076923077,0,Regular Customers
13249.0,92,9,1608.93,45.96942857142857,592,0.01517706576728499,0,Regular Customers
13250.0,461,2,253.09,13.320526315789474,41,0.047619047619047616,1,At-Risk Customers
13251.0,402,1,252.68,10.1072,0,1.0,1,At-Risk Customers
13252.0,394,2,399.3,21.01578947368421,231,0.008620689655172414,1,At-Risk Customers
13253.0,157,4,2951.11,39.34813333333334,546,0.007312614259597806,0,Regular Customers
13254.0,376,1,51.410000000000004,12.852500000000001,0,1.0,1,At-Risk Customers
13255.0,9,3,678.76,26.106153846153845,502,0.005964214711729622,0,Regular Customers
13257.0,436,1,149.75,21.392857142857142,0,1.0,1,At-Risk Customers
13258.0,12,5,1009.43,22.94159090909091,388,0.012853470437017995,0,Regular Customers
13259.0,62,9,1402.54,4.480958466453674,637,0.014106583072100314,0,Regular Customers
13260.0,61,1,557.62,69.7025,0,1.0,0,Regular Customers
13261.0,269,2,944.1,104.9,17,0.1111111111111111,0,Regular Customers
13262.0,263,3,573.45,11.469000000000001,337,0.008875739644970414,0,Regular Customers
13263.0,1,39,8676.2,4.554435695538058,411,0.09466019417475728,4,Loyal Customers
13264.0,443,1,722.5600000000001,19.014736842105265,0,1.0,1,At-Risk Customers
13265.0,53,5,2092.66,23.251777777777775,220,0.02262443438914027,0,Regular Customers
13266.0,11,19,6135.04,19.98384364820847,711,0.026685393258426966,4,Loyal Customers
13267.0,3,36,9429.81,22.943576642335763,729,0.049315068493150684,4,Loyal Customers
13268.0,18,11,3174.75,7.331986143187067,249,0.044,0,Regular Customers
13269.0,1,28,8537.32,17.566502057613167,736,0.037991858887381276,4,Loyal Customers
13270.0,366,1,590.0,590.0,0,1.0,1,At-Risk Customers
13271.0,37,1,211.49,2.430919540229885,0,1.0,0,Regular Customers
13272.0,31,2,276.56,18.437333333333335,58,0.03389830508474576,0,Regular Customers
13273.0,113,1,138.98,8.68625,0,1.0,0,Regular Customers
13274.0,409,1,360.85,18.992105263157896,0,1.0,1,At-Risk Customers
13275.0,384,2,238.86,4.97625,248,0.008032128514056224,1,At-Risk Customers
13276.0,64,5,1891.91,7.915941422594143,578,0.008635578583765112,0,Regular Customers
13277.0,16,7,523.3,22.752173913043475,524,0.013333333333333334,0,Regular Customers
13278.0,41,4,1435.85,13.294907407407406,569,0.007017543859649123,0,Regular Customers
13279.0,78,1,137.75,15.305555555555555,0,1.0,0,Regular Customers
13280.0,122,7,2293.33,11.186975609756097,522,0.01338432122370937,0,Regular Customers
13281.0,439,1,350.85,15.947727272727274,0,1.0,1,At-Risk Customers
13282.0,18,4,1313.19,25.748823529411766,388,0.010282776349614395,0,Regular Customers
13283.0,60,4,373.36,18.668,580,0.0068846815834767644,0,Regular Customers
13284.0,331,1,201.19,15.476153846153846,0,1.0,1,At-Risk Customers
13285.0,23,6,3364.59,14.565324675324677,600,0.009983361064891847,0,Regular Customers
13286.0,600,1,734.91,14.998163265306122,0,1.0,1,At-Risk Customers
13287.0,603,3,781.59,14.746981132075472,101,0.029411764705882353,1,At-Risk Customers
13288.0,443,5,927.61,92.761,223,0.022321428571428572,1,At-Risk Customers
13289.0,724,1,307.95,19.246875,0,1.0,1,At-Risk Customers
13290.0,438,1,208.63,208.63,0,1.0,1,At-Risk Customers
13291.0,156,11,3270.79,10.285503144654088,510,0.021526418786692758,0,Regular Customers
13292.0,39,5,994.51,16.856101694915253,487,0.010245901639344262,0,Regular Customers
13293.0,392,6,1192.94,16.56861111111111,276,0.021660649819494584,1,At-Risk Customers
13294.0,190,3,1689.53,16.564019607843136,456,0.006564551422319475,0,Regular Customers
13295.0,360,4,1101.97,16.44731343283582,217,0.01834862385321101,1,At-Risk Customers
13296.0,137,6,792.51,14.953018867924529,439,0.013636363636363636,0,Regular Customers
13297.0,8,7,4368.62,35.51723577235772,534,0.013084112149532711,0,Regular Customers
13298.0,1,1,360.0,180.0,0,1.0,0,Regular Customers
13299.0,268,3,1218.7,19.656451612903226,260,0.011494252873563218,0,Regular Customers
13300.0,169,3,1285.51,23.37290909090909,404,0.007407407407407408,0,Regular Customers
13301.0,104,4,618.09,7.630740740740741,188,0.021164021164021163,0,Regular Customers
13302.0,155,2,159.2,53.06666666666666,371,0.005376344086021506,0,Regular Customers
13303.0,400,1,61.72,15.43,0,1.0,1,At-Risk Customers
13304.0,351,4,1217.99,15.61525641025641,318,0.012539184952978056,1,At-Risk Customers
13305.0,4,16,3616.41,18.08205,635,0.025157232704402517,0,Regular Customers
13306.0,430,1,53.65,13.4125,0,1.0,1,At-Risk Customers
13307.0,120,3,273.34,18.222666666666665,472,0.006342494714587738,0,Regular Customers
13308.0,23,4,1670.3700000000001,23.526338028169015,574,0.006956521739130435,0,Regular Customers
13309.0,7,6,1706.3700000000001,13.125923076923078,385,0.015544041450777202,0,Regular Customers
13310.0,28,5,1541.2,16.223157894736843,374,0.013333333333333334,0,Regular Customers
13311.0,4,2,598.57,23.02192307692308,145,0.0136986301369863,0,Regular Customers
13312.0,451,1,124.75,24.95,0,1.0,1,At-Risk Customers
13313.0,22,12,3445.32,18.424171122994654,715,0.01675977653631285,0,Regular Customers
13314.0,2,3,775.94,12.515161290322581,72,0.0410958904109589,0,Regular Customers
13315.0,689,1,310.26,14.102727272727272,0,1.0,1,At-Risk Customers
13316.0,37,10,12940.82,74.80242774566474,602,0.01658374792703151,0,Regular Customers
13317.0,66,19,6486.091,18.854915697674418,660,0.028744326777609682,4,Loyal Customers
13318.0,1,3,640.76,32.038,36,0.08108108108108109,0,Regular Customers
13319.0,5,58,21323.22,23.10208017334778,727,0.07967032967032966,4,Loyal Customers
13320.0,78,6,2211.6,14.842953020134228,400,0.014962593516209476,0,Regular Customers
13321.0,72,2,567.36,51.57818181818182,14,0.13333333333333333,0,Regular Customers
13322.0,17,1,199.48000000000002,7.9792000000000005,0,1.0,0,Regular Customers
13323.0,3,5,787.85,37.516666666666666,81,0.06097560975609756,0,Regular Customers
13324.0,36,18,10513.47,79.6475,527,0.03409090909090909,4,Loyal Customers
13325.0,82,1,675.3,56.275,0,1.0,0,Regular Customers
13326.0,432,1,281.76,21.673846153846153,0,1.0,1,At-Risk Customers
13327.0,39,20,9134.48,28.45632398753894,682,0.029282576866764276,4,Loyal Customers
13328.0,316,1,1308.48,76.96941176470588,0,1.0,1,At-Risk Customers
13329.0,32,8,4808.77,40.752288135593226,703,0.011363636363636364,0,Regular Customers
13330.0,93,6,2796.1,23.898290598290597,562,0.010657193605683837,0,Regular Customers
13331.0,402,1,262.4,21.866666666666664,0,1.0,1,At-Risk Customers
13332.0,14,1,350.9,16.70952380952381,0,1.0,0,Regular Customers
13333.0,411,3,1015.74,18.468,247,0.012096774193548387,1,At-Risk Customers
13334.0,82,5,6201.8,13.083966244725739,570,0.008756567425569177,0,Regular Customers
13336.0,77,1,795.12,15.590588235294117,0,1.0,0,Regular Customers
13337.0,546,1,1575.26,18.106436781609194,0,1.0,1,At-Risk Customers
13338.0,158,4,2445.62,19.10640625,545,0.007326007326007326,0,Regular Customers
13339.0,201,1,860.12,15.928148148148148,0,1.0,0,Regular Customers
13340.0,45,12,22100.56,102.79330232558141,609,0.019672131147540985,4,Loyal Customers
13341.0,261,1,775.85,18.472619047619048,0,1.0,0,Regular Customers
13343.0,178,1,353.43,18.60157894736842,0,1.0,0,Regular Customers
13344.0,68,3,2511.69,21.6525,209,0.014285714285714285,0,Regular Customers
13345.0,288,1,389.5,19.475,0,1.0,1,At-Risk Customers
13346.0,463,6,299.4,49.9,133,0.04477611940298507,1,At-Risk Customers
13347.0,70,1,341.36,42.67,0,1.0,0,Regular Customers
13348.0,64,1,233.76,16.697142857142858,0,1.0,0,Regular Customers
13349.0,11,1,247.32,15.4575,0,1.0,0,Regular Customers
13350.0,16,2,979.12,24.478,63,0.03125,0,Regular Customers
13351.0,66,1,373.94,23.37125,0,1.0,0,Regular Customers
13352.0,60,1,397.97999999999996,16.5825,0,1.0,0,Regular Customers
13354.0,71,1,743.53,14.579019607843136,0,1.0,0,Regular Customers
13355.0,122,1,674.7,21.084375,0,1.0,0,Regular Customers
13356.0,80,1,768.24,18.291428571428572,0,1.0,0,Regular Customers
13357.0,257,5,3805.5099999999998,9.658654822335025,369,0.013513513513513514,0,Regular Customers
13358.0,269,1,439.03,15.138965517241378,0,1.0,1,At-Risk Customers
13359.0,64,2,1043.31,18.630535714285713,339,0.0058823529411764705,0,Regular Customers
13360.0,432,4,1553.65,23.540151515151518,269,0.014814814814814815,1,At-Risk Customers
13361.0,472,2,1450.5,42.661764705882355,145,0.0136986301369863,1,At-Risk Customers
13362.0,9,7,5394.07,18.100906040268455,415,0.016826923076923076,0,Regular Customers
13363.0,18,3,1723.86,16.900588235294116,392,0.007633587786259542,0,Regular Customers
13364.0,71,1,134.95999999999998,13.495999999999999,0,1.0,0,Regular Customers
13365.0,34,2,2225.37,17.385703125,184,0.010810810810810811,0,Regular Customers
13366.0,50,1,56.160000000000004,56.160000000000004,0,1.0,0,Regular Customers
13367.0,432,1,510.20000000000005,25.51,0,1.0,1,At-Risk Customers
13368.0,257,4,1121.5,21.567307692307693,166,0.023952095808383235,0,Regular Customers
13369.0,366,1,308.28000000000003,22.020000000000003,0,1.0,1,At-Risk Customers
13370.0,372,1,754.87,19.355641025641027,0,1.0,1,At-Risk Customers
13371.0,505,2,2297.66,24.9745652173913,127,0.015625,1,At-Risk Customers
13372.0,90,1,378.64,16.46260869565217,0,1.0,0,Regular Customers
13373.0,61,6,7587.1900000000005,21.193268156424583,672,0.008915304606240713,0,Regular Customers
13374.0,415,2,422.8,24.870588235294118,34,0.05714285714285714,1,At-Risk Customers
13375.0,89,2,1792.23,25.242676056338027,356,0.0056022408963585435,0,Regular Customers
13376.0,99,3,1019.76,19.240754716981133,135,0.022058823529411766,0,Regular Customers
13377.0,397,2,1552.88,19.90871794871795,249,0.008,1,At-Risk Customers
13379.0,26,3,572.56,5.902680412371134,110,0.02702702702702703,0,Regular Customers
13380.0,433,1,62.4,20.8,0,1.0,1,At-Risk Customers
13381.0,32,12,8224.37,23.102162921348317,706,0.016973125884016973,0,Regular Customers
13382.0,281,5,1387.58,16.134651162790696,451,0.011061946902654867,1,At-Risk Customers
13383.0,544,1,305.28000000000003,305.28000000000003,0,1.0,1,At-Risk Customers
13384.0,31,11,6680.83,25.30617424242424,469,0.023404255319148935,0,Regular Customers
13385.0,330,1,534.57,15.273428571428573,0,1.0,1,At-Risk Customers
13386.0,414,2,835.46,26.950322580645164,22,0.08695652173913043,1,At-Risk Customers
13387.0,417,1,186.94,2.632957746478873,0,1.0,1,At-Risk Customers
13388.0,131,3,1185.65,17.183333333333334,472,0.006342494714587738,0,Regular Customers
13389.0,11,3,797.96,15.646274509803922,221,0.013513513513513514,0,Regular Customers
13390.0,75,1,544.08,41.8523076923077,0,1.0,0,Regular Customers
13391.0,204,1,59.8,59.8,0,1.0,0,Regular Customers
13392.0,677,1,91.14,11.3925,0,1.0,1,At-Risk Customers
13393.0,584,4,1131.45,16.397826086956524,148,0.026845637583892617,1,At-Risk Customers
13394.0,2,19,6621.7,16.18997555012225,736,0.025780189959294438,4,Loyal Customers
13395.0,185,3,1180.23,14.57074074074074,236,0.012658227848101266,0,Regular Customers
13396.0,29,2,1360.99,31.65093023255814,290,0.006872852233676976,0,Regular Customers
13397.0,73,10,3191.87,35.863707865168536,616,0.01620745542949757,0,Regular Customers
13398.0,192,2,670.34,17.18820512820513,256,0.007782101167315175,0,Regular Customers
13399.0,464,3,275.4,18.36,54,0.05454545454545454,1,At-Risk Customers
13400.0,583,1,310.83,13.514347826086956,0,1.0,1,At-Risk Customers
13402.0,127,4,1226.8500000000001,15.52974683544304,437,0.0091324200913242,0,Regular Customers
13403.0,18,3,229.5,25.5,705,0.00424929178470255,0,Regular Customers
13404.0,1,2,252.49,22.953636363636363,211,0.009433962264150943,0,Regular Customers
13405.0,74,6,1213.811,28.228162790697674,650,0.009216589861751152,0,Regular Customers
13406.0,427,2,568.92,63.21333333333333,204,0.00975609756097561,1,At-Risk Customers
13407.0,579,3,2244.7,26.408235294117645,83,0.03571428571428571,1,At-Risk Customers
13408.0,2,106,50174.782,60.74428813559322,733,0.1444141689373297,3,Premium Customers
13410.0,24,9,2201.96,44.0392,707,0.012711864406779662,0,Regular Customers
13411.0,107,1,213.55,11.863888888888889,0,1.0,0,Regular Customers
13412.0,620,1,487.34999999999997,14.333823529411763,0,1.0,1,At-Risk Customers
13413.0,640,6,429.44,9.986976744186046,47,0.125,1,At-Risk Customers
13414.0,134,6,2494.14,45.348,469,0.01276595744680851,0,Regular Customers
13415.0,473,4,784.17,7.764059405940594,255,0.015625,1,At-Risk Customers
13416.0,44,3,940.8000000000001,36.184615384615384,692,0.004329004329004329,0,Regular Customers
13417.0,5,6,1669.49,21.681688311688312,664,0.009022556390977444,0,Regular Customers
13418.0,12,31,11559.66,21.526368715083798,716,0.043235704323570434,4,Loyal Customers
13419.0,64,1,221.06,13.81625,0,1.0,0,Regular Customers
13420.0,150,2,159.85,19.98125,20,0.09523809523809523,0,Regular Customers
13421.0,40,8,4058.75,15.316037735849056,622,0.012841091492776886,0,Regular Customers
13422.0,64,1,2626.3,20.67952755905512,0,1.0,0,Regular Customers
13423.0,429,1,217.03,18.085833333333333,0,1.0,1,At-Risk Customers
13424.0,450,1,572.77,14.31925,0,1.0,1,At-Risk Customers
13425.0,108,5,3390.4300000000003,19.154971751412432,471,0.01059322033898305,0,Regular Customers
13426.0,1,22,8167.38,23.811603498542276,729,0.030136986301369864,4,Loyal Customers
13427.0,19,6,1006.53,19.356346153846154,702,0.008534850640113799,0,Regular Customers
13428.0,10,3,478.54,3.46768115942029,504,0.005940594059405941,0,Regular Customers
13429.0,11,4,1006.8,15.02686567164179,64,0.06153846153846154,0,Regular Customers
13430.0,19,2,679.45,13.866326530612247,67,0.029411764705882353,0,Regular Customers
13431.0,67,8,3316.24,25.707286821705424,592,0.013490725126475547,0,Regular Customers
13432.0,571,2,439.1,3.955855855855856,40,0.04878048780487805,1,At-Risk Customers
13433.0,501,4,658.3199999999999,27.429999999999996,195,0.02040816326530612,1,At-Risk Customers
13434.0,74,5,1666.8600000000001,47.624571428571436,581,0.00859106529209622,0,Regular Customers
13435.0,5,9,4447.33,29.84785234899329,494,0.01818181818181818,0,Regular Customers
13436.0,2,1,196.89,16.4075,0,1.0,0,Regular Customers
13437.0,14,7,3408.06,20.40754491017964,175,0.03977272727272727,0,Regular Customers
13438.0,547,1,46.5,46.5,0,1.0,1,At-Risk Customers
13439.0,255,3,986.61,5.907844311377246,270,0.01107011070110701,0,Regular Customers
13440.0,423,7,1295.25,21.953389830508474,28,0.2413793103448276,1,At-Risk Customers
13441.0,92,2,720.9,18.971052631578946,339,0.0058823529411764705,0,Regular Customers
13442.0,667,3,419.87,11.04921052631579,70,0.04225352112676056,1,At-Risk Customers
13443.0,449,6,1273.16,6.3658,228,0.026200873362445413,1,At-Risk Customers
13444.0,374,2,619.08,10.861052631578948,131,0.015151515151515152,1,At-Risk Customers
13445.0,626,1,241.89999999999998,34.55714285714286,0,1.0,1,At-Risk Customers
13446.0,430,11,3881.89,20.218177083333334,233,0.04700854700854701,1,At-Risk Customers
13447.0,23,3,1129.14,19.137966101694918,12,0.23076923076923078,0,Regular Customers
13448.0,17,13,8745.93,16.408874296435272,717,0.018105849582172703,0,Regular Customers
13449.0,24,1,291.88,15.362105263157895,0,1.0,0,Regular Customers
13450.0,27,13,4120.04,28.027482993197278,576,0.022530329289428077,0,Regular Customers
13451.0,26,11,7090.06,6.937436399217222,601,0.018272425249169437,0,Regular Customers
13452.0,259,3,729.8,243.26666666666665,213,0.014018691588785047,0,Regular Customers
13453.0,166,3,781.6899999999999,19.54225,236,0.012658227848101266,0,Regular Customers
13454.0,641,1,219.87,9.559565217391304,0,1.0,1,At-Risk Customers
13455.0,25,6,2212.9900000000002,19.412192982456144,706,0.008486562942008486,0,Regular Customers
13456.0,18,6,1766.72,28.043174603174602,189,0.031578947368421054,0,Regular Customers
13457.0,689,2,148.22,16.468888888888888,48,0.04081632653061224,1,At-Risk Customers
13458.0,7,16,11959.27,24.658288659793815,381,0.041884816753926704,4,Loyal Customers
13459.0,625,2,1160.4099999999999,15.896027397260273,57,0.034482758620689655,1,At-Risk Customers
13460.0,29,2,183.44,10.790588235294118,20,0.09523809523809523,0,Regular Customers
13461.0,39,6,4160.0,67.09677419354838,558,0.01073345259391771,0,Regular Customers
13462.0,253,5,1153.85,16.251408450704226,473,0.010548523206751054,0,Regular Customers
13464.0,58,6,3097.64,20.514172185430464,559,0.010714285714285714,0,Regular Customers
13465.0,446,2,931.12,27.385882352941177,139,0.014285714285714285,1,At-Risk Customers
13466.0,184,5,1013.35,18.424545454545456,444,0.011235955056179775,0,Regular Customers
13467.0,11,2,1071.91,10.937857142857144,25,0.07692307692307693,0,Regular Customers
13468.0,2,72,12793.28,18.4607215007215,734,0.09795918367346938,4,Loyal Customers
13469.0,653,1,82.4,13.733333333333334,0,1.0,1,At-Risk Customers
13470.0,99,2,165.0,16.5,15,0.125,0,Regular Customers
13471.0,1,4,2501.84,9.84976377952756,46,0.0851063829787234,0,Regular Customers
13472.0,464,2,592.24,21.15142857142857,91,0.021739130434782608,1,At-Risk Customers
13473.0,61,8,2657.7599999999998,37.967999999999996,663,0.012048192771084338,0,Regular Customers
13474.0,236,3,646.59,5.131666666666667,258,0.011583011583011582,0,Regular Customers
13475.0,191,4,1431.78,16.648604651162792,107,0.037037037037037035,0,Regular Customers
13476.0,179,5,2061.4700000000003,19.447830188679248,466,0.010706638115631691,0,Regular Customers
13477.0,38,11,2819.17,17.956496815286624,646,0.017001545595054096,0,Regular Customers
13478.0,469,5,2215.78,17.72624,207,0.02403846153846154,1,At-Risk Customers
13479.0,201,4,851.37,16.063584905660377,276,0.01444043321299639,0,Regular Customers
13480.0,417,2,627.82,15.31268292682927,262,0.0076045627376425855,1,At-Risk Customers
13481.0,46,11,3830.84,17.101964285714285,689,0.015942028985507246,0,Regular Customers
13482.0,232,2,336.09,16.804499999999997,395,0.005050505050505051,0,Regular Customers
13483.0,66,1,140.34,14.034,0,1.0,0,Regular Customers
13484.0,241,3,790.72,20.274871794871796,398,0.007518796992481203,0,Regular Customers
13485.0,233,11,3019.2200000000003,19.108987341772153,503,0.021825396825396824,0,Regular Customers
13486.0,78,3,1122.41,16.2668115942029,76,0.03896103896103896,0,Regular Customers
13487.0,58,5,846.87,17.283061224489796,677,0.007374631268436578,0,Regular Customers
13488.0,17,23,14205.96,20.921885125184094,666,0.034482758620689655,4,Loyal Customers
13489.0,105,4,449.52,32.10857142857143,189,0.021052631578947368,0,Regular Customers
13490.0,654,1,154.25,19.28125,0,1.0,1,At-Risk Customers
13491.0,52,27,4467.66,17.117471264367815,681,0.039589442815249266,4,Loyal Customers
13492.0,136,3,1269.84,25.3968,78,0.0379746835443038,0,Regular Customers
13493.0,275,2,618.63,77.32875,11,0.16666666666666666,1,At-Risk Customers
13494.0,312,1,316.26000000000005,17.570000000000004,0,1.0,1,At-Risk Customers
13495.0,8,10,4863.31,36.566240601503765,724,0.013793103448275862,0,Regular Customers
13496.0,11,2,653.33,18.66657142857143,349,0.005714285714285714,0,Regular Customers
13497.0,283,6,1166.83,20.117758620689653,386,0.015503875968992248,1,At-Risk Customers
13498.0,730,1,327.38,19.25764705882353,0,1.0,1,At-Risk Customers
13499.0,18,5,1159.11,27.59785714285714,252,0.019762845849802372,0,Regular Customers
13500.0,23,4,1466.3,17.250588235294117,378,0.010554089709762533,0,Regular Customers
13501.0,288,3,2885.11,25.30798245614035,282,0.01060070671378092,1,At-Risk Customers
13502.0,17,5,780.5,23.651515151515152,531,0.009398496240601503,0,Regular Customers
13503.0,71,6,1859.24,9.837248677248677,589,0.010169491525423728,0,Regular Customers
13504.0,64,1,295.93,13.451363636363636,0,1.0,0,Regular Customers
13505.0,73,4,4393.63,20.435488372093022,159,0.025,0,Regular Customers
13506.0,316,5,1338.08,16.519506172839506,144,0.034482758620689655,1,At-Risk Customers
13507.0,3,4,2479.16,15.303456790123455,142,0.027972027972027972,0,Regular Customers
13508.0,244,2,287.05,10.251785714285715,399,0.005,0,Regular Customers
13509.0,9,8,1114.72,22.749387755102042,498,0.01603206412825651,0,Regular Customers
13510.0,1,11,4558.29,15.772629757785467,717,0.01532033426183844,0,Regular Customers
13511.0,677,1,282.76,56.552,0,1.0,1,At-Risk Customers
13512.0,261,4,713.39,18.292051282051283,322,0.01238390092879257,0,Regular Customers
13513.0,127,3,824.59,20.61475,528,0.005671077504725898,0,Regular Customers
13514.0,74,4,815.9000000000001,38.852380952380955,608,0.006568144499178982,0,Regular Customers
13515.0,73,6,1265.82,16.655526315789473,571,0.01048951048951049,0,Regular Customers
13516.0,21,4,1685.26,27.6272131147541,396,0.010075566750629723,0,Regular Customers
13517.0,60,3,2128.42,15.09517730496454,120,0.024793388429752067,0,Regular Customers
13518.0,86,1,627.16,17.42111111111111,0,1.0,0,Regular Customers
13519.0,78,2,343.21,18.063684210526315,364,0.005479452054794521,0,Regular Customers
13520.0,59,11,6606.0,33.19597989949749,663,0.016566265060240965,0,Regular Customers
13521.0,1,3,1071.73,2.5639473684210525,8,0.3333333333333333,0,Regular Customers
13522.0,30,1,125.80000000000001,25.160000000000004,0,1.0,0,Regular Customers
13523.0,33,6,4534.57,22.56004975124378,369,0.016216216216216217,0,Regular Customers
13524.0,41,5,680.1800000000001,25.191851851851855,179,0.027777777777777776,0,Regular Customers
13525.0,15,2,628.78,104.79666666666667,233,0.008547008547008548,0,Regular Customers
13526.0,738,2,1182.0,26.863636363636363,0,2.0,1,At-Risk Customers
13527.0,34,12,4541.29,10.251218961625282,653,0.01834862385321101,0,Regular Customers
13529.0,79,2,307.76,20.517333333333333,125,0.015873015873015872,0,Regular Customers
13530.0,634,1,402.97999999999996,22.387777777777774,0,1.0,1,At-Risk Customers
13531.0,205,6,1433.07,19.107599999999998,531,0.011278195488721804,0,Regular Customers
13532.0,34,1,210.31,3.1865151515151515,0,1.0,0,Regular Customers
13533.0,183,3,269.09,3.5878666666666663,84,0.03529411764705882,0,Regular Customers
13534.0,2,35,7720.9,19.696173469387755,517,0.06756756756756757,4,Loyal Customers
13535.0,403,1,89.5,89.5,0,1.0,1,At-Risk Customers
13536.0,1,7,3444.39,19.35050561797753,74,0.09333333333333334,0,Regular Customers
13537.0,426,2,717.85,17.09166666666667,26,0.07407407407407407,1,At-Risk Customers
13538.0,43,12,3103.13,21.853028169014085,632,0.018957345971563982,0,Regular Customers
13539.0,86,7,1569.3600000000001,18.248372093023256,504,0.013861386138613862,0,Regular Customers
13540.0,467,3,632.39,19.7621875,188,0.015873015873015872,1,At-Risk Customers
13541.0,427,2,785.25,78.525,143,0.013888888888888888,1,At-Risk Customers
13542.0,377,17,3959.4900000000002,11.962205438066466,352,0.04815864022662889,1,At-Risk Customers
13543.0,634,2,1439.6100000000001,30.630000000000003,52,0.03773584905660377,1,At-Risk Customers
13544.0,40,6,790.2,3.320168067226891,605,0.009900990099009901,0,Regular Customers
13545.0,391,2,364.93,6.757962962962963,153,0.012987012987012988,1,At-Risk Customers
13546.0,12,5,1086.24,7.146315789473684,411,0.012135922330097087,0,Regular Customers
13547.0,408,1,167.08,3.7972727272727274,0,1.0,1,At-Risk Customers
13548.0,96,3,901.44,4.899130434782609,375,0.007978723404255319,0,Regular Customers
13549.0,26,8,1005.8,17.047457627118643,361,0.022099447513812154,0,Regular Customers
13550.0,383,1,342.55,8.155952380952382,0,1.0,1,At-Risk Customers
13551.0,319,2,244.2,48.839999999999996,346,0.005763688760806916,1,At-Risk Customers
13552.0,66,22,6948.92,33.56966183574879,592,0.03709949409780776,4,Loyal Customers
13553.0,675,1,499.6,5.613483146067416,0,1.0,1,At-Risk Customers
13554.0,380,7,1629.35,8.313010204081632,66,0.1044776119402985,1,At-Risk Customers
13555.0,74,13,8891.84,22.39758186397985,615,0.021103896103896104,0,Regular Customers
13556.0,429,2,200.82,22.313333333333333,6,0.2857142857142857,1,At-Risk Customers
13557.0,28,13,3032.26,16.84588888888889,702,0.01849217638691323,0,Regular Customers
13558.0,6,4,594.52,3.517869822485207,62,0.06349206349206349,0,Regular Customers
13559.0,513,2,990.0,495.0,30,0.06451612903225806,1,At-Risk Customers
13560.0,7,1,171.42000000000002,5.3568750000000005,0,1.0,0,Regular Customers
13561.0,216,11,1803.4,7.875109170305677,433,0.02534562211981567,0,Regular Customers
13562.0,82,8,4838.18,24.684591836734697,612,0.013050570962479609,0,Regular Customers
13563.0,84,2,777.53,15.867959183673468,55,0.03571428571428571,0,Regular Customers
13564.0,144,37,16498.97,13.749141666666668,593,0.06228956228956229,4,Loyal Customers
13565.0,19,3,414.8,6.913333333333333,391,0.007653061224489796,0,Regular Customers
13566.0,41,5,1688.6,4.613661202185792,598,0.008347245409015025,0,Regular Customers
13567.0,428,4,1079.29,5.369601990049751,113,0.03508771929824561,1,At-Risk Customers
13568.0,173,1,187.05,4.3500000000000005,0,1.0,0,Regular Customers
13569.0,17,4,726.54,4.058882681564246,411,0.009708737864077669,0,Regular Customers
13570.0,243,1,239.49,8.870000000000001,0,1.0,0,Regular Customers
13571.0,13,26,4537.26,6.74184249628529,718,0.03616133518776078,4,Loyal Customers
13572.0,206,1,1384.25,41.946969696969695,0,1.0,0,Regular Customers
13573.0,50,6,904.52,10.396781609195402,586,0.010221465076660987,0,Regular Customers
13574.0,411,1,404.45,4.444505494505495,0,1.0,1,At-Risk Customers
13575.0,23,5,732.0699999999999,15.914565217391303,152,0.032679738562091505,0,Regular Customers
13576.0,10,28,11202.59,41.80070895522388,721,0.038781163434903045,4,Loyal Customers
13577.0,25,11,3489.28,20.76952380952381,699,0.015714285714285715,0,Regular Customers
13578.0,409,1,147.66,16.406666666666666,0,1.0,1,At-Risk Customers
13579.0,15,5,1374.34,16.96716049382716,644,0.007751937984496124,0,Regular Customers
13580.0,406,1,107.75,21.55,0,1.0,1,At-Risk Customers
13581.0,309,2,280.53000000000003,8.500909090909092,104,0.01904761904761905,1,At-Risk Customers
13582.0,390,2,241.68,21.970909090909092,227,0.008771929824561403,1,At-Risk Customers
13583.0,156,2,1445.031,15.052406249999999,523,0.003816793893129771,0,Regular Customers
13584.0,307,3,385.7,4.82125,369,0.008108108108108109,1,At-Risk Customers
13585.0,531,3,684.54,17.552307692307693,207,0.014423076923076924,1,At-Risk Customers
13586.0,541,1,127.28,6.364,0,1.0,1,At-Risk Customers
13587.0,64,4,1673.5,55.78333333333333,599,0.006666666666666667,0,Regular Customers
13588.0,16,9,2478.95,14.246839080459768,239,0.0375,0,Regular Customers
13589.0,15,6,1120.74,21.552692307692308,719,0.008333333333333333,0,Regular Customers
13590.0,11,18,6336.04,15.606009852216749,726,0.024759284731774415,4,Loyal Customers
13591.0,65,7,2093.94,20.732079207920794,660,0.01059001512859304,0,Regular Customers
13592.0,36,4,247.95999999999998,15.497499999999999,228,0.017467248908296942,0,Regular Customers
13593.0,108,14,5493.29,13.463946078431372,538,0.025974025974025976,0,Regular Customers
13594.0,53,2,533.32,16.161212121212124,432,0.004618937644341801,0,Regular Customers
13595.0,517,3,784.48,5.485874125874126,129,0.023076923076923078,1,At-Risk Customers
13596.0,6,2,664.11,4.548698630136986,7,0.25,0,Regular Customers
13597.0,400,2,396.71,23.335882352941177,2,0.6666666666666666,1,At-Risk Customers
13598.0,47,5,761.96,8.28217391304348,604,0.008264462809917356,0,Regular Customers
13599.0,1,33,9811.04,25.028163265306123,737,0.044715447154471545,4,Loyal Customers
13600.0,312,2,518.42,12.644390243902437,321,0.006211180124223602,1,At-Risk Customers
13601.0,45,4,1159.99,6.270216216216216,501,0.00796812749003984,0,Regular Customers
13602.0,65,4,1025.17,17.67534482758621,495,0.008064516129032258,0,Regular Customers
13603.0,26,1,164.34,6.086666666666667,0,1.0,0,Regular Customers
13604.0,659,1,717.62,34.172380952380955,0,1.0,1,At-Risk Customers
13605.0,387,2,522.67,9.861698113207547,184,0.010810810810810811,1,At-Risk Customers
13606.0,29,3,276.75,6.91875,282,0.01060070671378092,0,Regular Customers
13607.0,40,2,1075.81,8.89099173553719,362,0.005509641873278237,0,Regular Customers
13608.0,541,1,232.05,6.825,0,1.0,1,At-Risk Customers
13609.0,593,1,167.35,23.907142857142855,0,1.0,1,At-Risk Customers
13610.0,12,14,2103.71,5.272456140350878,691,0.02023121387283237,0,Regular Customers
13611.0,89,10,3297.9300000000003,14.592610619469028,647,0.015432098765432098,0,Regular Customers
13612.0,633,1,818.29,16.3658,0,1.0,1,At-Risk Customers
13613.0,453,5,1039.8500000000001,17.62457627118644,207,0.02403846153846154,1,At-Risk Customers
13614.0,24,6,2332.74,8.836136363636363,527,0.011363636363636364,0,Regular Customers
13615.0,319,8,6272.53,17.091362397820163,361,0.022099447513812154,1,At-Risk Customers
13616.0,568,2,283.85,8.110000000000001,122,0.016260162601626018,1,At-Risk Customers
13617.0,40,8,1278.75,11.950934579439252,454,0.017582417582417582,0,Regular Customers
13618.0,174,1,177.34,13.641538461538461,0,1.0,0,Regular Customers
13619.0,545,2,224.94,4.998666666666667,129,0.015384615384615385,1,At-Risk Customers
13620.0,528,1,112.34,22.468,0,1.0,1,At-Risk Customers
13621.0,117,1,213.85,11.255263157894737,0,1.0,0,Regular Customers
13622.0,696,1,658.95,20.5921875,0,1.0,1,At-Risk Customers
13623.0,31,10,2533.06,8.919225352112676,706,0.014144271570014143,0,Regular Customers
13624.0,388,1,462.08,21.003636363636364,0,1.0,1,At-Risk Customers
13625.0,597,1,301.26,14.345714285714285,0,1.0,1,At-Risk Customers
13626.0,253,2,707.04,16.069090909090907,126,0.015748031496062992,0,Regular Customers
13627.0,59,7,2245.9,17.410077519379847,581,0.012027491408934709,0,Regular Customers
13628.0,676,1,310.14,19.38375,0,1.0,1,At-Risk Customers
13629.0,23,19,13370.86,153.6880459770115,642,0.029548989113530325,4,Loyal Customers
13630.0,5,7,2031.78,28.61661971830986,280,0.02491103202846975,0,Regular Customers
13631.0,100,11,3070.42,279.1290909090909,167,0.06547619047619048,0,Regular Customers
13632.0,25,8,3645.81,16.571863636363638,586,0.013628620102214651,0,Regular Customers
13634.0,33,16,5033.77,11.286479820627804,664,0.02406015037593985,0,Regular Customers
13635.0,68,4,2999.16,18.513333333333332,671,0.005952380952380952,0,Regular Customers
13636.0,37,5,949.12,15.065396825396826,248,0.020080321285140562,0,Regular Customers
13637.0,52,3,804.3,8.124242424242423,174,0.017142857142857144,0,Regular Customers
13638.0,16,1,122.64,15.33,0,1.0,0,Regular Customers
13639.0,74,2,1346.27,22.81813559322034,362,0.005509641873278237,0,Regular Customers
13640.0,611,1,405.0,101.25,0,1.0,1,At-Risk Customers
13641.0,641,5,1016.47,23.10159090909091,93,0.05319148936170213,1,At-Risk Customers
13642.0,216,4,472.2,4.497142857142857,217,0.01834862385321101,0,Regular Customers
13643.0,31,10,2156.77,21.144803921568627,700,0.014265335235378032,0,Regular Customers
13644.0,16,4,2624.26,17.974383561643837,89,0.044444444444444446,0,Regular Customers
13645.0,120,1,252.1,50.42,0,1.0,0,Regular Customers
13646.0,400,2,326.25,5.625,0,2.0,1,At-Risk Customers
13647.0,10,8,3041.68,21.882589928057552,593,0.013468013468013467,0,Regular Customers
13648.0,400,8,1764.02,16.641698113207546,337,0.023668639053254437,1,At-Risk Customers
13649.0,257,6,1453.68,13.46,270,0.02214022140221402,0,Regular Customers
13650.0,17,10,3288.0,19.11627906976744,666,0.014992503748125937,0,Regular Customers
13651.0,35,3,226.85,16.20357142857143,346,0.008645533141210375,0,Regular Customers
13652.0,46,5,2262.05,16.04290780141844,606,0.008237232289950576,0,Regular Customers
13653.0,488,1,152.2,16.91111111111111,0,1.0,1,At-Risk Customers
13654.0,43,11,6308.0,19.173252279635257,694,0.015827338129496403,0,Regular Customers
13655.0,114,6,2280.51,19.163949579831936,477,0.012552301255230125,0,Regular Customers
13656.0,165,4,1078.85,12.400574712643676,430,0.009280742459396751,0,Regular Customers
13657.0,11,2,382.14,23.88375,190,0.010471204188481676,0,Regular Customers
13658.0,10,9,6025.5,25.424050632911392,662,0.013574660633484163,0,Regular Customers
13659.0,206,12,4884.68,17.827299270072995,455,0.02631578947368421,0,Regular Customers
13660.0,400,1,306.64,7.6659999999999995,0,1.0,1,At-Risk Customers
13661.0,603,1,325.24,19.131764705882354,0,1.0,1,At-Risk Customers
13662.0,86,11,2233.61,16.423602941176473,572,0.019197207678883072,0,Regular Customers
13663.0,179,5,2047.51,20.681919191919192,467,0.010683760683760684,0,Regular Customers
13665.0,386,3,1711.6599999999999,16.147735849056602,117,0.025423728813559324,1,At-Risk Customers
13666.0,60,5,127.89999999999999,6.731578947368421,675,0.0073964497041420114,0,Regular Customers
13667.0,149,1,299.05,3.603012048192771,0,1.0,0,Regular Customers
13668.0,3,35,12948.48,17.127619047619046,725,0.048209366391184574,4,Loyal Customers
13669.0,51,3,413.55,29.539285714285715,356,0.008403361344537815,0,Regular Customers
13670.0,75,1,349.7,13.988,0,1.0,0,Regular Customers
13671.0,395,1,172.6,2.696875,0,1.0,1,At-Risk Customers
13672.0,301,3,419.92,23.32888888888889,429,0.0069767441860465115,1,At-Risk Customers
13673.0,19,2,387.44,6.457333333333334,13,0.14285714285714285,0,Regular Customers
13674.0,433,1,240.68,17.19142857142857,0,1.0,1,At-Risk Customers
13675.0,151,2,486.82000000000005,19.472800000000003,133,0.014925373134328358,0,Regular Customers
13676.0,539,2,243.9,18.76153846153846,80,0.024691358024691357,1,At-Risk Customers
13677.0,405,2,551.24,5.200377358490566,115,0.017241379310344827,1,At-Risk Customers
13678.0,152,1,232.6,14.5375,0,1.0,0,Regular Customers
13679.0,494,3,281.26,5.6251999999999995,241,0.012396694214876033,1,At-Risk Customers
13680.0,1,12,11419.67,17.67750773993808,733,0.01634877384196185,0,Regular Customers
13681.0,18,4,827.83,14.523333333333333,137,0.028985507246376812,0,Regular Customers
13682.0,187,1,59.5,19.833333333333332,0,1.0,0,Regular Customers
13683.0,458,1,258.6,25.860000000000003,0,1.0,1,At-Risk Customers
13684.0,286,4,594.88,5.508148148148148,335,0.011904761904761904,1,At-Risk Customers
13685.0,3,7,3119.44,79.98564102564103,57,0.1206896551724138,0,Regular Customers
13686.0,183,3,409.04,12.030588235294118,218,0.0136986301369863,0,Regular Customers
13687.0,438,1,11880.84,264.01866666666666,0,1.0,1,At-Risk Customers
13688.0,635,1,375.5,75.1,0,1.0,1,At-Risk Customers
13689.0,63,2,1259.5,139.94444444444446,381,0.005235602094240838,0,Regular Customers
13690.0,59,1,172.25,19.13888888888889,0,1.0,0,Regular Customers
13691.0,396,1,212.78,3.9403703703703705,0,1.0,1,At-Risk Customers
13692.0,25,5,3114.4,32.44166666666667,395,0.012626262626262626,0,Regular Customers
13693.0,374,9,2011.82,18.97943396226415,358,0.025069637883008356,1,At-Risk Customers
13694.0,4,143,195640.69,128.7957142857143,731,0.1953551912568306,3,Premium Customers
13695.0,31,16,2770.73,28.861770833333335,546,0.029250457038391225,0,Regular Customers
13696.0,422,3,2020.4,84.18333333333334,244,0.012244897959183673,1,At-Risk Customers
13697.0,39,1,151.29999999999998,12.608333333333333,0,1.0,0,Regular Customers
13698.0,597,2,451.73,11.887631578947369,85,0.023255813953488372,1,At-Risk Customers
13699.0,155,2,764.15,20.6527027027027,395,0.005050505050505051,0,Regular Customers
13700.0,26,13,2596.9700000000003,10.820708333333334,644,0.020155038759689922,0,Regular Customers
13701.0,447,1,161.0,17.88888888888889,0,1.0,1,At-Risk Customers
13702.0,446,1,135.18,27.036,0,1.0,1,At-Risk Customers
13703.0,318,2,425.56,11.501621621621622,96,0.020618556701030927,1,At-Risk Customers
13704.0,5,9,2308.06,17.224328358208954,83,0.10714285714285714,0,Regular Customers
13705.0,8,7,1717.19,23.205270270270272,616,0.011345218800648298,0,Regular Customers
13706.0,303,2,631.17,16.609736842105264,324,0.006153846153846154,1,At-Risk Customers
13707.0,267,5,3365.86,21.715225806451613,269,0.018518518518518517,0,Regular Customers
13708.0,271,1,285.33,5.823061224489796,0,1.0,1,At-Risk Customers
13709.0,4,18,7571.35,18.602825552825554,693,0.025936599423631124,4,Loyal Customers
13710.0,32,3,509.52,33.967999999999996,580,0.0051635111876075735,0,Regular Customers
13711.0,219,9,1792.26,19.48108695652174,505,0.017786561264822136,0,Regular Customers
13712.0,247,2,766.42,23.224848484848483,364,0.005479452054794521,0,Regular Customers
13713.0,408,3,740.76,9.2595,174,0.017142857142857144,1,At-Risk Customers
13714.0,465,1,161.35,5.378333333333333,0,1.0,1,At-Risk Customers
13715.0,281,17,8153.04,15.92390625,357,0.04748603351955307,0,Regular Customers
13716.0,269,1,138.28,6.584761904761905,0,1.0,1,At-Risk Customers
13717.0,32,8,1763.3,14.220161290322581,453,0.01762114537444934,0,Regular Customers
13718.0,246,2,306.55,25.545833333333334,49,0.04,0,Regular Customers
13719.0,15,11,2783.08,11.222096774193549,556,0.019748653500897665,0,Regular Customers
13720.0,117,4,799.9,18.60232558139535,138,0.02877697841726619,0,Regular Customers
13721.0,36,2,741.54,17.655714285714286,358,0.005571030640668524,0,Regular Customers
13722.0,132,10,5635.41,29.816984126984128,514,0.019417475728155338,0,Regular Customers
13723.0,217,6,1194.08,20.58758620689655,394,0.015189873417721518,0,Regular Customers
13724.0,637,1,213.01,5.071666666666666,0,1.0,1,At-Risk Customers
13725.0,50,8,1980.56,19.043846153846154,258,0.03088803088803089,0,Regular Customers
13726.0,39,2,1079.6599999999999,25.70619047619047,61,0.03225806451612903,0,Regular Customers
13727.0,29,8,1074.15,12.941566265060242,701,0.011396011396011397,0,Regular Customers
13728.0,37,16,2855.17,17.409573170731708,693,0.023054755043227664,0,Regular Customers
13729.0,436,3,724.73,18.582820512820515,248,0.012048192771084338,1,At-Risk Customers
13730.0,136,2,752.6,17.50232558139535,25,0.07692307692307693,0,Regular Customers
13731.0,219,2,610.59,16.068157894736842,27,0.07142857142857142,0,Regular Customers
13732.0,28,1,491.86,14.904848484848486,0,1.0,0,Regular Customers
13733.0,411,2,487.03000000000003,16.794137931034484,324,0.006153846153846154,1,At-Risk Customers
13734.0,509,4,6695.6900000000005,247.98851851851853,94,0.042105263157894736,1,At-Risk Customers
13735.0,25,13,9762.77,15.089289026275116,701,0.018518518518518517,0,Regular Customers
13736.0,5,7,2752.47,4.968357400722021,728,0.009602194787379973,0,Regular Customers
13737.0,200,1,339.59999999999997,11.319999999999999,0,1.0,0,Regular Customers
13738.0,396,1,434.78000000000003,4.885168539325843,0,1.0,1,At-Risk Customers
13739.0,18,2,292.2,48.699999999999996,509,0.00392156862745098,0,Regular Customers
13740.0,241,5,1582.77,16.837978723404255,496,0.01006036217303823,0,Regular Customers
13741.0,72,3,668.4300000000001,19.65970588235294,145,0.02054794520547945,0,Regular Customers
13742.0,17,12,3107.87,9.92929712460064,303,0.039473684210526314,0,Regular Customers
13743.0,3,7,1341.6,32.72195121951219,256,0.027237354085603113,0,Regular Customers
13744.0,95,2,1080.52,17.15111111111111,197,0.010101010101010102,0,Regular Customers
13745.0,162,2,777.36,13.881428571428572,383,0.005208333333333333,0,Regular Customers
13746.0,414,1,176.69,19.63222222222222,0,1.0,1,At-Risk Customers
13747.0,374,2,169.79999999999998,33.959999999999994,51,0.038461538461538464,1,At-Risk Customers
13748.0,96,9,2064.35,35.592241379310344,642,0.013996889580093312,0,Regular Customers
13750.0,54,11,3602.1800000000003,48.02906666666667,563,0.01950354609929078,0,Regular Customers
13751.0,288,1,296.25,32.916666666666664,0,1.0,1,At-Risk Customers
13752.0,124,7,1579.8300000000002,16.806702127659577,403,0.017326732673267328,0,Regular Customers
13753.0,288,4,2094.57,26.182125000000003,449,0.008888888888888889,1,At-Risk Customers
13754.0,152,3,447.05,21.288095238095238,285,0.01048951048951049,0,Regular Customers
13755.0,4,9,2108.06,6.567165109034268,59,0.15,0,Regular Customers
13756.0,2,23,8655.95,25.236005830903792,722,0.0318118948824343,4,Loyal Customers
13757.0,675,1,195.55,24.44375,0,1.0,1,At-Risk Customers
13758.0,12,15,8698.13,30.51975438596491,727,0.020604395604395604,0,Regular Customers
13759.0,33,2,659.4100000000001,26.376400000000004,37,0.05263157894736842,0,Regular Customers
13760.0,54,5,1363.6399999999999,11.459159663865545,539,0.009259259259259259,0,Regular Customers
13761.0,50,6,1952.17,16.001393442622952,606,0.009884678747940691,0,Regular Customers
13762.0,219,5,2472.48,70.64228571428572,479,0.010416666666666666,0,Regular Customers
13763.0,63,3,5217.4400000000005,104.34880000000001,371,0.008064516129032258,0,Regular Customers
13764.0,71,6,2919.62,7.890864864864865,571,0.01048951048951049,0,Regular Customers
13765.0,653,1,352.821,20.754176470588238,0,1.0,1,At-Risk Customers
13766.0,495,1,190.35,11.197058823529412,0,1.0,1,At-Risk Customers
13767.0,2,73,33903.57,44.37640052356021,736,0.09905020352781546,4,Loyal Customers
13768.0,727,2,875.97,26.544545454545457,4,0.4,1,At-Risk Customers
13769.0,2,20,5478.12,19.920436363636362,721,0.027700831024930747,4,Loyal Customers
13770.0,422,4,785.37,16.361875,308,0.012944983818770227,1,At-Risk Customers
13771.0,64,9,5728.82,26.522314814814813,588,0.015280135823429542,0,Regular Customers
13772.0,34,8,3100.02,5.467407407407407,620,0.01288244766505636,0,Regular Customers
13773.0,397,2,301.54,15.870526315789474,263,0.007575757575757576,1,At-Risk Customers
13774.0,82,1,345.0,15.681818181818182,0,1.0,0,Regular Customers
13775.0,591,1,1049.66,16.661269841269842,0,1.0,1,At-Risk Customers
13776.0,428,2,623.98,311.99,0,2.0,1,At-Risk Customers
13777.0,1,61,49638.26,139.4333146067416,737,0.08265582655826559,4,Loyal Customers
13778.0,103,4,1124.49,25.55659090909091,462,0.008639308855291577,0,Regular Customers
13779.0,516,1,161.13,5.967777777777777,0,1.0,1,At-Risk Customers
13780.0,7,3,732.07,7.470102040816327,399,0.0075,0,Regular Customers
13781.0,251,3,778.83,13.663684210526316,470,0.006369426751592357,0,Regular Customers
13782.0,13,13,1786.08,7.50453781512605,720,0.018030513176144243,0,Regular Customers
13783.0,488,4,1542.09,154.209,185,0.021505376344086023,1,At-Risk Customers
13784.0,10,14,2910.23,67.67976744186046,440,0.031746031746031744,0,Regular Customers
13785.0,429,4,542.49,18.083000000000002,31,0.125,1,At-Risk Customers
13786.0,367,6,3127.99,26.965431034482755,368,0.016260162601626018,1,At-Risk Customers
13787.0,76,6,1222.5,14.215116279069768,619,0.00967741935483871,0,Regular Customers
13788.0,505,1,3.75,3.75,0,1.0,1,At-Risk Customers
13789.0,388,1,239.45999999999998,13.303333333333333,0,1.0,1,At-Risk Customers
13790.0,4,1,348.8,7.751111111111111,0,1.0,0,Regular Customers
13791.0,128,2,1516.0,137.8181818181818,40,0.04878048780487805,0,Regular Customers
13792.0,66,3,383.95,16.693478260869565,356,0.008403361344537815,0,Regular Customers
13793.0,647,1,96.0,13.714285714285714,0,1.0,1,At-Risk Customers
13794.0,547,1,126.03,14.003333333333334,0,1.0,1,At-Risk Customers
13795.0,388,4,836.3,28.837931034482757,249,0.016,1,At-Risk Customers
13796.0,499,1,289.7,13.168181818181818,0,1.0,1,At-Risk Customers
13797.0,437,3,1179.45,15.121153846153847,210,0.014218009478672985,1,At-Risk Customers
13798.0,1,110,75428.87,104.61701803051317,729,0.1506849315068493,3,Premium Customers
13799.0,117,9,2803.57,26.448773584905663,527,0.017045454545454544,0,Regular Customers
13800.0,310,3,1679.56,23.00767123287671,427,0.007009345794392523,1,At-Risk Customers
13801.0,67,1,324.8,14.121739130434783,0,1.0,0,Regular Customers
13802.0,139,19,26259.11,58.61408482142857,523,0.03625954198473282,4,Loyal Customers
13803.0,255,3,1338.91,17.16551282051282,363,0.008241758241758242,0,Regular Customers
13804.0,31,9,3161.12,18.928862275449102,406,0.022113022113022112,0,Regular Customers
13805.0,52,2,924.6,71.12307692307692,76,0.025974025974025976,0,Regular Customers
13806.0,64,1,256.38,25.637999999999998,0,1.0,0,Regular Customers
13807.0,367,3,422.2,16.887999999999998,368,0.008130081300813009,1,At-Risk Customers
13808.0,6,5,1747.66,22.995526315789476,91,0.05434782608695652,0,Regular Customers
13809.0,305,3,679.7,27.188000000000002,155,0.019230769230769232,1,At-Risk Customers
13810.0,29,3,1499.01,42.828857142857146,27,0.10714285714285714,0,Regular Customers
13811.0,184,3,814.5,62.65384615384615,55,0.05357142857142857,0,Regular Customers
13812.0,42,3,539.0,14.972222222222221,63,0.046875,0,Regular Customers
13813.0,40,8,2765.47,19.33895104895105,694,0.011510791366906475,0,Regular Customers
13814.0,92,3,2257.32,28.573670886075952,434,0.006896551724137931,0,Regular Customers
13815.0,22,8,7475.74,20.999269662921346,643,0.012422360248447204,0,Regular Customers
13816.0,24,2,571.6700000000001,20.416785714285716,40,0.04878048780487805,0,Regular Customers
13817.0,29,2,382.98,15.957500000000001,322,0.006191950464396285,0,Regular Customers
13818.0,430,1,61.28,12.256,0,1.0,1,At-Risk Customers
13819.0,302,6,2642.35,26.161881188118812,436,0.013729977116704805,1,At-Risk Customers
13820.0,418,3,652.75,7.334269662921348,262,0.011406844106463879,1,At-Risk Customers
13821.0,145,6,1379.08,6.760196078431372,559,0.010714285714285714,0,Regular Customers
13822.0,6,2,632.0,6.583333333333333,34,0.05714285714285714,0,Regular Customers
13823.0,19,7,3403.4500000000003,20.880061349693253,705,0.009915014164305949,0,Regular Customers
13824.0,33,12,3314.76,33.147600000000004,604,0.019834710743801654,0,Regular Customers
13825.0,622,2,255.59,6.38975,108,0.01834862385321101,1,At-Risk Customers
13826.0,176,1,189.5,18.95,0,1.0,0,Regular Customers
13827.0,58,3,409.8,4.4543478260869565,85,0.03488372093023256,0,Regular Customers
13828.0,22,1,209.49,13.966000000000001,0,1.0,0,Regular Customers
13829.0,421,1,102.0,102.0,0,1.0,1,At-Risk Customers
13830.0,582,1,156.85000000000002,14.259090909090911,0,1.0,1,At-Risk Customers
13831.0,16,18,6585.54,36.184285714285714,713,0.025210084033613446,4,Loyal Customers
13832.0,19,2,609.89,11.088909090909091,403,0.0049504950495049506,0,Regular Customers
13833.0,159,2,700.41,15.91840909090909,244,0.00816326530612245,0,Regular Customers
13834.0,577,2,324.19,20.261875,92,0.021505376344086023,1,At-Risk Customers
13835.0,25,7,1095.27,15.426338028169013,620,0.011272141706924315,0,Regular Customers
13836.0,399,2,620.37,20.011935483870968,15,0.125,1,At-Risk Customers
13837.0,212,2,266.59000000000003,14.810555555555558,105,0.018867924528301886,0,Regular Customers
13838.0,6,10,1690.07,4.193722084367246,573,0.017421602787456445,0,Regular Customers
13839.0,486,1,139.95000000000002,19.992857142857144,0,1.0,1,At-Risk Customers
13840.0,416,1,651.4,16.285,0,1.0,1,At-Risk Customers
13841.0,253,1,85.0,85.0,0,1.0,0,Regular Customers
13842.0,59,18,5319.34,15.878626865671642,602,0.029850746268656716,0,Regular Customers
13843.0,381,1,319.75,17.76388888888889,0,1.0,1,At-Risk Customers
13844.0,11,1,361.62,18.081,0,1.0,0,Regular Customers
13845.0,65,1,312.98,34.775555555555556,0,1.0,0,Regular Customers
13846.0,25,4,1307.79,16.145555555555553,375,0.010638297872340425,0,Regular Customers
13847.0,720,1,310.72,16.353684210526318,0,1.0,1,At-Risk Customers
13848.0,92,8,3015.0,301.5,637,0.012539184952978056,0,Regular Customers
13849.0,52,5,3469.3,15.769545454545455,572,0.008726003490401396,0,Regular Customers
13850.0,129,1,1595.48,17.155698924731183,0,1.0,0,Regular Customers
13851.0,96,8,4606.46,32.903285714285715,584,0.013675213675213675,0,Regular Customers
13852.0,611,1,187.35000000000002,17.031818181818185,0,1.0,1,At-Risk Customers
13853.0,57,1,1090.14,47.39739130434783,0,1.0,0,Regular Customers
13854.0,9,39,11944.56,67.10426966292134,691,0.05635838150289017,4,Loyal Customers
13855.0,501,4,1310.3400000000001,17.949863013698632,230,0.017316017316017316,1,At-Risk Customers
13856.0,169,11,1142.03,21.148703703703703,450,0.024390243902439025,0,Regular Customers
13857.0,393,6,1001.01,7.820390625,177,0.033707865168539325,1,At-Risk Customers
13858.0,57,1,216.17,19.651818181818182,0,1.0,0,Regular Customers
13859.0,326,2,515.86,14.329444444444444,203,0.00980392156862745,1,At-Risk Customers
13860.0,1,5,1245.9,16.39342105263158,85,0.05813953488372093,0,Regular Customers
13861.0,429,2,273.26,13.012380952380951,101,0.0196078431372549,1,At-Risk Customers
13862.0,18,9,2556.09,15.9755625,371,0.024193548387096774,0,Regular Customers
13863.0,248,4,1239.55,17.707857142857144,345,0.011560693641618497,0,Regular Customers
13864.0,387,1,662.4000000000001,662.4000000000001,0,1.0,1,At-Risk Customers
13865.0,58,4,501.56,16.718666666666667,231,0.017241379310344827,0,Regular Customers
13866.0,74,1,145.67000000000002,20.810000000000002,0,1.0,0,Regular Customers
13867.0,31,3,1005.09,16.7515,186,0.016042780748663103,0,Regular Customers
13868.0,7,2,3192.54,96.74363636363637,31,0.0625,0,Regular Customers
13869.0,123,10,7996.87,9.542804295942721,567,0.017605633802816902,0,Regular Customers
13870.0,2,15,5712.08,23.701576763485477,667,0.02245508982035928,0,Regular Customers
13871.0,23,17,7885.85,19.616542288557216,696,0.024390243902439025,0,Regular Customers
13872.0,527,3,919.57,16.13280701754386,198,0.01507537688442211,1,At-Risk Customers
13873.0,120,8,1038.92,17.315333333333335,526,0.015180265654648957,0,Regular Customers
13874.0,358,7,2049.15,29.697826086956525,314,0.022222222222222223,1,At-Risk Customers
13875.0,54,14,4814.37,17.831,668,0.02092675635276532,0,Regular Customers
13876.0,64,1,122.7,17.52857142857143,0,1.0,0,Regular Customers
13877.0,86,3,449.68,19.551304347826086,603,0.004966887417218543,0,Regular Customers
13878.0,55,4,2416.9,23.695098039215686,549,0.007272727272727273,0,Regular Customers
13879.0,646,1,395.5,15.82,0,1.0,1,At-Risk Customers
13880.0,21,17,4293.86,19.254977578475334,540,0.031423290203327174,0,Regular Customers
13881.0,4,43,45179.1,98.8601750547046,641,0.06697819314641744,4,Loyal Customers
13882.0,3,5,1191.13,18.325076923076924,61,0.08064516129032258,0,Regular Customers
13883.0,11,15,6560.02,20.759556962025318,720,0.020804438280166437,0,Regular Customers
13884.0,7,10,1825.03,10.027637362637362,462,0.02159827213822894,0,Regular Customers
13885.0,189,2,506.8,18.1,11,0.16666666666666666,0,Regular Customers
13886.0,71,1,243.56,15.2225,0,1.0,0,Regular Customers
13887.0,204,1,349.55,18.397368421052633,0,1.0,0,Regular Customers
13888.0,120,7,2001.59,11.705204678362573,455,0.015350877192982455,0,Regular Customers
13889.0,93,6,1991.23,23.990722891566264,593,0.010101010101010102,0,Regular Customers
13890.0,1,14,2927.38,16.921271676300577,732,0.019099590723055934,0,Regular Customers
13891.0,378,3,859.21,8.678888888888888,203,0.014705882352941176,1,At-Risk Customers
13892.0,27,6,1267.6499999999999,35.2125,549,0.01090909090909091,0,Regular Customers
13893.0,298,1,821.1,39.1,0,1.0,1,At-Risk Customers
13894.0,24,3,564.62,20.911851851851853,286,0.010452961672473868,0,Regular Customers
13895.0,28,6,4008.52,21.551182795698924,708,0.00846262341325811,0,Regular Customers
13896.0,626,1,388.55,18.502380952380953,0,1.0,1,At-Risk Customers
13897.0,50,3,1160.72,19.67322033898305,627,0.004777070063694267,0,Regular Customers
13898.0,326,2,686.4,14.921739130434782,85,0.023255813953488372,1,At-Risk Customers
13899.0,16,2,388.52,20.448421052631577,258,0.007722007722007722,0,Regular Customers
13900.0,183,6,1610.59,16.95357894736842,441,0.013574660633484163,0,Regular Customers
13901.0,72,15,5676.34,18.310774193548387,631,0.023734177215189875,0,Regular Customers
13902.0,632,5,34095.26,541.1946031746032,92,0.053763440860215055,1,At-Risk Customers
13903.0,400,1,165.45000000000002,16.545,0,1.0,1,At-Risk Customers
13904.0,37,2,332.64,12.793846153846154,257,0.007751937984496124,0,Regular Customers
13905.0,733,1,312.65,26.054166666666664,0,1.0,1,At-Risk Customers
13906.0,409,1,42.0,42.0,0,1.0,1,At-Risk Customers
13907.0,692,1,136.8,34.2,0,1.0,1,At-Risk Customers
13908.0,80,4,2369.55,19.42254098360656,196,0.02030456852791878,0,Regular Customers
13909.0,423,2,282.85,7.44342105263158,98,0.020202020202020204,1,At-Risk Customers
13911.0,57,20,4234.99,17.7940756302521,590,0.0338409475465313,4,Loyal Customers
13912.0,424,1,124.95,17.85,0,1.0,1,At-Risk Customers
13913.0,507,1,42.22,14.073333333333332,0,1.0,1,At-Risk Customers
13914.0,12,2,626.45,18.983333333333334,24,0.08,0,Regular Customers
13915.0,394,1,70.80000000000001,35.400000000000006,0,1.0,1,At-Risk Customers
13916.0,464,4,1275.81,17.240675675675675,211,0.018867924528301886,1,At-Risk Customers
13917.0,50,2,272.04,15.113333333333335,141,0.014084507042253521,0,Regular Customers
13918.0,50,2,1212.8400000000001,40.428000000000004,203,0.00980392156862745,0,Regular Customers
13919.0,59,4,1360.68,17.67116883116883,481,0.008298755186721992,0,Regular Customers
13920.0,432,4,1774.68,20.635813953488373,130,0.030534351145038167,1,At-Risk Customers
13921.0,402,4,730.7,16.606818181818184,319,0.0125,1,At-Risk Customers
13922.0,352,3,865.2,28.84,115,0.02586206896551724,1,At-Risk Customers
13923.0,54,1,351.13,17.5565,0,1.0,0,Regular Customers
13924.0,2,6,1838.8500000000001,15.716666666666669,70,0.08450704225352113,0,Regular Customers
13925.0,93,4,678.25,16.54268292682927,42,0.09302325581395349,0,Regular Customers
13926.0,23,1,223.85000000000002,20.35,0,1.0,0,Regular Customers
13927.0,75,2,708.26,17.274634146341462,362,0.005509641873278237,0,Regular Customers
13928.0,11,4,464.57,17.206296296296298,122,0.032520325203252036,0,Regular Customers
13929.0,169,11,3494.1,61.3,525,0.02091254752851711,0,Regular Customers
13930.0,58,2,337.34,19.843529411764706,78,0.02531645569620253,0,Regular Customers
13931.0,96,11,5257.38,19.399926199261994,640,0.0171606864274571,0,Regular Customers
13932.0,295,1,307.4,19.2125,0,1.0,1,At-Risk Customers
13933.0,109,2,608.7900000000001,26.469130434782613,39,0.05,0,Regular Customers
13934.0,264,1,922.1,29.74516129032258,0,1.0,0,Regular Customers
13935.0,597,3,6116.92,76.4615,55,0.05357142857142857,1,At-Risk Customers
13936.0,180,3,939.66,15.9264406779661,234,0.01276595744680851,0,Regular Customers
13937.0,169,2,880.13,16.298703703703705,233,0.008547008547008548,0,Regular Customers
13938.0,35,1,71.66,10.237142857142857,0,1.0,0,Regular Customers
13939.0,23,7,1560.96,14.190545454545456,589,0.011864406779661017,0,Regular Customers
13940.0,17,4,839.14,17.12530612244898,126,0.031496062992125984,0,Regular Customers
13941.0,22,15,10027.18,106.67212765957447,701,0.021367521367521368,0,Regular Customers
13942.0,535,1,320.0,320.0,0,1.0,1,At-Risk Customers
13943.0,578,1,246.54,16.436,0,1.0,1,At-Risk Customers
13944.0,653,1,200.43,5.726571428571429,0,1.0,1,At-Risk Customers
13945.0,395,2,854.15,16.748039215686273,85,0.023255813953488372,1,At-Risk Customers
13946.0,79,6,1876.23,33.504107142857144,656,0.0091324200913242,0,Regular Customers
13947.0,65,1,90.6,18.119999999999997,0,1.0,0,Regular Customers
13948.0,361,4,548.76,22.865,374,0.010666666666666666,1,At-Risk Customers
13949.0,3,6,2427.32,15.170750000000002,91,0.06521739130434782,0,Regular Customers
13950.0,11,4,745.06,21.28742857142857,235,0.01694915254237288,0,Regular Customers
13951.0,176,3,674.45,17.293589743589745,118,0.025210084033613446,0,Regular Customers
13952.0,218,14,12823.521,31.35335207823961,505,0.02766798418972332,0,Regular Customers
13953.0,7,12,6640.68,265.6272,721,0.01662049861495845,0,Regular Customers
13954.0,2,2,439.92,17.5968,69,0.02857142857142857,0,Regular Customers
13955.0,154,3,544.0699999999999,6.400823529411764,220,0.013574660633484163,0,Regular Customers
13956.0,5,5,1019.27,6.933809523809524,266,0.018726591760299626,0,Regular Customers
13957.0,418,3,458.25,16.97222222222222,240,0.012448132780082987,1,At-Risk Customers
13958.0,380,8,4709.2300000000005,20.745506607929517,354,0.022535211267605635,1,At-Risk Customers
13959.0,79,6,1064.77,6.781974522292994,431,0.013888888888888888,0,Regular Customers
13960.0,21,2,230.22,19.185,50,0.0392156862745098,0,Regular Customers
13961.0,392,1,538.4,28.336842105263155,0,1.0,1,At-Risk Customers
13962.0,22,3,362.8,15.773913043478261,413,0.007246376811594203,0,Regular Customers
13963.0,308,17,2860.57,17.33678787878788,288,0.058823529411764705,1,At-Risk Customers
13964.0,387,2,438.9,18.287499999999998,43,0.045454545454545456,1,At-Risk Customers
13965.0,477,3,996.61,41.525416666666665,226,0.013215859030837005,1,At-Risk Customers
13966.0,435,1,384.26,18.298095238095236,0,1.0,1,At-Risk Customers
13967.0,146,2,166.3,27.71666666666667,250,0.00796812749003984,0,Regular Customers
13968.0,423,1,123.66,15.4575,0,1.0,1,At-Risk Customers
13969.0,7,35,12973.460000000001,12.193101503759399,617,0.05663430420711974,4,Loyal Customers
13970.0,386,2,846.55,65.11923076923077,51,0.038461538461538464,1,At-Risk Customers
13971.0,19,14,4667.57,18.30419607843137,664,0.021052631578947368,0,Regular Customers
13972.0,71,2,190.25,12.683333333333334,131,0.015151515151515152,0,Regular Customers
13973.0,287,1,264.7,24.063636363636363,0,1.0,1,At-Risk Customers
13974.0,49,2,677.72,15.76093023255814,532,0.00375234521575985,0,Regular Customers
13975.0,31,12,5256.4,7.132157394843961,644,0.018604651162790697,0,Regular Customers
13976.0,207,4,1192.36,21.292142857142856,461,0.008658008658008658,0,Regular Customers
13977.0,411,1,519.8100000000001,39.98538461538462,0,1.0,1,At-Risk Customers
13978.0,15,2,196.79000000000002,13.119333333333335,30,0.06451612903225806,0,Regular Customers
13979.0,73,7,3379.93,8.60033078880407,663,0.010542168674698794,0,Regular Customers
13980.0,60,5,768.82,12.203492063492064,595,0.008389261744966443,0,Regular Customers
13981.0,416,1,331.14,15.05181818181818,0,1.0,1,At-Risk Customers
13982.0,39,9,3954.29,17.57462222222222,649,0.013846153846153847,0,Regular Customers
13983.0,30,21,6753.89,20.781200000000002,700,0.029957203994293864,4,Loyal Customers
13984.0,27,12,1893.8,21.520454545454545,706,0.016973125884016973,0,Regular Customers
13985.0,4,22,10020.86,20.87679166666667,664,0.03308270676691729,4,Loyal Customers
13986.0,17,1,320.46,24.650769230769228,0,1.0,0,Regular Customers
13987.0,380,2,682.54,14.837826086956522,21,0.09090909090909091,1,At-Risk Customers
13988.0,20,8,4757.8,16.12813559322034,605,0.013201320132013201,0,Regular Customers
13989.0,66,5,2026.06,23.558837209302325,497,0.010040160642570281,0,Regular Customers
13990.0,213,1,311.3,19.45625,0,1.0,0,Regular Customers
13991.0,12,6,852.88,10.400975609756097,131,0.045454545454545456,0,Regular Customers
13992.0,30,3,219.5,19.954545454545453,432,0.006928406466512702,0,Regular Customers
13993.0,43,19,6775.71,25.960574712643677,693,0.027377521613832854,4,Loyal Customers
13994.0,4,6,2274.14,15.36581081081081,144,0.041379310344827586,0,Regular Customers
13995.0,15,14,3902.01,16.965260869565217,706,0.019801980198019802,0,Regular Customers
13996.0,386,2,895.76,27.144242424242425,13,0.14285714285714285,1,At-Risk Customers
13997.0,519,3,376.46,8.55590909090909,31,0.09375,1,At-Risk Customers
13998.0,447,3,566.7,18.280645161290323,129,0.023076923076923078,1,At-Risk Customers
13999.0,10,29,9502.26,20.391115879828327,724,0.04,4,Loyal Customers
14000.0,211,5,2046.3400000000001,41.76204081632653,526,0.009487666034155597,0,Regular Customers
14001.0,46,9,4228.85,41.056796116504856,447,0.020089285714285716,0,Regular Customers
14002.0,134,2,529.73,11.270851063829788,22,0.08695652173913043,0,Regular Customers
14003.0,733,1,209.41,13.088125,0,1.0,1,At-Risk Customers
14004.0,43,11,6258.45,25.968672199170125,392,0.027989821882951654,0,Regular Customers
14005.0,10,5,2874.72,34.22285714285714,206,0.024154589371980676,0,Regular Customers
14006.0,116,7,2196.67,28.528181818181817,536,0.01303538175046555,0,Regular Customers
14007.0,513,1,79.48,15.896,0,1.0,1,At-Risk Customers
14008.0,432,1,509.04,15.9075,0,1.0,1,At-Risk Customers
14009.0,198,3,1099.91,14.863648648648649,264,0.011320754716981131,0,Regular Customers
14010.0,565,2,445.15,18.547916666666666,0,2.0,1,At-Risk Customers
14011.0,480,2,457.82,14.306875,127,0.015625,1,At-Risk Customers
14012.0,278,1,328.8,29.89090909090909,0,1.0,1,At-Risk Customers
14013.0,110,5,1084.57,15.949558823529411,513,0.009727626459143969,0,Regular Customers
14014.0,77,3,1948.21,25.63434210526316,499,0.006,0,Regular Customers
14015.0,53,1,917.34,45.867000000000004,0,1.0,0,Regular Customers
14016.0,162,11,11403.41,25.45404017857143,538,0.02040816326530612,0,Regular Customers
14017.0,571,1,229.75,16.410714285714285,0,1.0,1,At-Risk Customers
14018.0,645,1,367.15000000000003,28.242307692307694,0,1.0,1,At-Risk Customers
14019.0,47,3,1421.61,21.539545454545454,91,0.03260869565217391,0,Regular Customers
14020.0,17,4,1249.01,17.347361111111113,512,0.007797270955165692,0,Regular Customers
14021.0,155,7,1716.58,19.07311111111111,437,0.01598173515981735,0,Regular Customers
14022.0,225,2,792.15,16.854255319148937,261,0.007633587786259542,0,Regular Customers
14023.0,7,2,584.07,18.840967741935486,242,0.00823045267489712,0,Regular Customers
14024.0,122,3,645.74,18.99235294117647,269,0.011111111111111112,0,Regular Customers
14025.0,465,8,4057.9,40.98888888888889,119,0.06666666666666667,1,At-Risk Customers
14026.0,471,2,713.11,14.2622,154,0.012903225806451613,1,At-Risk Customers
14027.0,61,1,104.82,17.47,0,1.0,0,Regular Customers
14028.0,550,3,10396.5,1155.1666666666667,0,3.0,1,At-Risk Customers
14029.0,63,2,467.66,31.177333333333333,80,0.024691358024691357,0,Regular Customers
14030.0,18,20,7521.8,9.128398058252428,710,0.02812939521800281,4,Loyal Customers
14031.0,7,44,39019.51,52.02601333333334,729,0.06027397260273973,4,Loyal Customers
14032.0,2,16,4546.41,19.767,723,0.022099447513812154,0,Regular Customers
14033.0,555,1,109.44,109.44,0,1.0,1,At-Risk Customers
14034.0,22,3,648.89,7.545232558139535,135,0.022058823529411766,0,Regular Customers
14035.0,29,9,2794.75,19.27413793103448,583,0.015410958904109588,0,Regular Customers
14036.0,285,1,626.65,16.49078947368421,0,1.0,1,At-Risk Customers
14037.0,176,6,836.95,7.341666666666667,556,0.010771992818671455,0,Regular Customers
14038.0,78,5,3069.88,19.067577639751555,595,0.008389261744966443,0,Regular Customers
14039.0,33,2,267.28000000000003,26.728,542,0.003683241252302026,0,Regular Customers
14040.0,41,35,12523.81,16.035608194622277,698,0.05007153075822604,4,Loyal Customers
14041.0,266,1,141.41,6.733809523809524,0,1.0,0,Regular Customers
14042.0,725,1,431.98,20.570476190476192,0,1.0,1,At-Risk Customers
14043.0,491,2,302.6,7.380487804878049,238,0.008368200836820083,1,At-Risk Customers
14044.0,27,10,3077.7,3.7260290556900726,657,0.015197568389057751,0,Regular Customers
14045.0,109,16,10986.63,296.93594594594595,591,0.02702702702702703,0,Regular Customers
14046.0,284,1,154.99,11.070714285714287,0,1.0,1,At-Risk Customers
14047.0,9,14,3968.11,26.105986842105263,668,0.02092675635276532,0,Regular Customers
14048.0,305,3,748.69,5.309858156028369,77,0.038461538461538464,1,At-Risk Customers
14049.0,17,13,13023.4,12.274646559849199,600,0.021630615640599003,0,Regular Customers
14050.0,32,2,746.36,13.821481481481483,74,0.02666666666666667,0,Regular Customers
14051.0,1,37,21770.98,68.46220125786164,735,0.050271739130434784,4,Loyal Customers
14052.0,20,2,466.66,3.8566942148760335,371,0.005376344086021506,0,Regular Customers
14053.0,124,4,572.3,63.58888888888888,362,0.011019283746556474,0,Regular Customers
14054.0,65,1,92.46,15.409999999999998,0,1.0,0,Regular Customers
14055.0,106,3,1520.96,46.08969696969697,616,0.004862236628849271,0,Regular Customers
14056.0,1,23,8152.71,7.493299632352941,282,0.0812720848056537,4,Loyal Customers
14057.0,24,22,8346.66,18.67261744966443,712,0.030855539971949508,4,Loyal Customers
14058.0,463,2,469.19,19.549583333333334,67,0.029411764705882353,1,At-Risk Customers
14059.0,267,1,183.6,22.95,0,1.0,1,At-Risk Customers
14060.0,5,30,8898.24,34.48930232558139,634,0.047244094488188976,4,Loyal Customers
14061.0,507,3,917.4300000000001,48.28578947368421,230,0.012987012987012988,1,At-Risk Customers
14062.0,10,24,25585.65,75.25191176470588,719,0.03333333333333333,4,Loyal Customers
14063.0,438,9,22710.2,567.755,293,0.030612244897959183,1,At-Risk Customers
14064.0,29,15,3260.24,13.81457627118644,657,0.022796352583586626,0,Regular Customers
14065.0,389,3,891.02,18.18408163265306,42,0.06976744186046512,1,At-Risk Customers
14066.0,267,1,152.55,21.792857142857144,0,1.0,1,At-Risk Customers
14067.0,64,2,374.7,7.2057692307692305,32,0.06060606060606061,0,Regular Customers
14068.0,320,4,1516.72,14.043703703703704,357,0.0111731843575419,1,At-Risk Customers
14069.0,515,2,225.81,5.507560975609756,46,0.0425531914893617,1,At-Risk Customers
14070.0,685,1,321.6,7.843902439024391,0,1.0,1,At-Risk Customers
14071.0,4,8,1437.57,4.450681114551084,261,0.030534351145038167,0,Regular Customers
14072.0,667,1,390.85,20.571052631578947,0,1.0,1,At-Risk Customers
14073.0,32,1,151.04,11.618461538461538,0,1.0,0,Regular Customers
14074.0,623,1,219.39999999999998,36.56666666666666,0,1.0,1,At-Risk Customers
14075.0,5,6,1734.87,21.41814814814815,536,0.0111731843575419,0,Regular Customers
14076.0,129,1,118.67,2.6970454545454547,0,1.0,0,Regular Customers
14077.0,41,6,615.0799999999999,10.983571428571427,354,0.016901408450704224,0,Regular Customers
14078.0,102,9,1553.47,10.49641891891892,519,0.01730769230769231,0,Regular Customers
14079.0,125,2,618.73,47.59461538461539,557,0.0035842293906810036,0,Regular Customers
14080.0,33,5,1115.68,13.441927710843375,704,0.0070921985815602835,0,Regular Customers
14081.0,302,10,4867.57,5.767263033175355,426,0.0234192037470726,1,At-Risk Customers
14082.0,365,2,413.36,6.359384615384616,27,0.07142857142857142,1,At-Risk Customers
14083.0,4,11,1082.19,5.849675675675676,717,0.01532033426183844,0,Regular Customers
14084.0,512,1,150.5,21.5,0,1.0,1,At-Risk Customers
14085.0,2,33,9720.67,9.302076555023923,729,0.045205479452054796,4,Loyal Customers
14086.0,463,1,39.95,39.95,0,1.0,1,At-Risk Customers
14087.0,3,3,829.47,3.8942253521126764,732,0.004092769440654843,0,Regular Customers
14088.0,10,16,64036.8,93.89560117302054,410,0.038929440389294405,4,Loyal Customers
14089.0,57,1,158.75,12.211538461538462,0,1.0,0,Regular Customers
14090.0,325,1,76.32000000000001,76.32000000000001,0,1.0,1,At-Risk Customers
14091.0,654,2,9530.08,733.0830769230769,44,0.044444444444444446,1,At-Risk Customers
14092.0,8,24,7229.45,19.381903485254693,715,0.0335195530726257,4,Loyal Customers
14093.0,12,1,433.86,4.3386000000000005,0,1.0,0,Regular Customers
14094.0,440,1,311.77,7.250465116279069,0,1.0,1,At-Risk Customers
14095.0,723,1,2.95,2.95,0,1.0,1,At-Risk Customers
14096.0,4,17,65164.79,12.749909998043435,97,0.17346938775510204,4,Loyal Customers
14097.0,481,2,422.85999999999996,10.571499999999999,164,0.012121212121212121,1,At-Risk Customers
14098.0,37,1,147.35,7.016666666666667,0,1.0,0,Regular Customers
14099.0,16,20,5750.91,11.038214971209213,713,0.028011204481792718,4,Loyal Customers
14100.0,138,1,191.95000000000002,7.678000000000001,0,1.0,0,Regular Customers
14101.0,74,13,9961.93,110.68811111111111,547,0.023722627737226276,0,Regular Customers
14102.0,5,5,1105.8799999999999,19.066896551724135,39,0.125,0,Regular Customers
14104.0,155,5,743.53,5.507629629629629,405,0.012315270935960592,0,Regular Customers
14105.0,239,5,5988.83,21.465340501792113,482,0.010351966873706004,0,Regular Customers
14106.0,737,1,214.79999999999998,214.79999999999998,0,1.0,1,At-Risk Customers
14107.0,52,11,4877.3,20.666525423728814,678,0.016200294550810016,0,Regular Customers
14108.0,31,4,1044.96,20.095384615384617,707,0.005649717514124294,0,Regular Customers
14109.0,73,1,144.2,16.022222222222222,0,1.0,0,Regular Customers
14110.0,4,33,12987.95,32.55125313283208,735,0.04483695652173913,4,Loyal Customers
14111.0,14,4,692.85,69.285,227,0.017543859649122806,0,Regular Customers
14112.0,23,13,5834.59,17.897515337423314,631,0.020569620253164556,0,Regular Customers
14113.0,4,16,7092.610000000001,58.136147540983615,728,0.02194787379972565,0,Regular Customers
14114.0,274,7,1364.09,18.43364864864865,332,0.021021021021021023,0,Regular Customers
14115.0,502,2,622.6700000000001,28.303181818181823,165,0.012048192771084338,1,At-Risk Customers
14116.0,20,5,1382.74,19.204722222222223,101,0.049019607843137254,0,Regular Customers
14117.0,144,1,90.0,30.0,0,1.0,0,Regular Customers
14118.0,429,1,458.45,30.563333333333333,0,1.0,1,At-Risk Customers
14119.0,376,2,183.37,16.67,342,0.0058309037900874635,1,At-Risk Customers
14121.0,4,4,2780.15,17.485220125786164,56,0.07017543859649122,0,Regular Customers
14122.0,406,3,362.42,27.87846153846154,331,0.009036144578313253,1,At-Risk Customers
14123.0,733,1,436.18,18.174166666666668,0,1.0,1,At-Risk Customers
14124.0,84,1,419.58000000000004,83.91600000000001,0,1.0,0,Regular Customers
14125.0,11,3,2720.63,16.38933734939759,67,0.04411764705882353,0,Regular Customers
14126.0,8,4,1172.46,27.26651162790698,436,0.009153318077803204,0,Regular Customers
14127.0,123,6,1900.0800000000002,16.240000000000002,302,0.019801980198019802,0,Regular Customers
14128.0,61,3,924.21,14.218615384615385,490,0.006109979633401222,0,Regular Customers
14129.0,2,9,2591.34,23.77376146788991,577,0.015570934256055362,0,Regular Customers
14130.0,319,4,1858.77,8.448954545454546,408,0.009779951100244499,1,At-Risk Customers
14131.0,649,1,168.22,3.65695652173913,0,1.0,1,At-Risk Customers
14132.0,2,11,3586.0299999999997,17.930149999999998,181,0.06043956043956044,0,Regular Customers
14133.0,130,4,911.14,25.309444444444445,603,0.006622516556291391,0,Regular Customers
14134.0,383,15,11123.35,61.79638888888889,347,0.04310344827586207,1,At-Risk Customers
14135.0,2,24,8839.67,40.363789954337896,736,0.032564450474898234,4,Loyal Customers
14136.0,401,5,1570.81,14.818962264150944,331,0.015060240963855422,1,At-Risk Customers
14137.0,696,1,332.7,30.245454545454546,0,1.0,1,At-Risk Customers
14138.0,2,2,965.8800000000001,20.99739130434783,62,0.031746031746031744,0,Regular Customers
14139.0,46,4,1086.8,15.75072463768116,496,0.008048289738430584,0,Regular Customers
14140.0,4,2,935.05,14.167424242424241,27,0.07142857142857142,0,Regular Customers
14141.0,3,4,915.13,22.87825,102,0.038834951456310676,0,Regular Customers
14142.0,373,2,671.34,15.257727272727273,273,0.0072992700729927005,1,At-Risk Customers
14143.0,134,1,115.8,16.54285714285714,0,1.0,0,Regular Customers
14144.0,486,1,30.599999999999998,30.599999999999998,0,1.0,1,At-Risk Customers
14145.0,47,7,7600.05,304.002,564,0.012389380530973451,0,Regular Customers
14146.0,9,12,9450.3,20.724342105263155,686,0.017467248908296942,0,Regular Customers
14147.0,78,9,2590.2,86.33999999999999,562,0.015985790408525755,0,Regular Customers
14148.0,234,2,466.29,27.428823529411765,180,0.011049723756906077,0,Regular Customers
14149.0,221,1,446.62,15.950714285714286,0,1.0,0,Regular Customers
14150.0,36,2,658.64,25.33230769230769,324,0.006153846153846154,0,Regular Customers
14151.0,673,2,679.45,15.442045454545456,43,0.045454545454545456,1,At-Risk Customers
14152.0,75,7,1997.3400000000001,15.017593984962406,583,0.011986301369863013,0,Regular Customers
14153.0,483,1,233.4,13.729411764705883,0,1.0,1,At-Risk Customers
14154.0,239,8,6460.7,22.12568493150685,456,0.0175054704595186,0,Regular Customers
14155.0,266,1,118.75,19.791666666666668,0,1.0,0,Regular Customers
14156.0,10,156,313437.62,77.62199603764239,728,0.2139917695473251,2,VIP Customers
14157.0,20,5,978.69,11.514000000000001,626,0.007974481658692184,0,Regular Customers
14158.0,40,1,507.66,12.381951219512196,0,1.0,0,Regular Customers
14159.0,20,20,7860.8,4.281481481481482,717,0.027855153203342618,4,Loyal Customers
14160.0,610,7,8421.47,78.70532710280374,88,0.07865168539325842,1,At-Risk Customers
14161.0,216,7,2996.93,10.819241877256317,510,0.0136986301369863,0,Regular Customers
14162.0,174,2,289.36,11.5744,118,0.01680672268907563,0,Regular Customers
14163.0,87,5,2594.62,44.7348275862069,374,0.013333333333333334,0,Regular Customers
14164.0,71,2,1631.77,56.26793103448276,10,0.18181818181818182,0,Regular Customers
14165.0,276,1,120.44,5.0183333333333335,0,1.0,1,At-Risk Customers
14166.0,505,2,251.15,4.924509803921569,121,0.01639344262295082,1,At-Risk Customers
14167.0,39,8,1274.29,11.080782608695651,641,0.012461059190031152,0,Regular Customers
14168.0,421,2,370.45,24.696666666666665,143,0.013888888888888888,1,At-Risk Customers
14169.0,431,2,621.51,9.71109375,13,0.14285714285714285,1,At-Risk Customers
14170.0,375,3,570.18,3.9322758620689653,19,0.15,1,At-Risk Customers
14171.0,98,2,498.79,7.79359375,632,0.00315955766192733,0,Regular Customers
14172.0,605,3,369.02,8.386818181818182,37,0.07894736842105263,1,At-Risk Customers
14173.0,11,6,586.0,17.757575757575758,719,0.008333333333333333,0,Regular Customers
14174.0,33,1,134.46,5.171538461538462,0,1.0,0,Regular Customers
14175.0,60,8,7678.88,23.1990332326284,568,0.014059753954305799,0,Regular Customers
14176.0,297,5,756.46,20.444864864864865,83,0.05952380952380952,1,At-Risk Customers
14177.0,86,13,2209.69,10.778975609756097,565,0.022968197879858657,0,Regular Customers
14178.0,9,7,1600.26,5.032264150943396,173,0.040229885057471264,0,Regular Customers
14179.0,41,2,701.57,4.46859872611465,11,0.16666666666666666,0,Regular Customers
14180.0,11,33,6117.5,21.16782006920415,537,0.06133828996282528,4,Loyal Customers
14181.0,411,2,308.35,5.929807692307692,151,0.013157894736842105,1,At-Risk Customers
14182.0,444,4,678.77,13.5754,152,0.026143790849673203,1,At-Risk Customers
14183.0,411,2,278.34000000000003,8.186470588235295,69,0.02857142857142857,1,At-Risk Customers
14184.0,67,1,452.89,18.870416666666667,0,1.0,0,Regular Customers
14185.0,331,1,197.65,65.88333333333334,0,1.0,1,At-Risk Customers
14186.0,427,5,1550.63,14.909903846153847,217,0.022935779816513763,1,At-Risk Customers
14187.0,474,1,123.5,15.4375,0,1.0,1,At-Risk Customers
14188.0,31,6,2054.36,31.605538461538462,279,0.02142857142857143,0,Regular Customers
14189.0,2,16,5503.15,17.92557003257329,386,0.041343669250646,0,Regular Customers
14190.0,666,1,79.9,79.9,0,1.0,1,At-Risk Customers
14191.0,2,15,4817.66,18.17984905660377,726,0.02063273727647868,0,Regular Customers
14192.0,388,1,293.74,20.981428571428573,0,1.0,1,At-Risk Customers
14193.0,68,3,1210.19,18.90921875,328,0.00911854103343465,0,Regular Customers
14194.0,5,36,18670.59,19.611964285714286,697,0.05157593123209169,4,Loyal Customers
14195.0,202,6,2615.6,163.475,432,0.013856812933025405,0,Regular Customers
14196.0,107,1,335.52,55.919999999999995,0,1.0,0,Regular Customers
14197.0,411,1,390.05,19.5025,0,1.0,1,At-Risk Customers
14198.0,18,9,1569.73,17.24978021978022,685,0.013119533527696793,0,Regular Customers
14199.0,218,4,1091.7,60.650000000000006,312,0.012779552715654952,0,Regular Customers
14200.0,617,1,379.2,18.057142857142857,0,1.0,1,At-Risk Customers
14201.0,60,10,1193.54,21.70072727272727,528,0.01890359168241966,0,Regular Customers
14202.0,381,3,847.76,29.233103448275862,243,0.012295081967213115,1,At-Risk Customers
14203.0,397,1,339.34,21.20875,0,1.0,1,At-Risk Customers
14204.0,2,4,1024.83,4.658318181818181,735,0.005434782608695652,0,Regular Customers
14205.0,17,9,2414.2,19.627642276422762,625,0.01437699680511182,0,Regular Customers
14206.0,239,3,1185.01,16.690281690140846,163,0.018292682926829267,0,Regular Customers
14207.0,688,1,157.8,78.9,0,1.0,1,At-Risk Customers
14208.0,95,2,567.05,16.20142857142857,456,0.00437636761487965,0,Regular Customers
14209.0,11,15,4993.27,21.61588744588745,675,0.022189349112426034,0,Regular Customers
14210.0,106,16,5556.570000000001,17.69608280254777,597,0.026755852842809364,0,Regular Customers
14211.0,53,18,4402.29,18.342875,677,0.02654867256637168,0,Regular Customers
14212.0,90,2,2190.14,104.29238095238095,356,0.0056022408963585435,0,Regular Customers
14213.0,405,1,1192.2,238.44,0,1.0,1,At-Risk Customers
14214.0,31,5,1004.38,14.990746268656716,246,0.020242914979757085,0,Regular Customers
14215.0,12,9,3250.33,17.474892473118278,720,0.012482662968099861,0,Regular Customers
14216.0,3,5,2150.04,27.9225974025974,410,0.012165450121654502,0,Regular Customers
14217.0,2,23,3298.59,18.95741379310345,525,0.043726235741444866,4,Loyal Customers
14218.0,43,1,169.48000000000002,14.123333333333335,0,1.0,0,Regular Customers
14219.0,4,3,633.83,14.740232558139535,489,0.006122448979591836,0,Regular Customers
14220.0,247,4,1515.0,39.86842105263158,321,0.012422360248447204,0,Regular Customers
14221.0,42,17,6517.49,18.782391930835733,569,0.02982456140350877,0,Regular Customers
14222.0,177,1,683.17,16.662682926829266,0,1.0,0,Regular Customers
14223.0,92,3,991.13,16.518833333333333,171,0.01744186046511628,0,Regular Customers
14224.0,110,9,1841.71,8.042401746724892,433,0.020737327188940093,0,Regular Customers
14225.0,435,4,2031.07,23.617093023255812,261,0.015267175572519083,1,At-Risk Customers
14226.0,29,6,2985.13,30.774536082474228,412,0.014527845036319613,0,Regular Customers
14227.0,26,15,6368.71,16.8931299734748,643,0.023291925465838508,0,Regular Customers
14228.0,438,3,745.5,19.61842105263158,108,0.027522935779816515,1,At-Risk Customers
14229.0,52,7,2594.04,36.028333333333336,419,0.016666666666666666,0,Regular Customers
14230.0,436,3,979.8000000000001,29.69090909090909,112,0.02654867256637168,1,At-Risk Customers
14231.0,184,4,1235.6200000000001,17.90753623188406,267,0.014925373134328358,0,Regular Customers
14232.0,43,5,2048.07,17.80930434782609,221,0.02252252252252252,0,Regular Customers
14233.0,49,7,2904.27,39.784520547945206,594,0.011764705882352941,0,Regular Customers
14234.0,22,4,754.12,5.130068027210885,35,0.1111111111111111,0,Regular Customers
14235.0,75,9,4717.99,31.87831081081081,544,0.01651376146788991,0,Regular Customers
14236.0,81,5,1555.34,33.092340425531916,424,0.011764705882352941,0,Regular Customers
14237.0,373,2,471.14,18.12076923076923,217,0.009174311926605505,1,At-Risk Customers
14238.0,326,3,434.23,33.402307692307694,408,0.007334963325183374,1,At-Risk Customers
14239.0,43,21,4263.17,20.300809523809523,691,0.030346820809248554,4,Loyal Customers
14240.0,30,3,1247.49,20.450655737704917,393,0.007614213197969543,0,Regular Customers
14241.0,184,2,333.70000000000005,27.808333333333337,512,0.003898635477582846,0,Regular Customers
14242.0,235,2,280.55,17.534375,91,0.021739130434782608,0,Regular Customers
14243.0,9,17,7217.75,19.883608815426996,467,0.03632478632478633,0,Regular Customers
14244.0,661,1,366.41999999999996,22.901249999999997,0,1.0,1,At-Risk Customers
14245.0,220,2,1693.45,15.680092592592594,43,0.045454545454545456,0,Regular Customers
14246.0,111,3,1474.06,19.654133333333334,135,0.022058823529411766,0,Regular Customers
14247.0,278,5,753.56,6.668672566371681,273,0.01824817518248175,1,At-Risk Customers
14248.0,318,3,1032.95,21.977659574468085,197,0.015151515151515152,1,At-Risk Customers
14249.0,411,12,5400.461,19.854636029411765,268,0.04460966542750929,1,At-Risk Customers
14250.0,7,3,1904.05,17.153603603603603,82,0.03614457831325301,0,Regular Customers
14251.0,2,5,2879.7000000000003,36.91923076923077,55,0.08928571428571429,0,Regular Customers
14252.0,381,1,350.99,35.099000000000004,0,1.0,1,At-Risk Customers
14253.0,493,2,363.40000000000003,30.283333333333335,129,0.015384615384615385,1,At-Risk Customers
14254.0,433,1,601.03,26.13173913043478,0,1.0,1,At-Risk Customers
14255.0,546,1,1000.63,1000.63,0,1.0,1,At-Risk Customers
14256.0,260,5,2460.79,18.50218045112782,434,0.011494252873563218,0,Regular Customers
14257.0,64,9,5954.45,24.810208333333332,584,0.015384615384615385,0,Regular Customers
14258.0,9,25,32051.34,106.8378,726,0.0343878954607978,4,Loyal Customers
14259.0,142,1,120.0,24.0,0,1.0,0,Regular Customers
14260.0,471,3,824.28,16.16235294117647,77,0.038461538461538464,1,At-Risk Customers
14261.0,51,2,1163.45,22.37403846153846,27,0.07142857142857142,0,Regular Customers
14262.0,8,8,2618.23,18.3093006993007,232,0.034334763948497854,0,Regular Customers
14263.0,423,1,322.93,20.183125,0,1.0,1,At-Risk Customers
14264.0,155,6,1517.3600000000001,19.207088607594937,456,0.01312910284463895,0,Regular Customers
14265.0,109,4,1373.35,17.384177215189872,502,0.007952286282306162,0,Regular Customers
14266.0,428,1,40.56,40.56,0,1.0,1,At-Risk Customers
14267.0,163,3,1516.24,27.568,97,0.030612244897959183,0,Regular Customers
14268.0,471,1,354.85,18.676315789473687,0,1.0,1,At-Risk Customers
14269.0,439,1,295.73,18.483125,0,1.0,1,At-Risk Customers
14270.0,332,1,492.65000000000003,16.98793103448276,0,1.0,1,At-Risk Customers
14271.0,226,2,214.18,5.636315789473684,183,0.010869565217391304,0,Regular Customers
14272.0,74,4,920.81,14.38765625,508,0.007858546168958742,0,Regular Customers
14273.0,51,4,559.97,19.309310344827587,190,0.020942408376963352,0,Regular Customers
14274.0,686,1,256.6,17.10666666666667,0,1.0,1,At-Risk Customers
14275.0,396,6,1189.3799999999999,51.71217391304347,211,0.02830188679245283,1,At-Risk Customers
14276.0,99,7,2102.68,17.377520661157025,561,0.012455516014234875,0,Regular Customers
14277.0,15,9,17197.61,45.37627968337731,710,0.012658227848101266,0,Regular Customers
14278.0,410,1,205.83,15.833076923076923,0,1.0,1,At-Risk Customers
14279.0,521,2,191.86,63.95333333333334,160,0.012422360248447204,1,At-Risk Customers
14280.0,197,1,134.04,16.755,0,1.0,0,Regular Customers
14281.0,408,1,245.15,35.02142857142857,0,1.0,1,At-Risk Customers
14282.0,3,25,7250.76,30.337907949790797,659,0.03787878787878788,4,Loyal Customers
14283.0,463,4,628.4399999999999,15.327804878048779,106,0.037383177570093455,1,At-Risk Customers
14284.0,31,3,1299.65,19.39776119402985,622,0.004815409309791332,0,Regular Customers
14285.0,21,8,3284.42,53.84295081967213,710,0.011251758087201125,0,Regular Customers
14286.0,24,7,8479.76,16.993507014028058,712,0.009817671809256662,0,Regular Customers
14287.0,8,3,176.63,19.625555555555554,190,0.015706806282722512,0,Regular Customers
14288.0,213,1,426.6,26.6625,0,1.0,0,Regular Customers
14289.0,9,6,911.26,19.388510638297873,280,0.021352313167259787,0,Regular Customers
14290.0,11,8,4516.56,29.910993377483447,720,0.011095700416088766,0,Regular Customers
14291.0,2,23,7904.1,16.000202429149798,728,0.03155006858710562,4,Loyal Customers
14292.0,8,16,9226.25,47.80440414507772,623,0.02564102564102564,0,Regular Customers
14293.0,3,9,2903.01,24.395042016806723,726,0.012379642365887207,0,Regular Customers
14294.0,407,1,375.34,16.319130434782608,0,1.0,1,At-Risk Customers
14295.0,40,5,2362.91,32.818194444444444,691,0.0072254335260115606,0,Regular Customers
14296.0,421,2,456.40000000000003,16.903703703703705,152,0.013071895424836602,1,At-Risk Customers
14297.0,18,4,1305.33,21.053709677419352,257,0.015503875968992248,0,Regular Customers
14298.0,8,82,91194.49,31.841651536312852,719,0.11388888888888889,3,Premium Customers
14299.0,8,27,14070.25,42.00074626865672,729,0.036986301369863014,4,Loyal Customers
14300.0,19,1,43.2,14.4,0,1.0,0,Regular Customers
14301.0,117,4,1992.18,37.58830188679245,549,0.007272727272727273,0,Regular Customers
14302.0,431,3,742.9000000000001,26.532142857142862,306,0.009771986970684038,1,At-Risk Customers
14303.0,407,2,277.94,12.633636363636363,27,0.07142857142857142,1,At-Risk Customers
14304.0,223,3,1725.01,19.602386363636363,348,0.008595988538681949,0,Regular Customers
14305.0,71,3,1858.96,17.70438095238095,64,0.046153846153846156,0,Regular Customers
14306.0,51,6,3151.4,68.50869565217391,625,0.009584664536741214,0,Regular Customers
14307.0,89,10,4287.92,16.366106870229007,643,0.015527950310559006,0,Regular Customers
14308.0,549,2,1147.02,573.51,0,2.0,1,At-Risk Customers
14309.0,8,11,3780.81,20.004285714285714,542,0.020257826887661142,0,Regular Customers
14310.0,433,1,492.1,22.36818181818182,0,1.0,1,At-Risk Customers
14311.0,243,2,516.45,16.65967741935484,324,0.006153846153846154,0,Regular Customers
14312.0,47,11,3090.29,17.168277777777778,457,0.024017467248908297,0,Regular Customers
14314.0,107,2,229.8,22.98,324,0.006153846153846154,0,Regular Customers
14315.0,45,8,3197.82,24.043759398496242,589,0.013559322033898305,0,Regular Customers
14316.0,422,5,1370.34,44.20451612903226,208,0.023923444976076555,1,At-Risk Customers
14317.0,65,1,508.58000000000004,21.190833333333334,0,1.0,0,Regular Customers
14318.0,460,1,158.02,17.55777777777778,0,1.0,1,At-Risk Customers
14319.0,424,1,494.85,19.032692307692308,0,1.0,1,At-Risk Customers
14320.0,207,5,1346.75,16.626543209876544,480,0.010395010395010396,0,Regular Customers
14321.0,11,7,2218.06,12.391396648044692,462,0.01511879049676026,0,Regular Customers
14322.0,429,4,474.1,36.46923076923077,230,0.017316017316017316,1,At-Risk Customers
14323.0,115,2,605.0600000000001,16.807222222222222,123,0.016129032258064516,0,Regular Customers
14324.0,410,2,701.61,17.112439024390245,283,0.007042253521126761,1,At-Risk Customers
14325.0,570,1,245.48000000000002,13.637777777777778,0,1.0,1,At-Risk Customers
14326.0,242,3,940.98,16.50842105263158,290,0.010309278350515464,0,Regular Customers
14327.0,163,6,1894.93,17.87669811320755,536,0.0111731843575419,0,Regular Customers
14328.0,438,1,445.05,445.05,0,1.0,1,At-Risk Customers
14329.0,17,15,9887.62,17.912355072463768,706,0.021216407355021217,0,Regular Customers
14330.0,624,1,200.63,15.433076923076923,0,1.0,1,At-Risk Customers
14331.0,124,2,462.65999999999997,16.523571428571426,10,0.18181818181818182,0,Regular Customers
14332.0,23,5,1917.41,30.925967741935484,393,0.012690355329949238,0,Regular Customers
14333.0,68,1,415.2,27.68,0,1.0,0,Regular Customers
14334.0,17,12,4318.48,16.738294573643408,551,0.021739130434782608,0,Regular Customers
14335.0,16,2,454.86,7.581,80,0.024691358024691357,0,Regular Customers
14336.0,17,4,1614.91,17.943444444444445,259,0.015384615384615385,0,Regular Customers
14338.0,161,3,928.1,18.562,375,0.007978723404255319,0,Regular Customers
14339.0,243,2,620.27,26.968260869565217,186,0.0106951871657754,0,Regular Customers
14340.0,219,1,134.7,22.45,0,1.0,0,Regular Customers
14341.0,45,18,4452.02,16.800075471698115,693,0.025936599423631124,0,Regular Customers
14342.0,21,6,918.44,27.831515151515152,451,0.01327433628318584,0,Regular Customers
14343.0,421,4,1079.66,4.613931623931625,268,0.01486988847583643,1,At-Risk Customers
14344.0,127,20,2993.05,13.013260869565219,498,0.04008016032064128,0,Regular Customers
14345.0,39,1,108.97999999999999,18.16333333333333,0,1.0,0,Regular Customers
14346.0,121,5,2315.75,15.861301369863014,376,0.013262599469496022,0,Regular Customers
14347.0,737,1,82.6,13.766666666666666,0,1.0,1,At-Risk Customers
14348.0,260,1,409.57,22.753888888888888,0,1.0,0,Regular Customers
14349.0,10,1,133.5,4.306451612903226,0,1.0,0,Regular Customers
14350.0,274,3,972.03,16.47508474576271,155,0.019230769230769232,1,At-Risk Customers
14351.0,165,1,51.0,51.0,0,1.0,0,Regular Customers
14352.0,157,4,1078.96,22.95659574468085,116,0.03418803418803419,0,Regular Customers
14353.0,215,3,376.5,15.06,216,0.013824884792626729,0,Regular Customers
14354.0,6,2,163.62,18.18,24,0.08,0,Regular Customers
14355.0,366,3,840.0500000000001,14.000833333333334,261,0.011450381679389313,1,At-Risk Customers
14356.0,80,2,701.23,21.24939393939394,1,1.0,0,Regular Customers
14357.0,43,1,225.12,5.628,0,1.0,0,Regular Customers
14358.0,389,2,400.06,16.0024,38,0.05128205128205128,1,At-Risk Customers
14359.0,19,3,912.18,16.58509090909091,68,0.043478260869565216,0,Regular Customers
14360.0,32,4,2118.03,18.102820512820514,62,0.06349206349206349,0,Regular Customers
14361.0,579,1,214.70999999999998,15.33642857142857,0,1.0,1,At-Risk Customers
14362.0,22,1,151.5,4.094594594594595,0,1.0,0,Regular Customers
14363.0,402,2,227.47000000000003,28.433750000000003,49,0.04,1,At-Risk Customers
14364.0,109,8,3717.35,53.87463768115942,102,0.07766990291262135,0,Regular Customers
14365.0,395,2,634.68,12.44470588235294,287,0.006944444444444444,1,At-Risk Customers
14366.0,525,1,136.0,136.0,0,1.0,1,At-Risk Customers
14367.0,8,16,9227.82,17.711746641074857,267,0.05970149253731343,0,Regular Customers
14368.0,320,1,155.0,19.375,0,1.0,1,At-Risk Customers
14369.0,642,2,469.13,18.04346153846154,19,0.1,1,At-Risk Customers
14370.0,451,6,1175.78,26.722272727272728,226,0.02643171806167401,1,At-Risk Customers
14371.0,295,1,100.5,25.125,0,1.0,1,At-Risk Customers
14372.0,443,2,860.08,22.633684210526315,156,0.012738853503184714,1,At-Risk Customers
14373.0,358,1,76.55,19.1375,0,1.0,1,At-Risk Customers
14374.0,541,1,108.0,15.428571428571429,0,1.0,1,At-Risk Customers
14375.0,185,3,1106.82,5.399121951219512,355,0.008426966292134831,0,Regular Customers
14376.0,683,1,215.46,11.97,0,1.0,1,At-Risk Customers
14377.0,191,2,617.05,56.095454545454544,70,0.028169014084507043,0,Regular Customers
14378.0,622,1,131.25,14.583333333333334,0,1.0,1,At-Risk Customers
14379.0,44,4,1265.16,9.8840625,436,0.009153318077803204,0,Regular Customers
14380.0,682,1,48.96,48.96,0,1.0,1,At-Risk Customers
14381.0,52,2,625.9399999999999,5.588749999999999,399,0.005,0,Regular Customers
14382.0,26,2,1193.6299999999999,4.278243727598566,363,0.005494505494505495,0,Regular Customers
14383.0,38,3,1247.69,21.14728813559322,125,0.023809523809523808,0,Regular Customers
14384.0,501,1,58.5,19.5,0,1.0,1,At-Risk Customers
14385.0,9,3,202.11,14.436428571428573,14,0.2,0,Regular Customers
14386.0,297,1,142.4,20.342857142857145,0,1.0,1,At-Risk Customers
14387.0,33,3,1727.6,12.428776978417266,76,0.03896103896103896,0,Regular Customers
14388.0,10,16,6388.2,16.254961832061067,678,0.023564064801178203,0,Regular Customers
14389.0,65,5,1898.01,21.816206896551723,525,0.009505703422053232,0,Regular Customers
14390.0,10,13,6150.03,13.39875816993464,414,0.03132530120481928,0,Regular Customers
14391.0,577,1,135.6,9.685714285714285,0,1.0,1,At-Risk Customers
14392.0,432,1,266.4,19.02857142857143,0,1.0,1,At-Risk Customers
14393.0,218,1,67.95,13.59,0,1.0,0,Regular Customers
14394.0,565,1,93.8,15.633333333333333,0,1.0,1,At-Risk Customers
14395.0,2,20,7801.93,10.015314505776637,598,0.0333889816360601,4,Loyal Customers
14396.0,65,7,1969.38,7.909156626506024,672,0.010401188707280832,0,Regular Customers
14397.0,3,19,2612.96,30.034022988505747,210,0.09004739336492891,0,Regular Customers
14398.0,401,2,707.79,13.354528301886791,126,0.015748031496062992,1,At-Risk Customers
14399.0,394,8,2108.21,10.980260416666667,280,0.028469750889679714,1,At-Risk Customers
14400.0,149,3,1732.47,23.73246575342466,482,0.006211180124223602,0,Regular Customers
14401.0,4,22,6795.9,25.5484962406015,721,0.030470914127423823,4,Loyal Customers
14402.0,652,1,285.6,35.7,0,1.0,1,At-Risk Customers
14403.0,130,6,1880.51,75.2204,508,0.011787819253438114,0,Regular Customers
14404.0,34,13,2724.13,15.050441988950277,685,0.018950437317784258,0,Regular Customers
14405.0,387,1,195.0,97.5,0,1.0,1,At-Risk Customers
14406.0,119,1,156.75,19.59375,0,1.0,0,Regular Customers
14407.0,107,6,2157.73,29.557945205479452,169,0.03529411764705882,0,Regular Customers
14408.0,11,11,4102.27,32.048984375,721,0.015235457063711912,0,Regular Customers
14409.0,71,9,3427.29,32.95471153846154,496,0.018108651911468814,0,Regular Customers
14410.0,92,11,2631.9,6.8361038961038965,344,0.03188405797101449,0,Regular Customers
14411.0,311,1,1063.0,75.92857142857143,0,1.0,1,At-Risk Customers
14412.0,43,3,1426.19,16.978452380952383,381,0.007853403141361256,0,Regular Customers
14413.0,362,4,764.52,7.96375,326,0.012232415902140673,1,At-Risk Customers
14414.0,92,8,2399.33,20.333305084745763,283,0.028169014084507043,0,Regular Customers
14415.0,1,23,11980.09,9.708338735818476,722,0.0318118948824343,4,Loyal Customers
14416.0,22,2,490.22,35.01571428571429,20,0.09523809523809523,0,Regular Customers
14417.0,388,1,524.65,4.484188034188034,0,1.0,1,At-Risk Customers
14418.0,4,3,1937.25,15.622983870967742,104,0.02857142857142857,0,Regular Customers
14419.0,11,7,1254.64,5.576177777777779,372,0.01876675603217158,0,Regular Customers
14420.0,99,4,1639.17,17.62548387096774,592,0.006745362563237774,0,Regular Customers
14421.0,57,6,2469.37,25.722604166666667,634,0.009448818897637795,0,Regular Customers
14422.0,1,19,10271.52,18.60782608695652,721,0.02631578947368421,4,Loyal Customers
14423.0,218,3,916.6099999999999,61.10733333333333,476,0.006289308176100629,0,Regular Customers
14424.0,18,1,322.08,322.08,0,1.0,0,Regular Customers
14425.0,435,3,661.39,16.958717948717947,302,0.009900990099009901,1,At-Risk Customers
14426.0,24,17,11727.94,19.417119205298015,621,0.027331189710610933,4,Loyal Customers
14427.0,50,4,1263.52,28.716363636363635,581,0.006872852233676976,0,Regular Customers
14428.0,7,5,1224.06,8.934744525547444,317,0.015723270440251572,0,Regular Customers
14429.0,404,1,516.28,23.467272727272725,0,1.0,1,At-Risk Customers
14430.0,512,3,1220.9,34.88285714285715,95,0.03125,1,At-Risk Customers
14431.0,303,4,2614.2,32.27407407407407,384,0.01038961038961039,1,At-Risk Customers
14432.0,10,6,2248.5,5.964190981432361,79,0.075,0,Regular Customers
14433.0,466,1,280.7,3.7932432432432432,0,1.0,1,At-Risk Customers
14434.0,22,6,1372.8,114.39999999999999,50,0.11764705882352941,0,Regular Customers
14435.0,502,1,90.42,30.14,0,1.0,1,At-Risk Customers
14436.0,99,2,271.70000000000005,24.700000000000003,454,0.004395604395604396,0,Regular Customers
14437.0,366,5,873.34,20.793809523809525,217,0.022935779816513763,1,At-Risk Customers
14438.0,306,1,131.9,14.655555555555557,0,1.0,1,At-Risk Customers
14439.0,320,5,9443.04,73.20186046511628,367,0.01358695652173913,1,At-Risk Customers
14440.0,8,13,5982.03,46.734609375,729,0.01780821917808219,0,Regular Customers
14441.0,1,11,4611.6900000000005,29.946038961038965,689,0.015942028985507246,0,Regular Customers
14442.0,205,7,5367.0199999999995,29.3279781420765,485,0.01440329218106996,0,Regular Customers
14443.0,54,5,2082.97,15.66142857142857,325,0.015337423312883436,0,Regular Customers
14444.0,456,1,120.44,10.94909090909091,0,1.0,1,At-Risk Customers
14445.0,456,1,221.65,6.9265625,0,1.0,1,At-Risk Customers
14446.0,1,5,1200.28,3.762633228840125,385,0.012953367875647668,0,Regular Customers
14447.0,19,6,1711.73,16.148396226415095,381,0.015706806282722512,0,Regular Customers
14448.0,9,2,375.35,18.767500000000002,354,0.005633802816901409,0,Regular Customers
14449.0,19,8,2230.96,4.61896480331263,417,0.019138755980861243,0,Regular Customers
14450.0,181,7,1128.44,14.847894736842106,429,0.01627906976744186,0,Regular Customers
14451.0,60,12,3258.68,6.364609375,631,0.0189873417721519,0,Regular Customers
14452.0,11,4,658.95,5.108139534883721,510,0.007827788649706457,0,Regular Customers
14453.0,190,1,119.93,5.451363636363637,0,1.0,0,Regular Customers
14454.0,376,5,977.3,8.884545454545455,357,0.013966480446927373,1,At-Risk Customers
14455.0,432,4,617.72,8.022337662337662,63,0.0625,1,At-Risk Customers
14456.0,5,9,3017.28,3.1861457233368533,137,0.06521739130434782,0,Regular Customers
14457.0,311,1,113.64,28.41,0,1.0,1,At-Risk Customers
14458.0,381,1,228.07,4.852553191489362,0,1.0,1,At-Risk Customers
14459.0,155,2,5375.741,47.57292920353982,496,0.004024144869215292,0,Regular Customers
14460.0,110,9,1093.5,26.035714285714285,613,0.014657980456026058,0,Regular Customers
14461.0,148,13,6676.91,10.498286163522012,542,0.02394106813996317,0,Regular Customers
14462.0,66,12,2242.81,7.98153024911032,366,0.0326975476839237,0,Regular Customers
14463.0,98,4,786.5699999999999,98.32124999999999,401,0.009950248756218905,0,Regular Customers
14464.0,568,2,111.0,27.75,59,0.03333333333333333,1,At-Risk Customers
14465.0,247,11,3925.85,20.34119170984456,454,0.024175824175824177,0,Regular Customers
14466.0,29,13,4267.15,20.714320388349513,696,0.018651362984218076,0,Regular Customers
14467.0,18,12,2203.2400000000002,7.271419141914192,720,0.016643550624133148,0,Regular Customers
14468.0,734,1,204.24,17.02,0,1.0,1,At-Risk Customers
14469.0,416,4,2093.46,14.437655172413793,263,0.015151515151515152,1,At-Risk Customers
14470.0,12,3,712.04,11.867333333333333,418,0.007159904534606206,0,Regular Customers
14471.0,591,2,400.95,9.779268292682927,141,0.014084507042253521,1,At-Risk Customers
14472.0,104,9,2118.72,6.856699029126213,585,0.015358361774744027,0,Regular Customers
14473.0,74,2,234.34000000000003,33.47714285714286,208,0.009569377990430622,0,Regular Customers
14474.0,46,2,1258.8899999999999,9.912519685039369,533,0.003745318352059925,0,Regular Customers
14475.0,72,4,1151.15,23.98229166666667,337,0.011834319526627219,0,Regular Customers
14476.0,257,1,193.0,11.352941176470589,0,1.0,0,Regular Customers
14477.0,20,7,1969.6,140.68571428571428,684,0.010218978102189781,0,Regular Customers
14478.0,382,4,1276.66,18.774411764705885,356,0.011204481792717087,1,At-Risk Customers
14479.0,254,4,1124.71,8.091438848920864,479,0.008333333333333333,0,Regular Customers
14480.0,11,4,1299.52,19.992615384615384,707,0.005649717514124294,0,Regular Customers
14481.0,165,5,2284.69,15.231266666666667,512,0.009746588693957114,0,Regular Customers
14482.0,18,12,4306.72,17.65049180327869,451,0.02654867256637168,0,Regular Customers
14483.0,282,2,257.1,19.77692307692308,455,0.0043859649122807015,1,At-Risk Customers
14484.0,50,4,1070.98,20.207169811320757,672,0.005943536404160475,0,Regular Customers
14485.0,39,1,162.8,3.539130434782609,0,1.0,0,Regular Customers
14486.0,512,2,175.5,29.25,41,0.047619047619047616,1,At-Risk Customers
14487.0,27,7,1266.27,7.5373214285714285,352,0.019830028328611898,0,Regular Customers
14488.0,68,1,1064.28,23.136521739130433,0,1.0,0,Regular Customers
14489.0,207,4,1574.93,15.7493,405,0.009852216748768473,0,Regular Customers
14490.0,406,2,1273.47,15.918375000000001,22,0.08695652173913043,1,At-Risk Customers
14491.0,175,2,340.93,20.05470588235294,197,0.010101010101010102,0,Regular Customers
14492.0,430,7,1921.91,20.890326086956524,188,0.037037037037037035,1,At-Risk Customers
14493.0,7,10,5087.86,14.331999999999999,634,0.015748031496062992,0,Regular Customers
14494.0,26,3,401.46,23.615294117647057,705,0.00424929178470255,0,Regular Customers
14495.0,51,3,174.8,24.97142857142857,609,0.004918032786885246,0,Regular Customers
14496.0,312,7,2363.89,22.300849056603774,321,0.021739130434782608,1,At-Risk Customers
14497.0,309,2,697.0600000000001,17.4265,364,0.005479452054794521,1,At-Risk Customers
14498.0,43,10,3900.83,10.571355013550136,507,0.01968503937007874,0,Regular Customers
14499.0,26,7,2101.79,6.758167202572347,443,0.015765765765765764,0,Regular Customers
14500.0,88,3,356.85,50.978571428571435,101,0.029411764705882353,0,Regular Customers
14501.0,184,2,251.21,25.121000000000002,136,0.014598540145985401,0,Regular Customers
14502.0,20,11,2429.83,3.9964309210526316,293,0.03741496598639456,0,Regular Customers
14503.0,3,6,3543.26,21.605243902439025,175,0.03409090909090909,0,Regular Customers
14504.0,47,4,673.26,6.2921495327102805,231,0.017241379310344827,0,Regular Customers
14505.0,17,19,11879.08,7.542273015873016,713,0.02661064425770308,4,Loyal Customers
14506.0,17,7,2960.25,7.437814070351759,582,0.012006861063464836,0,Regular Customers
14507.0,24,11,3216.7400000000002,12.467984496124032,705,0.015580736543909348,0,Regular Customers
14508.0,22,5,822.92,4.6492655367231635,518,0.009633911368015413,0,Regular Customers
14509.0,534,1,110.95,4.438,0,1.0,1,At-Risk Customers
14510.0,376,3,979.85,13.064666666666668,60,0.04918032786885246,1,At-Risk Customers
14511.0,11,5,1314.81,19.33544117647059,122,0.04065040650406504,0,Regular Customers
14512.0,188,7,1215.97,15.392025316455696,544,0.012844036697247707,0,Regular Customers
14513.0,101,6,788.01,41.47421052631579,467,0.01282051282051282,0,Regular Customers
14514.0,61,9,4380.04,13.730532915360502,665,0.013513513513513514,0,Regular Customers
14515.0,18,12,3724.06,21.52635838150289,532,0.0225140712945591,0,Regular Customers
14516.0,516,1,151.17,4.3191428571428565,0,1.0,1,At-Risk Customers
14517.0,33,2,330.45,18.358333333333334,108,0.01834862385321101,0,Regular Customers
14518.0,64,1,174.37,10.898125,0,1.0,0,Regular Customers
14519.0,684,2,203.14,5.34578947368421,45,0.043478260869565216,1,At-Risk Customers
14520.0,2,2,270.6,67.65,289,0.006896551724137931,0,Regular Customers
14521.0,491,1,199.45000000000002,11.732352941176472,0,1.0,1,At-Risk Customers
14522.0,24,8,1748.42,38.85377777777778,659,0.012121212121212121,0,Regular Customers
14523.0,108,1,241.09,20.090833333333332,0,1.0,0,Regular Customers
14524.0,32,13,2909.86,9.036832298136646,385,0.03367875647668394,0,Regular Customers
14525.0,20,17,8026.54,15.25958174904943,706,0.024045261669024046,0,Regular Customers
14526.0,389,1,258.65,6.308536585365853,0,1.0,1,At-Risk Customers
14527.0,3,122,27246.88,10.324698749526336,735,0.16576086956521738,3,Premium Customers
14528.0,37,1,364.21999999999997,20.234444444444442,0,1.0,0,Regular Customers
14529.0,60,3,578.61,2.7164788732394367,50,0.058823529411764705,0,Regular Customers
14530.0,26,16,6088.87,12.872875264270613,661,0.02416918429003021,0,Regular Customers
14531.0,480,1,376.34,12.977241379310344,0,1.0,1,At-Risk Customers
14532.0,236,11,3845.78,12.247707006369428,462,0.023758099352051837,0,Regular Customers
14533.0,25,11,3466.37,38.947977528089886,585,0.01877133105802048,0,Regular Customers
14534.0,3,26,6187.66,8.65406993006993,631,0.04113924050632911,4,Loyal Customers
14535.0,60,9,5973.2300000000005,7.240278787878789,593,0.015151515151515152,0,Regular Customers
14536.0,260,1,170.95,9.497222222222222,0,1.0,0,Regular Customers
14537.0,58,2,641.4,27.88695652173913,565,0.0035335689045936395,0,Regular Customers
14538.0,65,5,1370.8400000000001,26.362307692307695,618,0.008077544426494346,0,Regular Customers
14539.0,16,2,537.48,16.79625,28,0.06896551724137931,0,Regular Customers
14540.0,10,11,3709.64,14.051666666666666,722,0.015214384508990318,0,Regular Customers
14541.0,59,14,2491.38,14.236457142857143,642,0.02177293934681182,0,Regular Customers
14542.0,186,1,103.25,20.65,0,1.0,0,Regular Customers
14543.0,29,39,14587.87,68.81070754716981,709,0.054929577464788736,4,Loyal Customers
14544.0,24,3,2938.53,15.714064171122995,445,0.006726457399103139,0,Regular Customers
14545.0,674,1,349.25,15.184782608695652,0,1.0,1,At-Risk Customers
14546.0,5,11,5184.84,6.563088607594937,727,0.01510989010989011,0,Regular Customers
14547.0,4,8,3974.75,11.196478873239437,50,0.1568627450980392,0,Regular Customers
14548.0,151,9,2541.29,23.102636363636364,582,0.015437392795883362,0,Regular Customers
14549.0,311,4,913.6,6.388811188811189,425,0.009389671361502348,1,At-Risk Customers
14550.0,11,4,1345.06,13.866597938144329,473,0.008438818565400843,0,Regular Customers
14551.0,18,7,878.09,11.115063291139242,663,0.010542168674698794,0,Regular Customers
14552.0,152,3,507.93,3.298246753246753,440,0.006802721088435374,0,Regular Customers
14553.0,19,9,1818.6,6.314583333333333,490,0.018329938900203666,0,Regular Customers
14554.0,10,4,2279.4900000000002,11.229014778325125,42,0.09302325581395349,0,Regular Customers
14555.0,57,6,2304.03,19.692564102564106,664,0.009022556390977444,0,Regular Customers
14556.0,596,3,815.69,4.161683673469388,92,0.03225806451612903,1,At-Risk Customers
14557.0,85,1,788.38,49.27375,0,1.0,0,Regular Customers
14558.0,654,3,655.5,43.7,77,0.038461538461538464,1,At-Risk Customers
14559.0,390,1,75.6,37.8,0,1.0,1,At-Risk Customers
14560.0,7,44,6114.03,30.570149999999998,730,0.060191518467852256,4,Loyal Customers
14561.0,76,3,1080.76,15.6631884057971,108,0.027522935779816515,0,Regular Customers
14562.0,4,26,6638.150000000001,11.045174708818637,666,0.038980509745127435,4,Loyal Customers
14563.0,510,2,640.54,6.042830188679245,82,0.024096385542168676,1,At-Risk Customers
14564.0,435,2,2605.62,24.35158878504673,300,0.006644518272425249,1,At-Risk Customers
14565.0,96,5,3859.2200000000003,24.120125,377,0.013227513227513227,0,Regular Customers
14566.0,111,4,4092.0,255.75,423,0.009433962264150943,0,Regular Customers
14567.0,57,2,1530.3600000000001,46.374545454545455,73,0.02702702702702703,0,Regular Customers
14568.0,435,1,919.7,19.56808510638298,0,1.0,1,At-Risk Customers
14569.0,1,4,597.3299999999999,17.568529411764704,602,0.006633499170812604,0,Regular Customers
14570.0,281,3,613.75,9.025735294117647,162,0.018404907975460124,1,At-Risk Customers
14571.0,425,1,160.0,5.333333333333333,0,1.0,1,At-Risk Customers
14572.0,3,11,5526.88,10.901143984220907,618,0.017770597738287562,0,Regular Customers
14573.0,180,13,2163.12,6.977806451612903,520,0.02495201535508637,0,Regular Customers
14574.0,733,1,143.70000000000002,13.063636363636364,0,1.0,1,At-Risk Customers
14575.0,488,1,420.22,5.836388888888889,0,1.0,1,At-Risk Customers
14576.0,372,1,35.400000000000006,35.400000000000006,0,1.0,1,At-Risk Customers
14577.0,13,7,1364.15,7.495329670329671,716,0.009762900976290097,0,Regular Customers
14578.0,3,1,168.63,7.02625,0,1.0,0,Regular Customers
14579.0,432,1,105.56,4.2224,0,1.0,1,At-Risk Customers
14580.0,518,1,14.850000000000001,14.850000000000001,0,1.0,1,At-Risk Customers
14581.0,17,2,409.65,6.8275,527,0.003787878787878788,0,Regular Customers
14582.0,41,1,114.11,19.018333333333334,0,1.0,0,Regular Customers
14583.0,6,8,1660.29,3.5782112068965515,615,0.012987012987012988,0,Regular Customers
14584.0,169,8,1738.16,7.973211009174312,491,0.016260162601626018,0,Regular Customers
14585.0,50,5,1143.27,10.29972972972973,366,0.013623978201634877,0,Regular Customers
14586.0,277,1,237.36,12.49263157894737,0,1.0,1,At-Risk Customers
14587.0,19,9,1580.29,4.259541778975741,312,0.02875399361022364,0,Regular Customers
14588.0,578,1,135.39,8.461875,0,1.0,1,At-Risk Customers
14589.0,372,1,39.75,13.25,0,1.0,1,At-Risk Customers
14590.0,425,20,2993.37,14.818663366336633,307,0.06493506493506493,1,At-Risk Customers
14591.0,15,4,1320.21,7.501193181818182,197,0.020202020202020204,0,Regular Customers
14592.0,35,3,557.94,3.5312658227848104,28,0.10344827586206896,0,Regular Customers
14593.0,22,12,3665.5299999999997,5.999230769230769,708,0.01692524682651622,0,Regular Customers
14594.0,7,2,363.33,6.987115384615384,365,0.00546448087431694,0,Regular Customers
14595.0,20,8,2164.45,15.915073529411764,668,0.01195814648729447,0,Regular Customers
14596.0,627,1,222.22000000000003,4.192830188679245,0,1.0,1,At-Risk Customers
14597.0,11,6,2184.63,22.996105263157897,425,0.014084507042253521,0,Regular Customers
14598.0,44,2,384.04,4.267111111111111,525,0.0038022813688212928,0,Regular Customers
14599.0,390,2,457.89,5.796075949367088,118,0.01680672268907563,1,At-Risk Customers
14600.0,306,2,865.1700000000001,16.02166666666667,87,0.022727272727272728,1,At-Risk Customers
14601.0,11,1,213.96,30.565714285714286,0,1.0,0,Regular Customers
14602.0,656,1,205.35999999999999,6.624516129032258,0,1.0,1,At-Risk Customers
14603.0,275,1,660.0,330.0,0,1.0,1,At-Risk Customers
14604.0,633,1,143.85999999999999,6.254782608695652,0,1.0,1,At-Risk Customers
14605.0,374,4,921.5600000000001,8.532962962962964,357,0.0111731843575419,1,At-Risk Customers
14606.0,1,192,29951.37,4.710075483566598,735,0.2608695652173913,3,Premium Customers
14607.0,16,22,23763.13,117.05975369458129,708,0.031029619181946404,4,Loyal Customers
14608.0,4,11,3352.94,77.97534883720931,729,0.015068493150684932,0,Regular Customers
14609.0,72,10,1486.2,114.32307692307693,596,0.01675041876046901,0,Regular Customers
14610.0,396,2,24.35,2.435,118,0.01680672268907563,1,At-Risk Customers
14611.0,444,2,604.3299999999999,15.903421052631577,154,0.012903225806451613,1,At-Risk Customers
14612.0,415,1,877.7,62.69285714285714,0,1.0,1,At-Risk Customers
14613.0,680,1,76.32000000000001,76.32000000000001,0,1.0,1,At-Risk Customers
14614.0,386,1,295.13,15.533157894736842,0,1.0,1,At-Risk Customers
14615.0,394,5,951.76,19.828333333333333,153,0.032467532467532464,1,At-Risk Customers
14616.0,243,5,527.78,105.556,306,0.016286644951140065,0,Regular Customers
14617.0,403,2,190.47000000000003,21.163333333333338,13,0.14285714285714285,1,At-Risk Customers
14618.0,9,7,1342.32,26.32,537,0.013011152416356878,0,Regular Customers
14619.0,246,2,1291.24,21.520666666666667,295,0.006756756756756757,0,Regular Customers
14620.0,206,2,412.78000000000003,15.876153846153848,78,0.02531645569620253,0,Regular Customers
14621.0,1,9,3000.57,18.871509433962267,682,0.013177159590043924,0,Regular Customers
14622.0,185,1,320.58000000000004,15.265714285714287,0,1.0,0,Regular Customers
14623.0,32,10,2016.98,7.152411347517731,569,0.017543859649122806,0,Regular Customers
14624.0,57,6,814.07,15.962156862745099,547,0.010948905109489052,0,Regular Customers
14625.0,196,11,4497.88,16.90932330827068,527,0.020833333333333332,0,Regular Customers
14626.0,24,11,5410.92,23.32293103448276,705,0.015580736543909348,0,Regular Customers
14627.0,379,1,462.75,15.956896551724139,0,1.0,1,At-Risk Customers
14628.0,91,5,1998.0,23.232558139534884,592,0.008431703204047217,0,Regular Customers
14629.0,4,2,955.26,6.3684,43,0.045454545454545456,0,Regular Customers
14630.0,484,1,338.65,16.126190476190477,0,1.0,1,At-Risk Customers
14631.0,51,6,2025.69,22.26032967032967,436,0.013729977116704805,0,Regular Customers
14632.0,263,1,114.56,14.32,0,1.0,0,Regular Customers
14633.0,266,1,344.90000000000003,17.245,0,1.0,0,Regular Customers
14634.0,438,4,2124.46,19.49045871559633,104,0.0380952380952381,1,At-Risk Customers
14635.0,454,1,215.22,14.348,0,1.0,1,At-Risk Customers
14636.0,36,2,609.85,21.780357142857145,232,0.008583690987124463,0,Regular Customers
14637.0,677,1,106.67999999999999,15.239999999999998,0,1.0,1,At-Risk Customers
14638.0,51,1,443.6,27.725,0,1.0,0,Regular Customers
14639.0,52,9,4978.96,17.05123287671233,609,0.014754098360655738,0,Regular Customers
14640.0,24,10,3649.36,17.97714285714286,661,0.015105740181268883,0,Regular Customers
14641.0,22,1,110.46,15.78,0,1.0,0,Regular Customers
14642.0,59,1,96.12,48.06,0,1.0,0,Regular Customers
14643.0,170,5,1679.89,27.095000000000002,558,0.008944543828264758,0,Regular Customers
14644.0,68,7,2247.72,36.25354838709677,668,0.01046337817638266,0,Regular Customers
14645.0,157,3,876.89,18.268541666666668,477,0.006276150627615063,0,Regular Customers
14646.0,2,151,528602.52,137.33502727981295,735,0.20516304347826086,2,VIP Customers
14647.0,201,2,506.04,10.5425,322,0.006191950464396285,0,Regular Customers
14648.0,416,15,4466.65,10.363457076566124,312,0.04792332268370607,1,At-Risk Customers
14649.0,5,9,3651.19,6.928254269449716,683,0.013157894736842105,0,Regular Customers
14650.0,589,1,62.5,15.625,0,1.0,1,At-Risk Customers
14651.0,67,9,2025.52,7.157314487632509,564,0.01592920353982301,0,Regular Customers
14652.0,77,1,114.18,3.937241379310345,0,1.0,0,Regular Customers
14653.0,1,12,3593.06,9.405916230366492,736,0.016282225237449117,0,Regular Customers
14654.0,738,1,246.86,9.142962962962963,0,1.0,1,At-Risk Customers
14655.0,8,7,3878.51,37.655436893203884,588,0.011884550084889643,0,Regular Customers
14656.0,169,5,790.0,3.816425120772947,434,0.011494252873563218,0,Regular Customers
14657.0,18,6,1450.19,6.938708133971292,417,0.014354066985645933,0,Regular Customers
14658.0,5,2,247.15,8.522413793103448,111,0.017857142857142856,0,Regular Customers
14659.0,9,9,2529.93,9.999723320158102,306,0.029315960912052116,0,Regular Customers
14660.0,87,2,285.74,9.524666666666667,14,0.13333333333333333,0,Regular Customers
14661.0,27,1,107.95,26.9875,0,1.0,0,Regular Customers
14662.0,29,7,1376.43,5.783319327731093,707,0.009887005649717515,0,Regular Customers
14663.0,430,2,490.6,7.214705882352941,0,2.0,1,At-Risk Customers
14664.0,20,2,636.24,6.492244897959184,13,0.14285714285714285,0,Regular Customers
14665.0,61,7,2749.65,20.83068181818182,531,0.013157894736842105,0,Regular Customers
14666.0,24,1,195.25,13.946428571428571,0,1.0,0,Regular Customers
14667.0,11,54,20395.34,16.05932283464567,726,0.07427785419532325,4,Loyal Customers
14668.0,445,1,111.63,9.3025,0,1.0,1,At-Risk Customers
14669.0,242,7,3216.78,8.312093023255814,495,0.014112903225806451,0,Regular Customers
14670.0,280,3,583.33,3.2588268156424585,452,0.006622516556291391,1,At-Risk Customers
14671.0,549,2,1127.45,20.49909090909091,18,0.10526315789473684,1,At-Risk Customers
14672.0,235,4,1113.14,10.501320754716982,445,0.008968609865470852,0,Regular Customers
14673.0,3,7,3037.32,20.522432432432435,406,0.0171990171990172,0,Regular Customers
14674.0,509,1,173.66,12.404285714285715,0,1.0,1,At-Risk Customers
14675.0,16,2,1015.58,4.595384615384615,372,0.005361930294906166,0,Regular Customers
14676.0,31,12,8356.79,62.833007518797,608,0.019704433497536946,0,Regular Customers
14677.0,593,1,184.91,13.207857142857142,0,1.0,1,At-Risk Customers
14678.0,579,1,403.39,16.807916666666667,0,1.0,1,At-Risk Customers
14679.0,382,3,1289.44,20.467301587301588,349,0.008571428571428572,1,At-Risk Customers
14680.0,25,58,55688.5,43.71153846153846,710,0.08157524613220815,4,Loyal Customers
14681.0,71,6,875.1500000000001,43.75750000000001,582,0.010291595197255575,0,Regular Customers
14682.0,188,6,1514.81,17.61406976744186,484,0.012371134020618556,0,Regular Customers
14683.0,588,1,146.56,6.979047619047619,0,1.0,1,At-Risk Customers
14684.0,26,6,1430.03,2.942448559670782,364,0.01643835616438356,0,Regular Customers
14685.0,576,8,4536.64,24.26010695187166,150,0.052980132450331126,1,At-Risk Customers
14686.0,414,5,852.53,3.8928310502283106,245,0.02032520325203252,1,At-Risk Customers
14687.0,107,3,1402.06,35.0515,445,0.006726457399103139,0,Regular Customers
14688.0,8,28,7190.42,14.704335378323108,448,0.062360801781737196,4,Loyal Customers
14689.0,209,1,112.8,8.676923076923076,0,1.0,0,Regular Customers
14690.0,44,4,777.68,7.5502912621359215,366,0.010899182561307902,0,Regular Customers
14691.0,31,5,2114.33,29.779295774647885,182,0.0273224043715847,0,Regular Customers
14692.0,137,12,1715.1399999999999,10.787044025157233,480,0.02494802494802495,0,Regular Customers
14693.0,265,7,1165.36,15.538133333333333,261,0.026717557251908396,0,Regular Customers
14694.0,617,1,244.31,16.287333333333333,0,1.0,1,At-Risk Customers
14695.0,519,3,1534.22,18.71,213,0.014018691588785047,1,At-Risk Customers
14696.0,4,8,2473.28,16.060259740259742,417,0.019138755980861243,0,Regular Customers
14697.0,218,2,188.60999999999999,8.573181818181817,0,2.0,0,Regular Customers
14698.0,2,5,1217.27,6.0863499999999995,49,0.1,0,Regular Customers
14699.0,214,4,702.6,14.052,311,0.01282051282051282,0,Regular Customers
14700.0,32,5,3076.06,18.419520958083833,453,0.011013215859030838,0,Regular Customers
14701.0,11,15,4487.11,7.5413613445378145,674,0.022222222222222223,0,Regular Customers
14702.0,1,29,6368.78,9.379646539027982,727,0.03983516483516483,4,Loyal Customers
14703.0,15,1,318.17,14.462272727272728,0,1.0,0,Regular Customers
14704.0,11,11,1752.92,3.8525714285714288,612,0.01794453507340946,0,Regular Customers
14705.0,199,1,179.0,179.0,0,1.0,0,Regular Customers
14706.0,619,1,367.54,14.701600000000001,0,1.0,1,At-Risk Customers
14707.0,436,2,139.2,69.6,141,0.014084507042253521,1,At-Risk Customers
14708.0,3,5,1793.22,43.737073170731705,452,0.011037527593818985,0,Regular Customers
14709.0,15,25,8886.33,24.891680672268908,719,0.034722222222222224,4,Loyal Customers
14710.0,14,13,1899.79,4.397662037037037,721,0.018005540166204988,0,Regular Customers
14711.0,10,11,2839.62,8.230782608695652,252,0.043478260869565216,0,Regular Customers
14712.0,29,4,1328.0700000000002,41.502187500000005,388,0.010282776349614395,0,Regular Customers
14713.0,9,21,5115.76,7.567692307692308,726,0.02888583218707015,4,Loyal Customers
14714.0,24,4,906.24,9.744516129032258,663,0.006024096385542169,0,Regular Customers
14715.0,25,8,1825.45,13.324452554744527,664,0.012030075187969926,0,Regular Customers
14716.0,43,3,543.28,5.659166666666667,401,0.007462686567164179,0,Regular Customers
14717.0,733,1,81.3,7.390909090909091,0,1.0,1,At-Risk Customers
14718.0,410,1,226.42,20.583636363636362,0,1.0,1,At-Risk Customers
14719.0,2,5,1581.84,6.731234042553191,247,0.020161290322580645,0,Regular Customers
14720.0,6,3,663.81,17.94081081081081,120,0.024793388429752067,0,Regular Customers
14721.0,379,1,109.07,4.3628,0,1.0,1,At-Risk Customers
14722.0,147,3,489.52,5.626666666666666,339,0.008823529411764706,0,Regular Customers
14723.0,10,11,1803.06,4.334278846153846,725,0.015151515151515152,0,Regular Customers
14724.0,590,1,341.9,8.339024390243901,0,1.0,1,At-Risk Customers
14725.0,25,4,1252.74,12.5274,510,0.007827788649706457,0,Regular Customers
14726.0,655,1,116.5,7.766666666666667,0,1.0,1,At-Risk Customers
14727.0,274,3,463.72999999999996,10.08108695652174,272,0.01098901098901099,1,At-Risk Customers
14728.0,413,1,190.58,13.612857142857143,0,1.0,1,At-Risk Customers
14729.0,374,3,586.24,4.441212121212121,251,0.011904761904761904,1,At-Risk Customers
14730.0,1,8,1897.57,4.107294372294372,275,0.028985507246376812,0,Regular Customers
14731.0,47,3,380.02,8.444888888888888,165,0.018072289156626505,0,Regular Customers
14732.0,8,19,5517.07,19.9172202166065,722,0.02627939142461964,4,Loyal Customers
14733.0,16,15,14335.15,44.937774294670845,385,0.038860103626943004,4,Loyal Customers
14734.0,426,4,1056.42,16.76857142857143,125,0.031746031746031744,1,At-Risk Customers
14735.0,4,56,12240.16,33.44306010928962,732,0.07639836289222374,4,Loyal Customers
14736.0,485,2,374.05,4.250568181818182,0,2.0,1,At-Risk Customers
14737.0,4,4,3554.17,78.98155555555556,396,0.010075566750629723,0,Regular Customers
14738.0,43,9,1821.9,22.77375,689,0.013043478260869565,0,Regular Customers
14739.0,4,25,11573.62,47.432868852459016,733,0.0340599455040872,4,Loyal Customers
14740.0,197,11,4161.06,18.013246753246754,455,0.02412280701754386,0,Regular Customers
14741.0,12,7,1713.09,22.540657894736842,405,0.017241379310344827,0,Regular Customers
14742.0,435,1,579.85,17.054411764705883,0,1.0,1,At-Risk Customers
14743.0,593,1,50.48,16.826666666666664,0,1.0,1,At-Risk Customers
14744.0,16,14,3660.08,31.017627118644068,553,0.02527075812274368,0,Regular Customers
14745.0,113,12,2551.41,18.22435714285714,524,0.022857142857142857,0,Regular Customers
14746.0,406,4,593.5,65.94444444444444,17,0.2222222222222222,1,At-Risk Customers
14747.0,249,1,328.2,18.233333333333334,0,1.0,0,Regular Customers
14748.0,29,10,2681.9,16.867295597484276,616,0.01620745542949757,0,Regular Customers
14749.0,480,1,310.15,17.230555555555554,0,1.0,1,At-Risk Customers
14750.0,736,1,112.03,3.5009375,0,1.0,1,At-Risk Customers
14751.0,684,2,126.45,18.064285714285713,41,0.047619047619047616,1,At-Risk Customers
14752.0,44,1,389.64,77.928,0,1.0,0,Regular Customers
14753.0,87,2,869.51,18.114791666666665,373,0.0053475935828877,0,Regular Customers
14754.0,45,6,1547.93,11.381838235294119,646,0.00927357032457496,0,Regular Customers
14755.0,10,25,9972.550000000001,20.99484210526316,726,0.0343878954607978,4,Loyal Customers
14756.0,15,3,2653.76,22.300504201680674,409,0.007317073170731708,0,Regular Customers
14757.0,75,1,420.5,22.13157894736842,0,1.0,0,Regular Customers
14758.0,145,7,2864.97,21.065955882352938,465,0.015021459227467811,0,Regular Customers
14759.0,5,3,1625.97,15.940882352941177,228,0.013100436681222707,0,Regular Customers
14760.0,297,1,89.2,17.84,0,1.0,1,At-Risk Customers
14761.0,59,3,447.92,18.663333333333334,385,0.007772020725388601,0,Regular Customers
14762.0,264,2,417.57,13.919,362,0.005509641873278237,0,Regular Customers
14764.0,47,1,278.3,46.38333333333333,0,1.0,0,Regular Customers
14765.0,29,3,254.11,6.515641025641026,147,0.02027027027027027,0,Regular Customers
14766.0,8,11,6375.7300000000005,19.089011976047907,543,0.02022058823529412,0,Regular Customers
14767.0,474,1,382.81,21.267222222222223,0,1.0,1,At-Risk Customers
14768.0,17,2,192.60000000000002,38.52,109,0.01818181818181818,0,Regular Customers
14769.0,3,17,15514.11,11.09736051502146,721,0.023545706371191136,4,Loyal Customers
14770.0,232,8,3637.64,18.465177664974618,419,0.01904761904761905,0,Regular Customers
14771.0,621,2,594.62,12.651489361702128,115,0.017241379310344827,1,At-Risk Customers
14772.0,112,1,139.26,15.473333333333333,0,1.0,0,Regular Customers
14773.0,593,1,140.55,14.055000000000001,0,1.0,1,At-Risk Customers
14774.0,529,1,241.45,18.573076923076922,0,1.0,1,At-Risk Customers
14775.0,58,3,1011.9,16.865,313,0.009554140127388535,0,Regular Customers
14776.0,51,15,3708.3,19.517368421052634,395,0.03787878787878788,0,Regular Customers
14777.0,404,1,307.56,19.2225,0,1.0,1,At-Risk Customers
14778.0,127,2,730.86,20.881714285714285,181,0.01098901098901099,0,Regular Customers
14779.0,281,3,386.15,9.418292682926829,43,0.06818181818181818,1,At-Risk Customers
14780.0,55,2,447.68,16.58074074074074,24,0.08,0,Regular Customers
14782.0,320,1,200.10000000000002,33.35,0,1.0,1,At-Risk Customers
14783.0,659,1,307.3,18.076470588235296,0,1.0,1,At-Risk Customers
14784.0,26,3,449.93,16.664074074074076,363,0.008241758241758242,0,Regular Customers
14785.0,10,2,77.4,25.8,4,0.4,0,Regular Customers
14786.0,550,1,90.96,12.994285714285713,0,1.0,1,At-Risk Customers
14787.0,471,1,110.65,7.376666666666667,0,1.0,1,At-Risk Customers
14788.0,7,3,1156.32,19.93655172413793,588,0.0050933786078098476,0,Regular Customers
14789.0,29,1,197.64,32.94,0,1.0,0,Regular Customers
14790.0,17,10,2526.62,17.42496551724138,711,0.014044943820224719,0,Regular Customers
14791.0,607,1,303.63,15.980526315789474,0,1.0,1,At-Risk Customers
14792.0,64,1,6.2,3.1,0,1.0,0,Regular Customers
14793.0,21,2,625.9,16.048717948717947,513,0.0038910505836575876,0,Regular Customers
14794.0,3,10,1953.9,18.7875,484,0.020618556701030927,0,Regular Customers
14795.0,166,1,131.45000000000002,21.908333333333335,0,1.0,0,Regular Customers
14796.0,1,27,10169.33,6.811339584728734,724,0.037241379310344824,4,Loyal Customers
14797.0,507,1,300.31,18.769375,0,1.0,1,At-Risk Customers
14798.0,53,8,724.31,14.781836734693876,596,0.01340033500837521,0,Regular Customers
14799.0,51,2,338.15,14.702173913043477,686,0.002911208151382824,0,Regular Customers
14800.0,48,17,7191.33,11.98555,387,0.04381443298969072,0,Regular Customers
14801.0,61,1,189.34,3.3217543859649123,0,1.0,0,Regular Customers
14802.0,438,2,1502.98,751.49,0,2.0,1,At-Risk Customers
14803.0,162,3,845.55,19.217045454545453,130,0.022900763358778626,0,Regular Customers
14804.0,9,1,353.27,29.439166666666665,0,1.0,0,Regular Customers
14805.0,15,7,1082.55,8.524015748031495,606,0.011532125205930808,0,Regular Customers
14806.0,75,2,303.43,15.1715,363,0.005494505494505495,0,Regular Customers
14807.0,391,2,504.14,13.266842105263157,259,0.007692307692307693,1,At-Risk Customers
14808.0,40,8,2718.6,11.768831168831168,132,0.06015037593984962,0,Regular Customers
14809.0,621,2,686.76,38.153333333333336,0,2.0,1,At-Risk Customers
14810.0,41,13,2354.03,7.820697674418605,388,0.033419023136246784,0,Regular Customers
14811.0,387,1,170.5,6.089285714285714,0,1.0,1,At-Risk Customers
14812.0,599,1,178.85,4.968055555555555,0,1.0,1,At-Risk Customers
14813.0,370,4,888.91,6.4413768115942025,241,0.01652892561983471,1,At-Risk Customers
14814.0,581,1,154.21,5.140333333333333,0,1.0,1,At-Risk Customers
14815.0,37,2,778.5,14.68867924528302,31,0.0625,0,Regular Customers
14816.0,197,1,271.85,67.9625,0,1.0,0,Regular Customers
14817.0,200,7,3959.86,17.216782608695652,427,0.016355140186915886,0,Regular Customers
14818.0,74,6,1153.56,11.091923076923077,573,0.010452961672473868,0,Regular Customers
14819.0,64,4,456.41,8.452037037037037,653,0.0061162079510703364,0,Regular Customers
14820.0,21,9,1274.76,19.918125,656,0.0136986301369863,0,Regular Customers
14821.0,367,7,1230.15,17.82826086956522,309,0.02258064516129032,1,At-Risk Customers
14822.0,485,1,157.70000000000002,17.522222222222226,0,1.0,1,At-Risk Customers
14823.0,180,3,321.43,4.591857142857143,14,0.2,0,Regular Customers
14824.0,10,10,4022.9100000000003,25.461455696202535,627,0.01592356687898089,0,Regular Customers
14825.0,4,24,4735.08,15.83638795986622,608,0.03940886699507389,4,Loyal Customers
14826.0,582,2,385.2,38.519999999999996,113,0.017543859649122806,1,At-Risk Customers
14828.0,197,13,9839.460000000001,97.42039603960397,535,0.024253731343283583,0,Regular Customers
14829.0,29,7,1455.8700000000001,15.998571428571429,407,0.01715686274509804,0,Regular Customers
14830.0,53,1,188.88,4.843076923076923,0,1.0,0,Regular Customers
14831.0,680,3,1676.57,20.445975609756097,57,0.05172413793103448,1,At-Risk Customers
14832.0,630,1,322.69,322.69,0,1.0,1,At-Risk Customers
14833.0,499,1,94.8,13.542857142857143,0,1.0,1,At-Risk Customers
14834.0,18,7,2206.16,25.35816091954023,389,0.017948717948717947,0,Regular Customers
14835.0,529,2,297.0,148.5,88,0.02247191011235955,1,At-Risk Customers
14836.0,10,3,102.44999999999999,17.075,20,0.14285714285714285,0,Regular Customers
14837.0,90,9,3460.32,16.556555023923444,595,0.015100671140939598,0,Regular Customers
14838.0,423,2,769.9200000000001,10.998857142857144,313,0.006369426751592357,1,At-Risk Customers
14839.0,418,3,915.28,12.368648648648648,285,0.01048951048951049,1,At-Risk Customers
14840.0,268,2,362.71,16.48681818181818,271,0.007352941176470588,0,Regular Customers
14841.0,53,14,7163.0,23.876666666666665,683,0.02046783625730994,0,Regular Customers
14842.0,44,4,2824.69,19.480620689655172,264,0.01509433962264151,0,Regular Customers
14843.0,437,1,211.79999999999998,23.53333333333333,0,1.0,1,At-Risk Customers
14844.0,64,10,6702.43,24.19649819494585,542,0.01841620626151013,0,Regular Customers
14845.0,600,1,150.0,150.0,0,1.0,1,At-Risk Customers
14846.0,427,1,437.4,36.449999999999996,0,1.0,1,At-Risk Customers
14847.0,149,3,1348.95,21.75725806451613,415,0.007211538461538462,0,Regular Customers
14848.0,405,1,310.56,28.232727272727274,0,1.0,1,At-Risk Customers
14849.0,22,43,15407.61,20.877520325203253,676,0.06351550960118169,4,Loyal Customers
14850.0,312,7,1770.96,9.081846153846154,256,0.027237354085603113,1,At-Risk Customers
14851.0,23,3,829.4100000000001,19.747857142857146,607,0.004934210526315789,0,Regular Customers
14852.0,58,18,6132.43,19.846051779935276,585,0.030716723549488054,0,Regular Customers
14853.0,24,5,1376.87,44.41516129032258,581,0.00859106529209622,0,Regular Customers
14854.0,78,11,4303.06,20.107757009345796,608,0.0180623973727422,0,Regular Customers
14855.0,119,7,6520.3,31.499033816425122,491,0.014227642276422764,0,Regular Customers
14856.0,36,3,1290.53,19.854307692307692,20,0.14285714285714285,0,Regular Customers
14857.0,60,7,3651.851,17.144840375586856,574,0.01217391304347826,0,Regular Customers
14858.0,506,1,180.75,16.431818181818183,0,1.0,1,At-Risk Customers
14859.0,13,5,1705.64,25.843030303030304,542,0.009208103130755065,0,Regular Customers
14860.0,19,1,170.32,15.483636363636363,0,1.0,0,Regular Customers
14861.0,52,10,1380.73,16.055,679,0.014705882352941176,0,Regular Customers
14862.0,26,2,841.1999999999999,17.525,122,0.016260162601626018,0,Regular Customers
14863.0,29,1,266.76,24.25090909090909,0,1.0,0,Regular Customers
14865.0,7,4,92.52000000000001,15.420000000000002,731,0.00546448087431694,0,Regular Customers
14866.0,11,19,20746.54,152.54808823529413,459,0.041304347826086954,4,Loyal Customers
14867.0,186,16,2952.06,21.547883211678833,548,0.029143897996357013,0,Regular Customers
14868.0,3,12,4184.01,19.829431279620856,416,0.02877697841726619,0,Regular Customers
14869.0,9,6,2778.14,11.385819672131147,715,0.008379888268156424,0,Regular Customers
14870.0,262,6,1838.95,28.29153846153846,422,0.014184397163120567,0,Regular Customers
14871.0,3,9,1228.17,6.330773195876289,735,0.012228260869565218,0,Regular Customers
14872.0,484,3,816.6,18.990697674418605,149,0.02,1,At-Risk Customers
14873.0,210,2,854.13,17.43122448979592,423,0.0047169811320754715,0,Regular Customers
14874.0,535,1,116.18,19.363333333333333,0,1.0,1,At-Risk Customers
14875.0,108,3,2862.4,32.16179775280899,334,0.008955223880597015,0,Regular Customers
14876.0,521,2,256.7,19.746153846153845,40,0.04878048780487805,1,At-Risk Customers
14877.0,418,2,425.85,6.7595238095238095,224,0.008888888888888889,1,At-Risk Customers
14878.0,13,25,4076.5,11.047425474254743,644,0.03875968992248062,4,Loyal Customers
14879.0,685,1,185.06,6.854074074074074,0,1.0,1,At-Risk Customers
14880.0,77,3,690.59,15.012826086956522,211,0.014150943396226415,0,Regular Customers
14881.0,20,1,255.4,15.023529411764706,0,1.0,0,Regular Customers
14882.0,27,14,3546.65,54.56384615384616,592,0.023608768971332208,0,Regular Customers
14883.0,19,6,761.59,14.369622641509434,193,0.030927835051546393,0,Regular Customers
14884.0,669,1,120.6,15.075,0,1.0,1,At-Risk Customers
14885.0,132,3,1598.12,51.552258064516124,334,0.008955223880597015,0,Regular Customers
14886.0,253,1,364.8,20.266666666666666,0,1.0,0,Regular Customers
14887.0,79,1,1862.0,310.3333333333333,0,1.0,0,Regular Customers
14888.0,207,1,369.2,18.46,0,1.0,0,Regular Customers
14889.0,336,1,135.9,13.59,0,1.0,1,At-Risk Customers
14890.0,254,3,817.25,14.337719298245615,406,0.007371007371007371,0,Regular Customers
14891.0,148,4,1106.73,17.56714285714286,288,0.01384083044982699,0,Regular Customers
14892.0,691,1,202.35000000000002,15.565384615384618,0,1.0,1,At-Risk Customers
14893.0,10,3,1809.6100000000001,17.07179245283019,608,0.0049261083743842365,0,Regular Customers
14894.0,85,3,1492.81,32.45239130434783,652,0.004594180704441042,0,Regular Customers
14895.0,8,38,25119.54,27.910600000000002,721,0.05263157894736842,4,Loyal Customers
14896.0,205,8,1826.0,7.217391304347826,528,0.015122873345935728,0,Regular Customers
14897.0,8,8,3140.54,24.728661417322833,716,0.011157601115760111,0,Regular Customers
14898.0,23,14,3365.95,11.566838487972507,712,0.019635343618513323,0,Regular Customers
14899.0,395,1,1331.38,10.32077519379845,0,1.0,1,At-Risk Customers
14900.0,522,1,13.919999999999998,13.919999999999998,0,1.0,1,At-Risk Customers
14901.0,11,12,1919.0,14.32089552238806,487,0.02459016393442623,0,Regular Customers
14902.0,26,3,1035.6200000000001,17.552881355932204,527,0.005681818181818182,0,Regular Customers
14903.0,21,5,2795.33,7.986657142857142,257,0.01937984496124031,0,Regular Customers
14904.0,2,4,1630.49,11.563758865248227,425,0.009389671361502348,0,Regular Customers
14905.0,158,8,1971.39,25.27423076923077,578,0.013816925734024179,0,Regular Customers
14906.0,445,1,68.44,68.44,0,1.0,1,At-Risk Customers
14907.0,3,16,5547.72,20.70044776119403,599,0.02666666666666667,0,Regular Customers
14908.0,74,2,381.9,27.27857142857143,388,0.005141388174807198,0,Regular Customers
14909.0,437,3,1404.68,17.558500000000002,226,0.013215859030837005,1,At-Risk Customers
14910.0,3,4,434.35,14.478333333333333,51,0.07692307692307693,0,Regular Customers
14911.0,1,398,291420.81,26.308640426108152,737,0.5392953929539296,2,VIP Customers
14912.0,17,6,1889.25,29.988095238095237,665,0.009009009009009009,0,Regular Customers
14913.0,36,8,4073.13,16.490404858299595,449,0.017777777777777778,0,Regular Customers
14915.0,91,11,1811.25,20.125,645,0.017027863777089782,0,Regular Customers
14916.0,71,8,3042.95,22.708582089552237,546,0.014625228519195612,0,Regular Customers
14917.0,597,2,1123.75,38.75,0,2.0,1,At-Risk Customers
14918.0,116,9,5955.81,42.23978723404256,495,0.018145161290322582,0,Regular Customers
14919.0,539,1,359.35,27.642307692307693,0,1.0,1,At-Risk Customers
14920.0,213,3,1607.17,16.568762886597938,352,0.0084985835694051,0,Regular Customers
14921.0,30,2,1316.07,16.872692307692308,171,0.011627906976744186,0,Regular Customers
14922.0,394,2,843.74,16.8748,114,0.017391304347826087,1,At-Risk Customers
14923.0,51,1,749.1,17.025000000000002,0,1.0,0,Regular Customers
14924.0,246,3,931.01,30.03258064516129,393,0.007614213197969543,0,Regular Customers
14926.0,382,2,359.4,119.8,216,0.009216589861751152,1,At-Risk Customers
14927.0,397,1,308.2,15.41,0,1.0,1,At-Risk Customers
14928.0,628,1,223.91000000000003,10.662380952380953,0,1.0,1,At-Risk Customers
14929.0,32,2,836.69,24.608529411764707,389,0.005128205128205128,0,Regular Customers
14930.0,109,6,5236.7300000000005,18.837158273381295,497,0.012048192771084338,0,Regular Customers
14931.0,5,5,1257.68,30.675121951219513,236,0.02109704641350211,0,Regular Customers
14932.0,366,2,666.13,20.8165625,20,0.09523809523809523,1,At-Risk Customers
14933.0,444,4,1770.0,442.5,0,4.0,1,At-Risk Customers
14934.0,82,5,3503.5,18.937837837837836,359,0.013888888888888888,0,Regular Customers
14935.0,297,2,2849.83,109.60884615384614,322,0.006191950464396285,1,At-Risk Customers
14936.0,34,12,12410.81,23.549924098671728,549,0.02181818181818182,0,Regular Customers
14937.0,57,3,1621.88,47.70235294117647,73,0.04054054054054054,0,Regular Customers
14938.0,562,2,2322.43,32.710281690140846,0,2.0,1,At-Risk Customers
14940.0,418,2,531.49,16.6090625,315,0.006329113924050633,1,At-Risk Customers
14941.0,579,1,182.1,26.014285714285712,0,1.0,1,At-Risk Customers
14942.0,402,4,746.56,39.292631578947365,328,0.0121580547112462,1,At-Risk Customers
14943.0,663,1,107.62,21.524,0,1.0,1,At-Risk Customers
14944.0,30,19,9784.67,32.2926402640264,631,0.030063291139240507,4,Loyal Customers
14945.0,414,1,179.4,16.30909090909091,0,1.0,1,At-Risk Customers
14946.0,14,1,100.9,33.63333333333333,0,1.0,0,Regular Customers
14947.0,72,6,1049.79,19.440555555555555,552,0.0108499095840868,0,Regular Customers
14948.0,23,6,1101.97,17.491587301587302,196,0.030456852791878174,0,Regular Customers
14949.0,469,4,515.0,19.074074074074073,252,0.015810276679841896,1,At-Risk Customers
14950.0,19,1,371.2,19.53684210526316,0,1.0,0,Regular Customers
14951.0,79,1,311.69,15.5845,0,1.0,0,Regular Customers
14952.0,60,32,17629.35,57.42459283387622,676,0.047267355982274745,4,Loyal Customers
14953.0,25,4,971.32,3.964571428571429,410,0.009732360097323601,0,Regular Customers
14954.0,12,2,462.12,3.916271186440678,690,0.002894356005788712,0,Regular Customers
14955.0,733,1,163.77,5.282903225806452,0,1.0,1,At-Risk Customers
14956.0,421,1,1325.0,331.25,0,1.0,1,At-Risk Customers
14957.0,253,2,261.69,9.34607142857143,391,0.00510204081632653,0,Regular Customers
14958.0,147,6,941.99,13.267464788732395,588,0.010186757215619695,0,Regular Customers
14959.0,64,4,695.42,11.786779661016949,232,0.017167381974248927,0,Regular Customers
14960.0,8,2,221.27,8.195185185185185,162,0.012269938650306749,0,Regular Customers
14961.0,11,22,16410.15,24.492761194029853,724,0.030344827586206897,4,Loyal Customers
14962.0,271,4,366.91,26.207857142857144,313,0.012738853503184714,0,Regular Customers
14963.0,10,12,3123.57,6.562121848739496,515,0.023255813953488372,0,Regular Customers
14964.0,247,1,206.21,15.862307692307693,0,1.0,0,Regular Customers
14965.0,96,2,596.09,7.359135802469136,0,2.0,0,Regular Customers
14966.0,15,6,1064.26,7.048079470198675,709,0.008450704225352112,0,Regular Customers
14967.0,50,6,1982.6100000000001,68.36586206896553,686,0.008733624454148471,0,Regular Customers
14968.0,30,2,501.24,5.967142857142857,428,0.004662004662004662,0,Regular Customers
14969.0,704,1,906.23,69.71000000000001,0,1.0,1,At-Risk Customers
14970.0,68,12,4919.35,43.53407079646018,595,0.020134228187919462,0,Regular Customers
14971.0,35,3,1097.98,7.083741935483871,8,0.3333333333333333,0,Regular Customers
14972.0,128,2,145.07,7.2535,252,0.007905138339920948,0,Regular Customers
14973.0,107,3,1314.45,41.0765625,118,0.025210084033613446,0,Regular Customers
14974.0,37,1,89.94,5.290588235294117,0,1.0,0,Regular Customers
14975.0,57,2,472.39,18.168846153846154,363,0.005494505494505495,0,Regular Customers
14976.0,57,7,790.86,10.984166666666667,269,0.025925925925925925,0,Regular Customers
14977.0,726,1,31.929999999999996,7.982499999999999,0,1.0,1,At-Risk Customers
14978.0,72,10,3112.19,10.731689655172413,518,0.019267822736030827,0,Regular Customers
14979.0,735,1,429.66,8.768571428571429,0,1.0,1,At-Risk Customers
14980.0,737,1,150.68,6.278333333333333,0,1.0,1,At-Risk Customers
14981.0,246,2,372.92,16.950909090909093,177,0.011235955056179775,0,Regular Customers
14982.0,572,1,237.78,6.096923076923077,0,1.0,1,At-Risk Customers
14983.0,689,1,183.20000000000002,6.106666666666667,0,1.0,1,At-Risk Customers
14984.0,19,6,1260.51,23.342777777777776,678,0.008836524300441826,0,Regular Customers
14985.0,198,2,292.01,3.5181927710843373,159,0.0125,0,Regular Customers
14986.0,376,2,563.1,5.745918367346939,307,0.006493506493506494,1,At-Risk Customers
14987.0,16,8,1550.6499999999999,103.37666666666665,721,0.0110803324099723,0,Regular Customers
14988.0,212,7,2038.65,8.675106382978724,390,0.017902813299232736,0,Regular Customers
14989.0,662,1,342.4,19.022222222222222,0,1.0,1,At-Risk Customers
14990.0,612,2,304.17,7.242142857142857,118,0.01680672268907563,1,At-Risk Customers
14991.0,430,1,314.67,14.984285714285715,0,1.0,1,At-Risk Customers
14992.0,442,1,210.5,7.796296296296297,0,1.0,1,At-Risk Customers
14993.0,564,1,36.13,3.6130000000000004,0,1.0,1,At-Risk Customers
14994.0,382,5,946.72,3.1348344370860928,240,0.02074688796680498,1,At-Risk Customers
14995.0,39,2,231.98000000000002,3.866333333333334,241,0.008264462809917356,0,Regular Customers
14996.0,481,2,442.28999999999996,10.787560975609756,0,2.0,1,At-Risk Customers
14997.0,46,4,776.5999999999999,20.436842105263157,609,0.006557377049180328,0,Regular Customers
14998.0,170,4,753.18,6.02544,435,0.009174311926605505,0,Regular Customers
14999.0,593,1,129.48000000000002,14.386666666666668,0,1.0,1,At-Risk Customers
15000.0,48,1,490.52,6.37038961038961,0,1.0,0,Regular Customers
15001.0,394,2,199.10999999999999,4.328478260869565,0,2.0,1,At-Risk Customers
15002.0,116,9,4138.08,12.279169139465875,580,0.01549053356282272,0,Regular Customers
15003.0,473,6,1027.03,3.1216717325227963,209,0.02857142857142857,1,At-Risk Customers
15004.0,147,1,1220.77,7.927077922077922,0,1.0,0,Regular Customers
15005.0,16,56,13754.58,5.762287390029326,722,0.07745504840940526,4,Loyal Customers
15006.0,51,2,757.78,4.163626373626373,402,0.004962779156327543,0,Regular Customers
15007.0,159,1,156.91,13.075833333333334,0,1.0,0,Regular Customers
15008.0,480,2,360.0,30.0,157,0.012658227848101266,1,At-Risk Customers
15009.0,12,3,1259.43,6.996833333333334,12,0.23076923076923078,0,Regular Customers
15010.0,36,1,308.94,15.447,0,1.0,0,Regular Customers
15011.0,396,2,416.6,20.830000000000002,20,0.09523809523809523,1,At-Risk Customers
15012.0,54,3,646.26,3.3835602094240835,523,0.0057251908396946565,0,Regular Customers
15013.0,488,10,1610.82,4.737705882352941,189,0.05263157894736842,1,At-Risk Customers
15014.0,43,2,257.67,7.808181818181819,133,0.014925373134328358,0,Regular Customers
15015.0,501,13,2354.97,8.010102040816326,223,0.05803571428571429,1,At-Risk Customers
15016.0,173,5,620.89,5.913238095238095,370,0.013477088948787063,0,Regular Customers
15017.0,34,1,125.58,6.279,0,1.0,0,Regular Customers
15018.0,39,3,496.21000000000004,16.006774193548388,329,0.00909090909090909,0,Regular Customers
15019.0,267,1,252.81,3.8304545454545456,0,1.0,1,At-Risk Customers
15020.0,379,1,198.47,7.350740740740741,0,1.0,1,At-Risk Customers
15021.0,9,12,2500.59,4.01378812199037,489,0.024489795918367346,0,Regular Customers
15022.0,12,5,1133.44,8.096,665,0.0075075075075075074,0,Regular Customers
15023.0,3,20,11578.65,12.086273486430063,671,0.02976190476190476,4,Loyal Customers
15024.0,10,16,3559.39,11.123093749999999,414,0.03855421686746988,0,Regular Customers
15025.0,33,2,979.79,7.048848920863309,535,0.0037313432835820895,0,Regular Customers
15026.0,80,5,1048.8899999999999,7.600652173913042,368,0.013550135501355014,0,Regular Customers
15027.0,31,10,3195.6,35.11648351648351,593,0.016835016835016835,0,Regular Customers
15028.0,8,6,962.94,9.440588235294118,385,0.015544041450777202,0,Regular Customers
15029.0,620,1,365.1,36.510000000000005,0,1.0,1,At-Risk Customers
15030.0,72,8,1979.91,59.99727272727273,573,0.013937282229965157,0,Regular Customers
15031.0,4,14,3102.94,7.855544303797468,727,0.019230769230769232,0,Regular Customers
15032.0,256,8,11010.05,115.89526315789473,472,0.016913319238900635,0,Regular Customers
15033.0,5,10,2557.18,5.104151696606786,324,0.03076923076923077,0,Regular Customers
15034.0,16,14,8231.2,10.945744680851066,561,0.02491103202846975,0,Regular Customers
15035.0,90,1,252.73000000000002,9.36037037037037,0,1.0,0,Regular Customers
15036.0,72,3,429.56,3.609747899159664,107,0.027777777777777776,0,Regular Customers
15037.0,376,2,397.76,8.83911111111111,0,2.0,1,At-Risk Customers
15038.0,59,9,1146.53,4.878851063829787,366,0.02452316076294278,0,Regular Customers
15039.0,10,93,39141.48,14.523740259740261,719,0.12916666666666668,3,Premium Customers
15040.0,542,1,7.49,7.49,0,1.0,1,At-Risk Customers
15041.0,170,2,289.4,2.7826923076923076,274,0.007272727272727273,0,Regular Customers
15042.0,199,2,315.45,35.05,396,0.005037783375314861,0,Regular Customers
15043.0,31,6,2870.3199999999997,56.28078431372548,501,0.01195219123505976,0,Regular Customers
15044.0,19,35,16024.15,17.884095982142856,703,0.04971590909090909,4,Loyal Customers
15045.0,152,2,735.66,61.305,105,0.018867924528301886,0,Regular Customers
15046.0,9,25,7623.79,19.349720812182742,685,0.03644314868804665,4,Loyal Customers
15047.0,270,1,343.62,15.61909090909091,0,1.0,1,At-Risk Customers
15048.0,65,4,381.0,4.053191489361702,303,0.013157894736842105,0,Regular Customers
15049.0,274,1,121.17000000000002,40.39000000000001,0,1.0,1,At-Risk Customers
15050.0,25,5,4087.19,27.430805369127516,455,0.010964912280701754,0,Regular Customers
15051.0,23,9,3926.91,13.587923875432525,715,0.012569832402234637,0,Regular Customers
15052.0,319,1,207.73000000000002,7.418928571428572,0,1.0,1,At-Risk Customers
15053.0,5,3,693.95,10.057246376811595,277,0.01079136690647482,0,Regular Customers
15054.0,12,2,302.1,2.6500000000000004,28,0.06896551724137931,0,Regular Customers
15055.0,475,3,549.12,6.779259259259259,248,0.012048192771084338,1,At-Risk Customers
15056.0,520,1,113.64999999999999,18.941666666666666,0,1.0,1,At-Risk Customers
15057.0,275,5,3255.96,46.513714285714286,458,0.010893246187363835,0,Regular Customers
15058.0,25,16,3387.58,9.762478386167146,628,0.025437201907790145,0,Regular Customers
15059.0,41,19,3491.2,5.927334465195246,692,0.027417027417027416,0,Regular Customers
15060.0,8,4,294.25,2.5586956521739133,0,4.0,0,Regular Customers
15061.0,4,127,126389.02,140.74501113585745,734,0.1727891156462585,3,Premium Customers
15062.0,71,8,2585.62,16.26176100628931,539,0.014814814814814815,0,Regular Customers
15063.0,213,1,370.79999999999995,74.16,0,1.0,0,Regular Customers
15064.0,410,4,1254.41,15.486543209876544,306,0.013029315960912053,1,At-Risk Customers
15065.0,38,5,3326.86,20.04132530120482,373,0.013368983957219251,0,Regular Customers
15066.0,53,1,893.59,21.275952380952383,0,1.0,0,Regular Customers
15067.0,78,5,3862.88,21.82418079096045,528,0.00945179584120983,0,Regular Customers
15068.0,46,4,1174.9,5.389449541284404,575,0.006944444444444444,0,Regular Customers
15069.0,179,1,1109.53,15.850428571428571,0,1.0,0,Regular Customers
15070.0,373,3,737.0500000000001,23.032812500000002,351,0.008522727272727272,1,At-Risk Customers
15071.0,94,4,1455.56,26.954814814814814,476,0.008385744234800839,0,Regular Customers
15072.0,479,1,187.51999999999998,14.424615384615382,0,1.0,1,At-Risk Customers
15073.0,10,8,2788.02,17.534716981132075,672,0.01188707280832095,0,Regular Customers
15074.0,105,3,1553.1299999999999,21.57125,362,0.008264462809917356,0,Regular Customers
15075.0,78,1,773.03,28.63074074074074,0,1.0,0,Regular Customers
15076.0,173,3,1447.74,18.09675,349,0.008571428571428572,0,Regular Customers
15077.0,495,2,2428.08,75.8775,235,0.00847457627118644,1,At-Risk Customers
15078.0,7,53,17286.73,22.42118028534371,728,0.07270233196159122,4,Loyal Customers
15079.0,213,11,3625.4,25.712056737588654,519,0.021153846153846155,0,Regular Customers
15080.0,428,2,546.25,17.620967741935484,74,0.02666666666666667,1,At-Risk Customers
15081.0,22,12,1854.57,18.362079207920793,513,0.023346303501945526,0,Regular Customers
15082.0,669,1,93.35000000000001,15.558333333333335,0,1.0,1,At-Risk Customers
15083.0,257,1,88.2,17.64,0,1.0,0,Regular Customers
15084.0,380,2,965.2,31.135483870967743,266,0.00749063670411985,1,At-Risk Customers
15085.0,730,1,347.54,38.61555555555556,0,1.0,1,At-Risk Customers
15086.0,565,2,218.53,19.866363636363637,60,0.03278688524590164,1,At-Risk Customers
15087.0,282,1,306.94,20.462666666666667,0,1.0,1,At-Risk Customers
15088.0,21,2,1160.07,20.352105263157895,45,0.043478260869565216,0,Regular Customers
15089.0,10,6,2420.84,16.69544827586207,118,0.05042016806722689,0,Regular Customers
15090.0,308,1,381.32,16.57913043478261,0,1.0,1,At-Risk Customers
15091.0,68,3,1046.6100000000001,18.36157894736842,607,0.004934210526315789,0,Regular Customers
15092.0,215,3,776.46,17.25466666666667,247,0.012096774193548387,0,Regular Customers
15093.0,18,23,13702.38,43.36196202531645,713,0.03221288515406162,4,Loyal Customers
15094.0,463,2,83.0,16.6,181,0.01098901098901099,1,At-Risk Customers
15095.0,104,10,3141.64,25.335806451612903,584,0.017094017094017096,0,Regular Customers
15096.0,43,1,219.39000000000001,19.944545454545455,0,1.0,0,Regular Customers
15097.0,4,3,908.35,13.762878787878789,578,0.0051813471502590676,0,Regular Customers
15098.0,182,3,39916.5,13305.5,0,3.0,0,Regular Customers
15099.0,84,1,410.48,17.84695652173913,0,1.0,0,Regular Customers
15100.0,334,7,2193.8999999999996,137.11874999999998,367,0.019021739130434784,1,At-Risk Customers
15101.0,9,6,1477.94,25.481724137931035,581,0.010309278350515464,0,Regular Customers
15102.0,531,2,554.67,20.543333333333333,16,0.11764705882352941,1,At-Risk Customers
15103.0,31,2,703.36,20.096,55,0.03571428571428571,0,Regular Customers
15104.0,197,2,993.54,14.828955223880596,85,0.023255813953488372,0,Regular Customers
15105.0,18,9,3094.91,20.496092715231786,608,0.014778325123152709,0,Regular Customers
15106.0,18,5,1422.52,14.2252,251,0.01984126984126984,0,Regular Customers
15107.0,311,9,824.35,19.627380952380953,140,0.06382978723404255,1,At-Risk Customers
15108.0,142,4,1300.25,21.670833333333334,85,0.046511627906976744,0,Regular Customers
15109.0,246,3,983.1,20.48125,489,0.006122448979591836,0,Regular Customers
15110.0,24,6,1505.8500000000001,28.4122641509434,461,0.012987012987012988,0,Regular Customers
15111.0,29,5,2442.37,18.09162962962963,563,0.008865248226950355,0,Regular Customers
15112.0,611,1,209.4,29.914285714285715,0,1.0,1,At-Risk Customers
15113.0,10,3,3509.43,36.179690721649486,44,0.06666666666666667,0,Regular Customers
15114.0,30,12,3400.12,14.7191341991342,390,0.030690537084398978,0,Regular Customers
15115.0,18,2,531.85,15.195714285714287,714,0.002797202797202797,0,Regular Customers
15116.0,18,4,1352.75,30.06111111111111,187,0.02127659574468085,0,Regular Customers
15117.0,15,8,2485.9700000000003,18.976870229007634,619,0.012903225806451613,0,Regular Customers
15118.0,134,1,244.8,244.8,0,1.0,0,Regular Customers
15119.0,246,1,266.4,19.02857142857143,0,1.0,0,Regular Customers
15120.0,134,1,358.82,17.086666666666666,0,1.0,0,Regular Customers
15121.0,50,2,457.72,16.34714285714286,238,0.008368200836820083,0,Regular Customers
15122.0,114,11,4487.27,19.767709251101323,505,0.021739130434782608,0,Regular Customers
15123.0,7,5,4656.17,25.443551912568307,626,0.007974481658692184,0,Regular Customers
15124.0,23,4,450.82,14.54258064516129,628,0.006359300476947536,0,Regular Customers
15125.0,25,24,17024.87,70.93695833333332,593,0.04040404040404041,4,Loyal Customers
15126.0,537,2,449.49,17.9796,150,0.013245033112582781,1,At-Risk Customers
15127.0,66,2,711.5,25.410714285714285,454,0.004395604395604396,0,Regular Customers
15128.0,60,5,1783.68,14.501463414634147,369,0.013513513513513514,0,Regular Customers
15129.0,50,23,6860.18,33.14096618357488,559,0.04107142857142857,4,Loyal Customers
15130.0,170,1,330.11,15.005,0,1.0,0,Regular Customers
15131.0,395,1,80.28,11.468571428571428,0,1.0,1,At-Risk Customers
15132.0,18,5,977.9300000000001,18.806346153846157,244,0.02040816326530612,0,Regular Customers
15133.0,128,5,1806.9,36.875510204081635,392,0.01272264631043257,0,Regular Customers
15134.0,15,10,1596.29,18.779882352941176,407,0.024509803921568627,0,Regular Customers
15135.0,239,2,305.68,15.284,317,0.006289308176100629,0,Regular Customers
15136.0,3,4,1286.7,18.92205882352941,93,0.0425531914893617,0,Regular Customers
15137.0,521,2,823.4,24.21764705882353,159,0.0125,1,At-Risk Customers
15138.0,394,1,502.52,16.210322580645162,0,1.0,1,At-Risk Customers
15139.0,240,2,178.96,13.766153846153847,96,0.020618556701030927,0,Regular Customers
15140.0,52,8,3243.69,28.96151785714286,390,0.020460358056265986,0,Regular Customers
15141.0,458,7,1388.47,17.355875,163,0.042682926829268296,1,At-Risk Customers
15142.0,46,6,2619.92,18.450140845070422,454,0.013186813186813187,0,Regular Customers
15143.0,226,2,563.63,18.181612903225805,206,0.00966183574879227,0,Regular Customers
15144.0,8,29,12160.31,34.84329512893983,718,0.04033379694019471,4,Loyal Customers
15145.0,4,4,1194.73,17.83179104477612,244,0.0163265306122449,0,Regular Customers
15146.0,165,2,1327.16,14.584175824175825,126,0.015748031496062992,0,Regular Customers
15147.0,240,1,623.5,22.267857142857142,0,1.0,0,Regular Customers
15148.0,11,1,301.29,15.0645,0,1.0,0,Regular Customers
15149.0,134,5,1554.6100000000001,22.53057971014493,515,0.009689922480620155,0,Regular Customers
15150.0,17,13,8977.94,15.668307155322863,526,0.024667931688804556,0,Regular Customers
15151.0,423,2,2085.61,36.58964912280702,86,0.022988505747126436,1,At-Risk Customers
15152.0,10,14,5263.83,17.5461,691,0.02023121387283237,0,Regular Customers
15153.0,31,1,329.25,14.965909090909092,0,1.0,0,Regular Customers
15154.0,75,3,1343.72,7.767167630057804,402,0.007444168734491315,0,Regular Customers
15155.0,383,1,383.96999999999997,15.99875,0,1.0,1,At-Risk Customers
15156.0,1,3,961.49,17.481636363636365,32,0.09090909090909091,0,Regular Customers
15157.0,4,5,2654.11,17.46125,725,0.006887052341597796,0,Regular Customers
15158.0,45,2,606.02,55.092727272727274,356,0.0056022408963585435,0,Regular Customers
15159.0,2,34,22116.73,27.304604938271606,430,0.07888631090487239,4,Loyal Customers
15160.0,357,4,589.27,25.620434782608694,63,0.0625,1,At-Risk Customers
15161.0,388,1,119.92,3.633939393939394,0,1.0,1,At-Risk Customers
15162.0,731,1,312.9,26.075,0,1.0,1,At-Risk Customers
15163.0,18,2,304.47,10.49896551724138,173,0.011494252873563218,0,Regular Customers
15164.0,69,9,2028.1100000000001,5.761676136363636,621,0.014469453376205787,0,Regular Customers
15165.0,373,1,487.75,18.064814814814813,0,1.0,1,At-Risk Customers
15166.0,468,1,167.16,13.93,0,1.0,1,At-Risk Customers
15167.0,321,5,1627.62,5.3540131578947365,352,0.014164305949008499,1,At-Risk Customers
15168.0,26,1,106.56,21.312,0,1.0,0,Regular Customers
15169.0,382,2,569.22,9.647796610169491,344,0.005797101449275362,1,At-Risk Customers
15170.0,407,1,81.15,20.2875,0,1.0,1,At-Risk Customers
15171.0,331,1,1289.5,257.9,0,1.0,1,At-Risk Customers
15172.0,9,5,1624.05,14.764090909090909,227,0.021929824561403508,0,Regular Customers
15173.0,381,7,1494.6,17.37906976744186,236,0.029535864978902954,1,At-Risk Customers
15174.0,323,2,481.46,14.160588235294117,87,0.022727272727272728,1,At-Risk Customers
15175.0,72,1,224.14,9.745217391304347,0,1.0,0,Regular Customers
15176.0,668,1,988.04,19.00076923076923,0,1.0,1,At-Risk Customers
15177.0,426,1,948.93,36.49730769230769,0,1.0,1,At-Risk Customers
15178.0,260,1,40.5,13.5,0,1.0,0,Regular Customers
15179.0,18,13,7491.92,23.859617834394903,718,0.01808066759388039,0,Regular Customers
15180.0,367,3,816.9300000000001,15.710192307692308,221,0.013513513513513514,1,At-Risk Customers
15181.0,66,5,1200.2,60.010000000000005,664,0.007518796992481203,0,Regular Customers
15182.0,154,11,2998.952,23.991616,502,0.02186878727634195,0,Regular Customers
15183.0,548,3,639.93,16.840263157894736,36,0.08108108108108109,1,At-Risk Customers
15184.0,29,4,685.39,8.159404761904762,694,0.0057553956834532375,0,Regular Customers
15185.0,70,1,310.62,14.791428571428572,0,1.0,0,Regular Customers
15186.0,14,5,1403.2,26.984615384615385,682,0.007320644216691069,0,Regular Customers
15187.0,2,16,4777.18,52.49648351648352,210,0.07582938388625593,0,Regular Customers
15188.0,725,1,310.43,13.496956521739131,0,1.0,1,At-Risk Customers
15189.0,1,46,17524.38,72.71526970954358,507,0.09055118110236221,4,Loyal Customers
15190.0,434,1,834.4399999999999,20.860999999999997,0,1.0,1,At-Risk Customers
15191.0,463,3,588.05,16.80142857142857,225,0.01327433628318584,1,At-Risk Customers
15192.0,120,5,1666.39,18.311978021978025,560,0.008912655971479501,0,Regular Customers
15193.0,61,1,499.32,26.28,0,1.0,0,Regular Customers
15194.0,3,28,12021.53,25.255315126050423,733,0.03814713896457766,4,Loyal Customers
15195.0,3,1,3861.0,3861.0,0,1.0,0,Regular Customers
15196.0,433,2,313.7,7.469047619047619,293,0.006802721088435374,1,At-Risk Customers
15197.0,11,6,1877.51,31.82220338983051,717,0.008356545961002786,0,Regular Customers
15198.0,92,5,571.35,18.43064516129032,597,0.008361204013377926,0,Regular Customers
15199.0,59,10,3122.4,61.22352941176471,516,0.019342359767891684,0,Regular Customers
15200.0,495,1,549.05,18.301666666666666,0,1.0,1,At-Risk Customers
15201.0,87,7,1842.95,18.4295,524,0.013333333333333334,0,Regular Customers
15202.0,420,3,6001.49,2000.4966666666667,0,3.0,1,At-Risk Customers
15203.0,26,15,4400.18,12.828513119533529,705,0.021246458923512748,0,Regular Customers
15204.0,357,1,316.58,35.175555555555555,0,1.0,1,At-Risk Customers
15205.0,85,2,653.24,17.655135135135136,42,0.046511627906976744,0,Regular Customers
15206.0,10,4,420.29999999999995,46.699999999999996,265,0.015037593984962405,0,Regular Customers
15207.0,416,3,683.9200000000001,28.49666666666667,130,0.022900763358778626,1,At-Risk Customers
15208.0,1,6,970.52,20.219166666666666,422,0.014184397163120567,0,Regular Customers
15209.0,730,1,178.98000000000002,13.76769230769231,0,1.0,1,At-Risk Customers
15210.0,225,3,1176.19,17.55507462686567,350,0.008547008547008548,0,Regular Customers
15211.0,60,2,894.4100000000001,17.20019230769231,304,0.006557377049180328,0,Regular Customers
15212.0,241,2,208.28,20.828,135,0.014705882352941176,0,Regular Customers
15213.0,319,2,328.35,13.68125,11,0.16666666666666666,1,At-Risk Customers
15214.0,2,8,1661.44,15.104000000000001,241,0.03305785123966942,0,Regular Customers
15215.0,47,7,2422.43,21.437433628318583,566,0.012345679012345678,0,Regular Customers
15216.0,88,2,486.09,20.25375,531,0.0037593984962406013,0,Regular Customers
15217.0,563,1,426.24,15.222857142857142,0,1.0,1,At-Risk Customers
15218.0,11,22,11468.83,28.961691919191917,672,0.03268945022288262,4,Loyal Customers
15219.0,176,2,685.45,26.36346153846154,472,0.004228329809725159,0,Regular Customers
15220.0,52,6,1778.96,15.204786324786324,229,0.02608695652173913,0,Regular Customers
15221.0,366,4,2062.2000000000003,71.11034482758622,271,0.014705882352941176,1,At-Risk Customers
15222.0,319,11,3550.91,25.73123188405797,404,0.027160493827160494,1,At-Risk Customers
15223.0,226,5,1417.95,41.70441176470588,509,0.00980392156862745,0,Regular Customers
15224.0,358,5,871.36,24.896,334,0.014925373134328358,1,At-Risk Customers
15225.0,234,1,409.40000000000003,17.8,0,1.0,0,Regular Customers
15226.0,311,1,154.41,19.30125,0,1.0,1,At-Risk Customers
15227.0,37,9,2488.4900000000002,20.737416666666668,597,0.015050167224080268,0,Regular Customers
15228.0,66,6,5580.2699999999995,23.84730769230769,433,0.013824884792626729,0,Regular Customers
15229.0,586,1,160.5,17.833333333333332,0,1.0,1,At-Risk Customers
15230.0,239,2,429.6,18.678260869565218,1,1.0,0,Regular Customers
15231.0,621,1,250.26,17.875714285714285,0,1.0,1,At-Risk Customers
15232.0,113,2,612.06,19.743870967741934,27,0.07142857142857142,0,Regular Customers
15233.0,401,1,59.400000000000006,59.400000000000006,0,1.0,1,At-Risk Customers
15234.0,277,1,197.0,14.071428571428571,0,1.0,1,At-Risk Customers
15235.0,218,16,2772.76,15.577303370786518,170,0.0935672514619883,0,Regular Customers
15236.0,299,1,321.05,21.403333333333332,0,1.0,1,At-Risk Customers
15237.0,2,4,1412.32,14.265858585858584,225,0.017699115044247787,0,Regular Customers
15238.0,29,3,1071.99,21.4398,154,0.01935483870967742,0,Regular Customers
15239.0,10,2,780.59,15.930408163265307,68,0.028985507246376812,0,Regular Customers
15240.0,45,12,4459.98,19.910625,689,0.017391304347826087,0,Regular Customers
15241.0,67,11,3050.16,16.57695652173913,587,0.01870748299319728,0,Regular Customers
15242.0,422,1,302.04,75.51,0,1.0,1,At-Risk Customers
15243.0,74,2,927.2800000000001,15.201311475409838,360,0.00554016620498615,0,Regular Customers
15244.0,65,3,912.08,19.00166666666667,600,0.004991680532445923,0,Regular Customers
15245.0,134,8,4610.84,31.154324324324325,461,0.017316017316017316,0,Regular Customers
15246.0,238,3,780.4,15.301960784313724,317,0.009433962264150943,0,Regular Customers
15247.0,122,3,976.06,57.41529411764706,414,0.007228915662650603,0,Regular Customers
15248.0,411,3,1893.93,17.867264150943395,122,0.024390243902439025,1,At-Risk Customers
15249.0,32,18,9266.0,18.45816733067729,591,0.030405405405405407,4,Loyal Customers
15250.0,641,1,60.0,20.0,0,1.0,1,At-Risk Customers
15251.0,9,21,20324.54,88.3675652173913,670,0.03129657228017884,4,Loyal Customers
15252.0,36,5,2103.41,17.82550847457627,575,0.008680555555555556,0,Regular Customers
15253.0,16,8,2055.09,17.716293103448276,570,0.014010507880910683,0,Regular Customers
15254.0,127,3,1088.35,16.244029850746266,433,0.0069124423963133645,0,Regular Customers
15255.0,67,9,3706.02,19.71287234042553,670,0.013412816691505217,0,Regular Customers
15256.0,149,2,170.4,17.04,413,0.004830917874396135,0,Regular Customers
15257.0,283,2,685.9,57.15833333333333,130,0.015267175572519083,1,At-Risk Customers
15258.0,169,2,623.16,18.328235294117647,48,0.04081632653061224,0,Regular Customers
15259.0,513,4,1182.3799999999999,20.74350877192982,169,0.023529411764705882,1,At-Risk Customers
15260.0,100,25,8767.73,23.01241469816273,633,0.03943217665615142,4,Loyal Customers
15261.0,135,4,1508.0,16.391304347826086,299,0.013333333333333334,0,Regular Customers
15262.0,324,3,418.82,16.108461538461537,164,0.01818181818181818,1,At-Risk Customers
15263.0,107,1,156.51,13.042499999999999,0,1.0,0,Regular Customers
15264.0,64,2,848.4,15.425454545454546,466,0.004282655246252677,0,Regular Customers
15265.0,151,4,3345.64,17.334922279792746,586,0.0068143100511073255,0,Regular Customers
15266.0,338,5,852.21,18.938000000000002,363,0.013736263736263736,1,At-Risk Customers
15267.0,22,5,1717.36,156.12363636363636,160,0.031055900621118012,0,Regular Customers
15268.0,479,3,961.9000000000001,43.722727272727276,126,0.023622047244094488,1,At-Risk Customers
15269.0,24,3,1225.3600000000001,35.010285714285715,366,0.008174386920980926,0,Regular Customers
15270.0,16,21,8524.86,50.74321428571429,706,0.0297029702970297,4,Loyal Customers
15271.0,7,24,4528.54,7.94480701754386,483,0.049586776859504134,4,Loyal Customers
15272.0,57,6,2030.95,7.101223776223776,605,0.009900990099009901,0,Regular Customers
15273.0,600,1,228.96,228.96,0,1.0,1,At-Risk Customers
15274.0,4,2,716.57,15.246170212765959,14,0.13333333333333333,0,Regular Customers
15275.0,38,1,615.14,15.003414634146342,0,1.0,0,Regular Customers
15276.0,66,4,619.8,3.482022471910112,368,0.01084010840108401,0,Regular Customers
15277.0,47,2,476.34,18.32076923076923,378,0.005277044854881266,0,Regular Customers
15278.0,562,4,496.15999999999997,17.10896551724138,103,0.038461538461538464,1,At-Risk Customers
15279.0,355,5,1580.54,16.814255319148934,321,0.015527950310559006,1,At-Risk Customers
15280.0,172,3,397.52,6.625333333333333,399,0.0075,0,Regular Customers
15281.0,59,16,8543.57,16.36699233716475,368,0.04336043360433604,0,Regular Customers
15282.0,570,1,348.59,12.91074074074074,0,1.0,1,At-Risk Customers
15283.0,390,3,148.33,16.48111111111111,127,0.0234375,1,At-Risk Customers
15284.0,500,1,24.75,24.75,0,1.0,1,At-Risk Customers
15285.0,408,1,94.92,15.82,0,1.0,1,At-Risk Customers
15286.0,50,1,240.55,80.18333333333334,0,1.0,0,Regular Customers
15287.0,22,5,856.03,23.77861111111111,715,0.006983240223463687,0,Regular Customers
15288.0,43,10,3715.38,24.283529411764707,622,0.016051364365971106,0,Regular Customers
15289.0,29,5,1593.09,16.42360824742268,592,0.008431703204047217,0,Regular Customers
15290.0,5,26,10496.28,35.946164383561644,649,0.04,4,Loyal Customers
15291.0,26,40,13517.76,55.400655737704916,710,0.05625879043600562,4,Loyal Customers
15292.0,201,1,178.39,7.432916666666666,0,1.0,0,Regular Customers
15293.0,666,1,247.5,13.026315789473685,0,1.0,1,At-Risk Customers
15294.0,411,1,233.35,15.556666666666667,0,1.0,1,At-Risk Customers
15295.0,654,1,207.04,3.9815384615384612,0,1.0,1,At-Risk Customers
15296.0,51,12,10323.03,19.331516853932584,636,0.018838304552590265,0,Regular Customers
15297.0,10,3,641.94,16.46,53,0.05555555555555555,0,Regular Customers
15298.0,2,23,9061.77,21.321811764705885,729,0.031506849315068496,4,Loyal Customers
15299.0,67,10,6156.53,615.653,629,0.015873015873015872,0,Regular Customers
15300.0,64,1,496.44,17.73,0,1.0,0,Regular Customers
15301.0,51,17,6909.67,20.028028985507248,399,0.0425,0,Regular Customers
15302.0,730,1,308.0,20.533333333333335,0,1.0,1,At-Risk Customers
15303.0,290,3,1224.18,17.741739130434784,393,0.007614213197969543,1,At-Risk Customers
15304.0,61,9,796.4000000000001,33.18333333333334,360,0.024930747922437674,0,Regular Customers
15305.0,555,1,93.6,18.72,0,1.0,1,At-Risk Customers
15306.0,64,9,3484.73,21.51067901234568,594,0.015126050420168067,0,Regular Customers
15307.0,96,1,205.3,17.108333333333334,0,1.0,0,Regular Customers
15308.0,274,1,310.47,16.340526315789475,0,1.0,1,At-Risk Customers
15309.0,611,4,797.96,14.777037037037038,124,0.032,1,At-Risk Customers
15310.0,479,1,1634.64,36.32533333333333,0,1.0,1,At-Risk Customers
15311.0,1,208,114966.42,26.699122155132372,738,0.2814614343707713,3,Premium Customers
15312.0,75,12,2930.19,17.976625766871166,648,0.01848998459167951,0,Regular Customers
15313.0,110,1,52.0,52.0,0,1.0,0,Regular Customers
15314.0,199,3,820.4499999999999,16.409,228,0.013100436681222707,0,Regular Customers
15315.0,64,2,570.5,15.41891891891892,51,0.038461538461538464,0,Regular Customers
15316.0,327,1,165.0,165.0,0,1.0,1,At-Risk Customers
15317.0,677,1,129.75,25.95,0,1.0,1,At-Risk Customers
15318.0,4,1,312.62,9.473333333333333,0,1.0,0,Regular Customers
15319.0,284,1,204.5,12.78125,0,1.0,1,At-Risk Customers
15320.0,44,1,267.13,7.420277777777778,0,1.0,0,Regular Customers
15321.0,71,12,6709.7300000000005,21.714336569579288,603,0.019867549668874173,0,Regular Customers
15322.0,86,2,1390.86,16.75734939759036,390,0.005115089514066497,0,Regular Customers
15323.0,563,3,434.6,14.986206896551725,99,0.03,1,At-Risk Customers
15324.0,701,1,140.22000000000003,17.527500000000003,0,1.0,1,At-Risk Customers
15325.0,104,8,1601.46,7.149375,557,0.014336917562724014,0,Regular Customers
15326.0,334,5,1700.52,13.182325581395348,404,0.012345679012345678,1,At-Risk Customers
15327.0,53,1,208.75,20.875,0,1.0,0,Regular Customers
15328.0,408,1,107.24,13.405,0,1.0,1,At-Risk Customers
15329.0,39,11,2958.83,19.213181818181816,686,0.01601164483260553,0,Regular Customers
15330.0,32,2,714.96,54.99692307692308,28,0.06896551724137931,0,Regular Customers
15331.0,500,3,767.91,17.4525,109,0.02727272727272727,1,At-Risk Customers
15332.0,366,6,4892.68,31.770649350649354,147,0.04054054054054054,1,At-Risk Customers
15333.0,208,1,1028.56,64.285,0,1.0,0,Regular Customers
15334.0,157,3,350.82,3.579795918367347,16,0.17647058823529413,0,Regular Customers
15335.0,54,1,170.22,4.863428571428571,0,1.0,0,Regular Customers
15336.0,402,1,240.5,16.033333333333335,0,1.0,1,At-Risk Customers
15337.0,411,1,373.02,17.762857142857143,0,1.0,1,At-Risk Customers
15338.0,677,1,277.93,4.791896551724138,0,1.0,1,At-Risk Customers
15339.0,66,7,1821.02,8.277363636363637,602,0.011608623548922056,0,Regular Customers
15340.0,562,1,105.5,15.071428571428571,0,1.0,1,At-Risk Customers
15341.0,81,2,2402.7200000000003,100.11333333333334,368,0.005420054200542005,0,Regular Customers
15342.0,130,1,406.09,16.920416666666664,0,1.0,0,Regular Customers
15343.0,87,1,364.5,17.357142857142858,0,1.0,0,Regular Customers
15344.0,1,3,563.94,21.69,73,0.04054054054054054,0,Regular Customers
15345.0,46,1,393.54,19.677,0,1.0,0,Regular Customers
15346.0,333,3,596.12,16.111351351351352,98,0.030303030303030304,1,At-Risk Customers
15347.0,366,4,1162.0,32.27777777777778,71,0.05555555555555555,1,At-Risk Customers
15348.0,72,1,158.04,17.56,0,1.0,0,Regular Customers
15349.0,158,2,463.90999999999997,6.533943661971831,29,0.06666666666666667,0,Regular Customers
15350.0,373,2,547.6,18.253333333333334,9,0.2,1,At-Risk Customers
15351.0,12,10,3430.22,10.924267515923566,420,0.023752969121140142,0,Regular Customers
15352.0,549,1,111.15,3.269117647058824,0,1.0,1,At-Risk Customers
15353.0,255,7,2794.4700000000003,7.762416666666668,483,0.014462809917355372,0,Regular Customers
15354.0,603,3,284.4,94.8,0,3.0,1,At-Risk Customers
15355.0,29,2,277.05,19.789285714285715,23,0.08333333333333333,0,Regular Customers
15356.0,31,13,3239.57,4.842406576980569,390,0.03324808184143223,0,Regular Customers
15358.0,5,42,16425.86,15.083434343434345,727,0.057692307692307696,4,Loyal Customers
15359.0,663,8,181.35,11.334375,30,0.25806451612903225,1,At-Risk Customers
15360.0,40,1,427.93,32.917692307692306,0,1.0,0,Regular Customers
15361.0,362,4,689.07,68.90700000000001,181,0.02197802197802198,1,At-Risk Customers
15362.0,449,2,613.08,15.327000000000002,290,0.006872852233676976,1,At-Risk Customers
15363.0,373,2,678.11,19.37457142857143,120,0.01652892561983471,1,At-Risk Customers
15364.0,96,2,913.19,31.489310344827587,158,0.012578616352201259,0,Regular Customers
15365.0,26,13,4557.13,20.904266055045873,647,0.020061728395061727,0,Regular Customers
15366.0,75,7,2389.08,17.312173913043477,576,0.012131715771230503,0,Regular Customers
15367.0,57,11,5081.33,18.212652329749105,671,0.01636904761904762,0,Regular Customers
15368.0,21,2,722.74,90.3425,372,0.005361930294906166,0,Regular Customers
15369.0,492,11,6251.26,105.9535593220339,239,0.04583333333333333,1,At-Risk Customers
15370.0,41,8,3739.01,25.965347222222224,369,0.021621621621621623,0,Regular Customers
15371.0,662,1,59.400000000000006,59.400000000000006,0,1.0,1,At-Risk Customers
15372.0,137,8,6017.06,105.56245614035089,526,0.015180265654648957,0,Regular Customers
15373.0,8,17,3084.54,16.32031746031746,578,0.02936096718480138,0,Regular Customers
15374.0,129,2,307.32,30.732,495,0.004032258064516129,0,Regular Customers
15375.0,690,1,60.959999999999994,10.159999999999998,0,1.0,1,At-Risk Customers
15376.0,40,3,1221.56,10.530689655172413,182,0.01639344262295082,0,Regular Customers
15377.0,383,4,1211.75,57.70238095238095,32,0.12121212121212122,1,At-Risk Customers
15378.0,463,2,246.5,20.541666666666668,39,0.05,1,At-Risk Customers
15379.0,169,8,4877.84,18.546920152091257,231,0.034482758620689655,0,Regular Customers
15380.0,9,11,3248.96,62.480000000000004,729,0.015068493150684932,0,Regular Customers
15381.0,214,5,1890.5700000000002,78.77375,369,0.013513513513513514,0,Regular Customers
15382.0,15,12,13733.550000000001,21.730300632911394,720,0.016643550624133148,0,Regular Customers
15384.0,170,4,2027.79,17.184661016949153,422,0.009456264775413711,0,Regular Customers
15385.0,40,3,942.08,44.860952380952384,637,0.004702194357366771,0,Regular Customers
15386.0,186,1,394.14,12.714193548387096,0,1.0,0,Regular Customers
15387.0,492,1,468.65,23.432499999999997,0,1.0,1,At-Risk Customers
15388.0,270,1,140.54,14.053999999999998,0,1.0,1,At-Risk Customers
15389.0,172,5,2733.8,455.6333333333334,509,0.00980392156862745,0,Regular Customers
15390.0,396,2,1216.66,15.800779220779221,12,0.15384615384615385,1,At-Risk Customers
15391.0,584,1,289.87,24.155833333333334,0,1.0,1,At-Risk Customers
15392.0,5,7,2911.62,20.219583333333333,426,0.01639344262295082,0,Regular Customers
15393.0,16,5,891.34,20.257727272727273,707,0.007062146892655367,0,Regular Customers
15394.0,10,11,5286.8,23.28986784140969,714,0.015384615384615385,0,Regular Customers
15395.0,326,1,107.45,15.35,0,1.0,1,At-Risk Customers
15396.0,113,2,796.38,49.77375,471,0.00423728813559322,0,Regular Customers
15397.0,290,1,94.0,15.666666666666666,0,1.0,1,At-Risk Customers
15398.0,16,2,1345.53,18.43191780821918,62,0.031746031746031744,0,Regular Customers
15399.0,1,3,815.77,16.3154,77,0.038461538461538464,0,Regular Customers
15400.0,92,8,1302.3,48.233333333333334,468,0.017057569296375266,0,Regular Customers
15401.0,452,2,216.95000000000002,15.496428571428572,116,0.017094017094017096,1,At-Risk Customers
15402.0,149,6,1830.54,13.973587786259541,443,0.013513513513513514,0,Regular Customers
15403.0,492,2,170.88,21.36,238,0.008368200836820083,1,At-Risk Customers
15404.0,376,1,257.06,16.06625,0,1.0,1,At-Risk Customers
15405.0,189,2,659.84,21.994666666666667,386,0.00516795865633075,0,Regular Customers
15406.0,31,4,975.87,7.998934426229508,422,0.009456264775413711,0,Regular Customers
15407.0,34,4,1046.74,7.072567567567567,271,0.014705882352941176,0,Regular Customers
15408.0,264,1,267.18,7.858235294117647,0,1.0,0,Regular Customers
15409.0,721,1,131.25,14.583333333333334,0,1.0,1,At-Risk Customers
15410.0,84,10,4685.72,28.9241975308642,515,0.01937984496124031,0,Regular Customers
15411.0,26,4,1348.93,13.764591836734695,156,0.025477707006369428,0,Regular Customers
15412.0,171,1,190.53,19.053,0,1.0,0,Regular Customers
15413.0,692,5,6798.72,271.9488,47,0.10416666666666667,1,At-Risk Customers
15414.0,10,3,774.9000000000001,19.86923076923077,232,0.012875536480686695,0,Regular Customers
15415.0,313,1,559.61,11.906595744680851,0,1.0,1,At-Risk Customers
15416.0,65,7,4572.82,20.056228070175436,611,0.011437908496732025,0,Regular Customers
15417.0,85,1,508.8,18.17142857142857,0,1.0,0,Regular Customers
15418.0,425,2,449.42,6.609117647058824,161,0.012345679012345678,1,At-Risk Customers
15419.0,25,1,135.86,16.9825,0,1.0,0,Regular Customers
15420.0,434,6,743.0,13.267857142857142,300,0.019933554817275746,1,At-Risk Customers
15421.0,59,10,3805.34,12.042215189873419,673,0.01483679525222552,0,Regular Customers
15422.0,323,7,1619.97,13.49975,347,0.020114942528735632,1,At-Risk Customers
15423.0,38,3,266.89,19.06357142857143,583,0.005136986301369863,0,Regular Customers
15424.0,254,3,597.78,18.114545454545453,208,0.014354066985645933,0,Regular Customers
15425.0,400,4,1941.1200000000001,13.574265734265735,263,0.015151515151515152,1,At-Risk Customers
15426.0,19,9,2156.35,5.026456876456876,567,0.01584507042253521,0,Regular Customers
15427.0,33,3,1430.54,4.899109589041096,13,0.21428571428571427,0,Regular Customers
15428.0,15,4,762.75,17.335227272727273,706,0.005657708628005658,0,Regular Customers
15429.0,27,2,397.35,4.845731707317073,48,0.04081632653061224,0,Regular Customers
15430.0,468,2,954.75,26.520833333333332,60,0.03278688524590164,1,At-Risk Customers
15431.0,503,1,153.24,76.62,0,1.0,1,At-Risk Customers
15432.0,23,2,320.76,20.0475,518,0.0038535645472061657,0,Regular Customers
15433.0,214,2,533.3,13.00731707317073,53,0.037037037037037035,0,Regular Customers
15434.0,8,11,2567.06,19.157164179104477,675,0.016272189349112426,0,Regular Customers
15435.0,22,1,149.29,5.147931034482759,0,1.0,0,Regular Customers
15436.0,12,3,1067.75,3.6692439862542954,221,0.013513513513513514,0,Regular Customers
15437.0,262,2,393.45,6.902631578947368,378,0.005277044854881266,0,Regular Customers
15438.0,131,1,156.57999999999998,6.263199999999999,0,1.0,0,Regular Customers
15439.0,405,4,1269.05,22.264035087719297,248,0.01606425702811245,1,At-Risk Customers
15440.0,55,3,383.68,6.188387096774194,154,0.01935483870967742,0,Regular Customers
15441.0,396,3,1254.21,22.003684210526316,334,0.008955223880597015,1,At-Risk Customers
15442.0,249,1,594.0,297.0,0,1.0,0,Regular Customers
15443.0,2,14,5114.23,8.182768,640,0.0218408736349454,0,Regular Customers
15444.0,9,2,1411.21,6.594439252336449,31,0.0625,0,Regular Customers
15445.0,264,2,284.5,20.321428571428573,326,0.0061162079510703364,0,Regular Customers
15446.0,377,3,399.75,3.5691964285714284,349,0.008571428571428572,1,At-Risk Customers
15447.0,331,5,492.88,16.99586206896552,294,0.01694915254237288,1,At-Risk Customers
15448.0,313,2,788.81,16.09816326530612,361,0.0055248618784530384,1,At-Risk Customers
15449.0,26,3,974.52,16.242,235,0.012711864406779662,0,Regular Customers
15450.0,30,1,429.84,14.328,0,1.0,0,Regular Customers
15451.0,434,2,226.86,3.781,164,0.012121212121212121,1,At-Risk Customers
15452.0,30,6,1785.1100000000001,8.970402010050252,481,0.012448132780082987,0,Regular Customers
15453.0,2,7,1371.77,4.91673835125448,185,0.03763440860215054,0,Regular Customers
15454.0,362,2,305.99,7.64975,256,0.007782101167315175,1,At-Risk Customers
15455.0,598,1,38.25,19.125,0,1.0,1,At-Risk Customers
15456.0,283,10,2091.52,9.21374449339207,448,0.022271714922048998,0,Regular Customers
15457.0,262,1,237.07,4.087413793103448,0,1.0,0,Regular Customers
15458.0,25,2,370.43999999999994,28.495384615384612,376,0.005305039787798408,0,Regular Customers
15459.0,417,2,202.82999999999998,28.975714285714282,80,0.024691358024691357,1,At-Risk Customers
15460.0,354,1,214.26,3.8260714285714283,0,1.0,1,At-Risk Customers
15461.0,461,2,429.7,214.85,170,0.011695906432748537,1,At-Risk Customers
15462.0,94,4,737.05,17.976829268292683,351,0.011363636363636364,0,Regular Customers
15463.0,29,1,126.14,18.02,0,1.0,0,Regular Customers
15464.0,338,1,1044.65,6.739677419354839,0,1.0,1,At-Risk Customers
15465.0,20,32,12100.4,47.452549019607844,710,0.0450070323488045,4,Loyal Customers
15466.0,85,4,1560.46,5.9559541984732824,651,0.006134969325153374,0,Regular Customers
15467.0,9,3,524.88,10.093846153846155,142,0.02097902097902098,0,Regular Customers
15468.0,51,3,1430.48,17.881,341,0.008771929824561403,0,Regular Customers
15469.0,50,3,874.25,20.33139534883721,388,0.007712082262210797,0,Regular Customers
15470.0,576,1,63.419999999999995,15.854999999999999,0,1.0,1,At-Risk Customers
15471.0,2,3,1292.01,8.335548387096773,548,0.00546448087431694,0,Regular Customers
15472.0,113,1,371.56,4.888947368421053,0,1.0,0,Regular Customers
15473.0,14,8,2046.0,146.14285714285714,430,0.018561484918793503,0,Regular Customers
15474.0,596,1,150.35,7.913157894736842,0,1.0,1,At-Risk Customers
15475.0,77,1,454.10999999999996,15.658965517241377,0,1.0,0,Regular Customers
15476.0,380,4,2209.98,27.974430379746835,62,0.06349206349206349,1,At-Risk Customers
15477.0,650,1,368.4,184.2,0,1.0,1,At-Risk Customers
15478.0,40,3,1983.48,28.74608695652174,534,0.005607476635514018,0,Regular Customers
15479.0,733,1,147.4,16.37777777777778,0,1.0,1,At-Risk Customers
15480.0,116,5,6279.0,29.204651162790697,559,0.008928571428571428,0,Regular Customers
15481.0,401,1,1993.34,52.456315789473685,0,1.0,1,At-Risk Customers
15482.0,16,19,14417.36,97.4145945945946,721,0.02631578947368421,4,Loyal Customers
15483.0,161,10,817.8199999999999,3.0402230483271375,522,0.019120458891013385,0,Regular Customers
15484.0,1,6,4652.1,19.383750000000003,732,0.008185538881309686,0,Regular Customers
15485.0,30,7,4810.92,35.11620437956204,707,0.009887005649717515,0,Regular Customers
15486.0,527,1,102.0,102.0,0,1.0,1,At-Risk Customers
15487.0,680,1,231.32,16.52285714285714,0,1.0,1,At-Risk Customers
15488.0,93,5,431.92,39.265454545454546,490,0.010183299389002037,0,Regular Customers
15489.0,23,8,2419.61,21.22464912280702,670,0.011922503725782414,0,Regular Customers
15490.0,430,1,210.85,8.434,0,1.0,1,At-Risk Customers
15491.0,95,6,3100.09,20.130454545454548,140,0.0425531914893617,0,Regular Customers
15492.0,28,2,659.4599999999999,18.841714285714282,46,0.0425531914893617,0,Regular Customers
15493.0,33,9,4121.68,6.734771241830066,622,0.014446227929373997,0,Regular Customers
15494.0,21,5,3702.6,10.061413043478261,707,0.007062146892655367,0,Regular Customers
15495.0,379,1,246.5,12.325,0,1.0,1,At-Risk Customers
15496.0,631,1,146.14000000000001,6.6427272727272735,0,1.0,1,At-Risk Customers
15497.0,18,9,8657.39,71.54867768595041,703,0.01278409090909091,0,Regular Customers
15498.0,3,44,24972.86,26.538639744952178,720,0.06102635228848821,4,Loyal Customers
15499.0,724,1,158.65,3.8695121951219513,0,1.0,1,At-Risk Customers
15500.0,8,4,1131.56,16.640588235294118,73,0.05405405405405406,0,Regular Customers
15501.0,405,2,399.95,5.796376811594203,10,0.18181818181818182,1,At-Risk Customers
15502.0,16,14,13003.869999999999,39.40566666666666,539,0.025925925925925925,0,Regular Customers
15503.0,363,2,257.3,2.1991452991452993,363,0.005494505494505495,1,At-Risk Customers
15504.0,81,4,402.7,6.2921875,584,0.006837606837606838,0,Regular Customers
15505.0,53,5,3610.96,37.22639175257732,102,0.04854368932038835,0,Regular Customers
15506.0,23,6,2030.33,7.437106227106227,454,0.013186813186813187,0,Regular Customers
15507.0,172,1,475.86,10.574666666666667,0,1.0,0,Regular Customers
15508.0,189,6,1000.27,10.8725,46,0.1276595744680851,0,Regular Customers
15509.0,380,1,152.41,5.861923076923077,0,1.0,1,At-Risk Customers
15510.0,331,1,250.0,250.0,0,1.0,1,At-Risk Customers
15511.0,12,5,900.53,5.699556962025317,73,0.06756756756756757,0,Regular Customers
15512.0,156,4,331.58,10.361875,520,0.007677543186180422,0,Regular Customers
15513.0,33,35,26437.05,48.330987202925044,661,0.052870090634441085,4,Loyal Customers
15514.0,12,18,6392.06,20.16422712933754,722,0.024896265560165973,4,Loyal Customers
15515.0,387,1,171.81,24.544285714285714,0,1.0,1,At-Risk Customers
15516.0,45,3,62.43,4.162,1,1.5,0,Regular Customers
15517.0,233,1,267.03,9.889999999999999,0,1.0,0,Regular Customers
15518.0,64,15,4189.99,9.352656249999999,655,0.022865853658536585,0,Regular Customers
15519.0,383,2,344.61,9.313783783783784,63,0.03125,1,At-Risk Customers
15520.0,2,1,343.5,19.083333333333332,0,1.0,0,Regular Customers
15521.0,40,16,7098.24,17.61349875930521,663,0.024096385542168676,0,Regular Customers
15522.0,33,2,397.99,7.106964285714286,54,0.03636363636363636,0,Regular Customers
15523.0,84,16,17259.19,81.41127358490566,653,0.024464831804281346,4,Loyal Customers
15524.0,25,2,591.4,65.71111111111111,582,0.003430531732418525,0,Regular Customers
15525.0,2,4,890.22,4.945666666666667,380,0.010498687664041995,0,Regular Customers
15526.0,33,2,148.44,37.11,0,2.0,0,Regular Customers
15527.0,19,23,5554.89,16.884164133738604,705,0.032577903682719546,4,Loyal Customers
15528.0,254,1,229.33,8.820384615384615,0,1.0,0,Regular Customers
15529.0,23,12,4783.66,6.093834394904459,371,0.03225806451612903,0,Regular Customers
15530.0,22,5,1808.68,12.737183098591549,491,0.01016260162601626,0,Regular Customers
15531.0,8,2,1972.39,9.00634703196347,22,0.08695652173913043,0,Regular Customers
15532.0,25,10,3738.85,6.059724473257698,523,0.019083969465648856,0,Regular Customers
15533.0,19,3,807.57,9.729759036144578,69,0.04285714285714286,0,Regular Customers
15534.0,726,1,162.25,20.28125,0,1.0,1,At-Risk Customers
15535.0,173,6,1044.3700000000001,8.033615384615386,275,0.021739130434782608,0,Regular Customers
15536.0,409,1,259.09,16.193125,0,1.0,1,At-Risk Customers
15537.0,163,1,110.92,4.621666666666667,0,1.0,0,Regular Customers
15538.0,538,6,3358.3999999999996,239.88571428571427,125,0.047619047619047616,1,At-Risk Customers
15539.0,7,1,538.46,13.133170731707319,0,1.0,0,Regular Customers
15540.0,11,2,460.68,14.860645161290323,364,0.005479452054794521,0,Regular Customers
15541.0,114,1,85.13000000000001,2.9355172413793107,0,1.0,0,Regular Customers
15542.0,512,3,855.71,3.7863274336283186,225,0.01327433628318584,1,At-Risk Customers
15543.0,288,2,242.26,4.326071428571429,171,0.011627906976744186,1,At-Risk Customers
15544.0,9,20,7807.89,14.704124293785311,671,0.02976190476190476,4,Loyal Customers
15545.0,54,2,288.96999999999997,3.612125,316,0.006309148264984227,0,Regular Customers
15546.0,607,2,1079.1000000000001,89.92500000000001,0,2.0,1,At-Risk Customers
15547.0,7,26,10057.05,7.550337837837837,725,0.03581267217630854,4,Loyal Customers
15548.0,596,1,158.09,6.8734782608695655,0,1.0,1,At-Risk Customers
15549.0,77,8,2334.16,14.497888198757764,620,0.01288244766505636,0,Regular Customers
15550.0,4,12,2211.05,9.40872340425532,732,0.01637107776261937,0,Regular Customers
15551.0,37,7,1679.81,11.746923076923077,513,0.013618677042801557,0,Regular Customers
15552.0,217,2,252.52,8.417333333333334,405,0.0049261083743842365,0,Regular Customers
15553.0,60,1,428.93,7.798727272727273,0,1.0,0,Regular Customers
15554.0,278,1,217.2,15.514285714285714,0,1.0,1,At-Risk Customers
15555.0,12,36,11243.91,7.067196731615336,721,0.04986149584487535,4,Loyal Customers
15556.0,24,1,279.77,9.024838709677418,0,1.0,0,Regular Customers
15557.0,29,1,468.91,24.679473684210528,0,1.0,0,Regular Customers
15558.0,639,1,202.68,8.812173913043479,0,1.0,1,At-Risk Customers
15559.0,568,1,1109.4,17.893548387096775,0,1.0,1,At-Risk Customers
15560.0,398,2,153.52,15.352,0,2.0,1,At-Risk Customers
15561.0,12,8,1934.3899999999999,21.025978260869564,651,0.012269938650306749,0,Regular Customers
15562.0,352,3,671.4300000000001,20.346363636363638,374,0.008,1,At-Risk Customers
15563.0,22,7,2859.46,11.126303501945525,658,0.010622154779969651,0,Regular Customers
15564.0,463,2,70.74000000000001,17.685000000000002,212,0.009389671361502348,1,At-Risk Customers
15565.0,50,2,173.16,21.645,20,0.09523809523809523,0,Regular Customers
15566.0,393,2,227.87,18.989166666666666,331,0.006024096385542169,1,At-Risk Customers
15567.0,19,1,186.01,26.572857142857142,0,1.0,0,Regular Customers
15568.0,3,3,758.29,14.307358490566036,70,0.04225352112676056,0,Regular Customers
15569.0,104,10,3583.45,25.596071428571427,545,0.018315018315018316,0,Regular Customers
15570.0,7,25,8736.49,11.967794520547946,614,0.04065040650406504,4,Loyal Customers
15571.0,12,14,3892.35,6.4872499999999995,721,0.019390581717451522,0,Regular Customers
15572.0,5,10,3965.2,11.560349854227404,599,0.016666666666666666,0,Regular Customers
15573.0,32,5,1188.42,5.632322274881517,697,0.0071633237822349575,0,Regular Customers
15574.0,178,6,1101.44,4.788869565217391,286,0.020905923344947737,0,Regular Customers
15575.0,620,1,30.1,10.033333333333333,0,1.0,1,At-Risk Customers
15576.0,38,1,921.37,21.427209302325583,0,1.0,0,Regular Customers
15577.0,151,5,396.03000000000003,6.7123728813559325,575,0.008680555555555556,0,Regular Customers
15578.0,162,1,127.1,9.776923076923076,0,1.0,0,Regular Customers
15579.0,69,5,1250.63,7.767888198757765,363,0.013736263736263736,0,Regular Customers
15580.0,377,8,1375.39,6.112844444444445,293,0.027210884353741496,1,At-Risk Customers
15581.0,121,38,7480.4,10.93625730994152,616,0.06158833063209076,4,Loyal Customers
15582.0,25,3,682.9100000000001,15.52068181818182,195,0.015306122448979591,0,Regular Customers
15583.0,376,1,95.96,2.4605128205128204,0,1.0,1,At-Risk Customers
15584.0,24,6,1268.2,5.764545454545455,646,0.00927357032457496,0,Regular Customers
15585.0,177,1,455.3,14.687096774193549,0,1.0,0,Regular Customers
15586.0,593,3,1139.1,29.97631578947368,108,0.027522935779816515,1,At-Risk Customers
15587.0,50,7,1522.0800000000002,108.72000000000001,441,0.01583710407239819,0,Regular Customers
15588.0,678,1,579.6,144.9,0,1.0,1,At-Risk Customers
15589.0,256,3,478.53000000000003,16.501034482758623,54,0.05454545454545454,0,Regular Customers
15590.0,382,5,1496.6,17.20229885057471,224,0.022222222222222223,1,At-Risk Customers
15591.0,583,3,217.9,31.12857142857143,91,0.03260869565217391,1,At-Risk Customers
15592.0,47,1,388.58,16.190833333333334,0,1.0,0,Regular Customers
15593.0,71,1,199.8,39.96,0,1.0,0,Regular Customers
15594.0,16,5,1771.78,17.201747572815535,218,0.0228310502283105,0,Regular Customers
15595.0,488,1,357.6,89.4,0,1.0,1,At-Risk Customers
15596.0,101,9,2727.72,17.598193548387094,398,0.022556390977443608,0,Regular Customers
15597.0,35,2,563.37,15.226216216216216,540,0.0036968576709796672,0,Regular Customers
15598.0,53,2,548.02,15.222777777777777,374,0.005333333333333333,0,Regular Customers
15599.0,27,3,1250.06,15.060963855421686,419,0.007142857142857143,0,Regular Customers
15600.0,428,4,1199.31,16.89169014084507,165,0.024096385542168676,1,At-Risk Customers
15601.0,11,30,14191.74,17.222985436893204,727,0.04120879120879121,4,Loyal Customers
15602.0,8,16,3137.96,25.10368,729,0.021917808219178082,0,Regular Customers
15603.0,79,2,88.48,22.12,569,0.0035087719298245615,0,Regular Customers
15604.0,52,1,216.39,12.728823529411764,0,1.0,0,Regular Customers
15605.0,36,9,1741.95,17.595454545454547,658,0.013657056145675266,0,Regular Customers
15606.0,61,17,5230.99,36.07579310344828,586,0.028960817717206135,0,Regular Customers
15607.0,337,9,1708.97,15.67862385321101,364,0.024657534246575342,1,At-Risk Customers
15608.0,28,5,1785.98,17.009333333333334,387,0.01288659793814433,0,Regular Customers
15609.0,184,1,298.48,18.655,0,1.0,0,Regular Customers
15610.0,52,1,112.46000000000001,18.743333333333336,0,1.0,0,Regular Customers
15611.0,10,26,2997.28,31.88595744680851,673,0.03857566765578635,4,Loyal Customers
15612.0,36,2,195.15,32.525,25,0.07692307692307693,0,Regular Customers
15613.0,610,1,433.71999999999997,16.063703703703702,0,1.0,1,At-Risk Customers
15614.0,438,4,3147.36,38.8562962962963,188,0.021164021164021163,1,At-Risk Customers
15615.0,10,47,21373.97,23.72249722530522,726,0.06464924346629987,4,Loyal Customers
15616.0,438,1,317.11,24.393076923076926,0,1.0,1,At-Risk Customers
15617.0,396,3,828.5500000000001,19.727380952380955,111,0.026785714285714284,1,At-Risk Customers
15618.0,33,4,776.851,17.263355555555556,103,0.038461538461538464,0,Regular Customers
15619.0,11,1,336.40000000000003,112.13333333333334,0,1.0,0,Regular Customers
15620.0,57,4,1942.36,15.05705426356589,353,0.011299435028248588,0,Regular Customers
15621.0,4,4,1293.03,80.814375,17,0.2222222222222222,0,Regular Customers
15622.0,43,17,7852.61,18.433356807511736,602,0.028192371475953566,0,Regular Customers
15623.0,141,8,2437.05,22.56527777777778,588,0.013582342954159592,0,Regular Customers
15624.0,117,4,588.13,17.297941176470587,139,0.02857142857142857,0,Regular Customers
15625.0,104,9,3236.4,18.926315789473684,438,0.02050113895216401,0,Regular Customers
15626.0,75,3,1067.52,13.344,346,0.008645533141210375,0,Regular Customers
15627.0,457,2,566.9,23.620833333333334,65,0.030303030303030304,1,At-Risk Customers
15628.0,5,17,5333.08,17.83638795986622,721,0.023545706371191136,0,Regular Customers
15629.0,450,4,2240.9,29.102597402597404,82,0.04819277108433735,1,At-Risk Customers
15630.0,45,3,1481.4,18.517500000000002,599,0.005,0,Regular Customers
15631.0,642,1,596.67,15.299230769230768,0,1.0,1,At-Risk Customers
15632.0,16,8,3285.31,19.67251497005988,259,0.03076923076923077,0,Regular Customers
15633.0,509,13,4335.96,24.636136363636364,221,0.05855855855855856,1,At-Risk Customers
15634.0,17,2,554.65,16.313235294117646,366,0.005449591280653951,0,Regular Customers
15635.0,396,1,100.35,50.175,0,1.0,1,At-Risk Customers
15636.0,90,4,1444.58,25.343508771929823,479,0.008333333333333333,0,Regular Customers
15637.0,53,5,797.59,19.45341463414634,671,0.00744047619047619,0,Regular Customers
15638.0,379,6,2265.2,90.60799999999999,231,0.02586206896551724,1,At-Risk Customers
15639.0,134,3,1065.08,15.435942028985506,471,0.006355932203389831,0,Regular Customers
15640.0,4,29,23494.31,31.409505347593583,720,0.04022191400832178,4,Loyal Customers
15641.0,105,12,5345.55,17.188263665594857,627,0.01910828025477707,0,Regular Customers
15642.0,730,1,105.78000000000002,17.630000000000003,0,1.0,1,At-Risk Customers
15643.0,192,3,664.0,20.12121212121212,90,0.03296703296703297,0,Regular Customers
15644.0,166,4,803.54,3.4635344827586207,94,0.042105263157894736,0,Regular Customers
15645.0,19,3,1055.17,15.517205882352942,406,0.007371007371007371,0,Regular Customers
15646.0,158,5,784.8100000000001,11.541323529411766,252,0.019762845849802372,0,Regular Customers
15647.0,415,1,169.0,15.363636363636363,0,1.0,1,At-Risk Customers
15648.0,204,2,639.5,26.645833333333332,62,0.031746031746031744,0,Regular Customers
15649.0,336,4,1660.35,150.9409090909091,50,0.0784313725490196,1,At-Risk Customers
15650.0,522,2,553.88,15.385555555555555,106,0.018691588785046728,1,At-Risk Customers
15651.0,37,5,1259.06,20.984333333333332,559,0.008928571428571428,0,Regular Customers
15652.0,91,5,1405.94,13.78372549019608,393,0.012690355329949238,0,Regular Customers
15653.0,93,2,877.4399999999999,146.23999999999998,23,0.08333333333333333,0,Regular Customers
15654.0,9,2,922.53,43.93,16,0.11764705882352941,0,Regular Customers
15655.0,243,1,560.67,16.490294117647057,0,1.0,0,Regular Customers
15656.0,45,4,748.5,15.925531914893616,238,0.016736401673640166,0,Regular Customers
15657.0,23,1,30.0,30.0,0,1.0,0,Regular Customers
15658.0,190,8,2117.27,20.757549019607843,546,0.014625228519195612,0,Regular Customers
15659.0,44,3,532.49,25.356666666666666,609,0.004918032786885246,0,Regular Customers
15660.0,25,15,2603.69,17.24298013245033,647,0.023148148148148147,0,Regular Customers
15661.0,317,8,1215.95,27.635227272727274,261,0.030534351145038167,1,At-Risk Customers
15662.0,661,2,283.73,23.644166666666667,77,0.02564102564102564,1,At-Risk Customers
15663.0,106,1,138.14,15.348888888888887,0,1.0,0,Regular Customers
15664.0,51,4,1254.03,17.914714285714286,598,0.00667779632721202,0,Regular Customers
15665.0,168,5,3987.07,13.940804195804196,466,0.010706638115631691,0,Regular Customers
15666.0,472,2,632.9399999999999,9.44686567164179,23,0.08333333333333333,1,At-Risk Customers
15667.0,40,1,301.32,23.178461538461537,0,1.0,0,Regular Customers
15668.0,218,1,76.32000000000001,76.32000000000001,0,1.0,0,Regular Customers
15669.0,40,4,684.34,20.737575757575758,223,0.017857142857142856,0,Regular Customers
15670.0,297,2,325.2,17.11578947368421,259,0.007692307692307693,1,At-Risk Customers
15671.0,19,7,2657.13,34.065769230769234,252,0.02766798418972332,0,Regular Customers
15672.0,725,1,45.300000000000004,15.100000000000001,0,1.0,1,At-Risk Customers
15673.0,88,9,6204.32,23.15044776119403,567,0.01584507042253521,0,Regular Customers
15674.0,73,13,6948.2300000000005,19.795527065527068,657,0.019756838905775075,0,Regular Customers
15675.0,81,4,542.04,15.486857142857142,322,0.01238390092879257,0,Regular Customers
15676.0,19,3,3435.76,17.00871287128713,265,0.011278195488721804,0,Regular Customers
15677.0,49,3,1305.63,18.133750000000003,414,0.007228915662650603,0,Regular Customers
15678.0,53,3,1825.94,19.84717391304348,469,0.006382978723404255,0,Regular Customers
15679.0,24,4,781.28,7.102545454545455,158,0.025157232704402517,0,Regular Customers
15680.0,9,10,4028.69,17.07072033898305,728,0.013717421124828532,0,Regular Customers
15681.0,25,14,2989.7,33.97386363636363,539,0.025925925925925925,0,Regular Customers
15682.0,599,2,318.24,12.7296,88,0.02247191011235955,1,At-Risk Customers
15683.0,117,2,524.54,20.174615384615382,356,0.0056022408963585435,0,Regular Customers
15684.0,547,3,173.95,15.813636363636363,188,0.015873015873015872,1,At-Risk Customers
15685.0,450,1,55.980000000000004,3.2929411764705883,0,1.0,1,At-Risk Customers
15686.0,420,1,90.0,90.0,0,1.0,1,At-Risk Customers
15687.0,9,9,2993.1,18.030722891566263,321,0.027950310559006212,0,Regular Customers
15688.0,419,1,190.57,7.058148148148148,0,1.0,1,At-Risk Customers
15689.0,120,3,521.03,21.70958333333333,497,0.006024096385542169,0,Regular Customers
15690.0,4,2,239.76,12.618947368421052,96,0.020618556701030927,0,Regular Customers
15691.0,252,4,571.3,40.80714285714286,480,0.008316008316008316,0,Regular Customers
15692.0,28,1,191.04,15.92,0,1.0,0,Regular Customers
15693.0,659,1,37.5,37.5,0,1.0,1,At-Risk Customers
15694.0,1,24,9978.48,69.77958041958041,731,0.03278688524590164,4,Loyal Customers
15695.0,267,4,1131.04,19.170169491525424,414,0.00963855421686747,0,Regular Customers
15696.0,33,13,3881.2200000000003,17.562081447963802,650,0.019969278033794162,0,Regular Customers
15697.0,690,1,246.75,17.625,0,1.0,1,At-Risk Customers
15698.0,624,1,46.2,23.1,0,1.0,1,At-Risk Customers
15699.0,18,1,309.65,17.202777777777776,0,1.0,0,Regular Customers
15700.0,172,2,696.68,8.10093023255814,1,1.0,0,Regular Customers
15701.0,2,4,1529.0,6.647826086956521,108,0.03669724770642202,0,Regular Customers
15702.0,476,2,140.39000000000001,4.679666666666667,205,0.009708737864077669,1,At-Risk Customers
15703.0,265,1,211.5,42.3,0,1.0,0,Regular Customers
15704.0,140,6,3734.6600000000003,18.3071568627451,442,0.013544018058690745,0,Regular Customers
15705.0,201,1,143.1,23.849999999999998,0,1.0,0,Regular Customers
15706.0,64,4,1060.56,19.28290909090909,52,0.07547169811320754,0,Regular Customers
15707.0,35,4,916.98,4.473073170731707,51,0.07692307692307693,0,Regular Customers
15708.0,41,9,3887.15,11.534569732937685,384,0.023376623376623377,0,Regular Customers
15709.0,284,2,327.85,12.142592592592594,305,0.006535947712418301,1,At-Risk Customers
15710.0,417,1,898.87,8.171545454545454,0,1.0,1,At-Risk Customers
15711.0,557,2,420.25,16.81,128,0.015503875968992248,1,At-Risk Customers
15712.0,9,12,3472.4100000000003,20.918132530120484,729,0.01643835616438356,0,Regular Customers
15713.0,143,4,839.64,16.146923076923077,580,0.0068846815834767644,0,Regular Customers
15714.0,12,5,783.96,16.3325,543,0.009191176470588236,0,Regular Customers
15715.0,556,5,658.02,17.316315789473684,63,0.078125,1,At-Risk Customers
15716.0,146,11,2485.26,8.68972027972028,586,0.018739352640545145,0,Regular Customers
15717.0,234,5,607.0,25.291666666666668,358,0.013927576601671309,0,Regular Customers
15718.0,540,1,293.79,16.32166666666667,0,1.0,1,At-Risk Customers
15719.0,33,31,10195.97,5.760435028248587,705,0.043909348441926344,4,Loyal Customers
15720.0,24,2,739.22,4.831503267973856,525,0.0038022813688212928,0,Regular Customers
15721.0,12,1,471.40000000000003,5.611904761904762,0,1.0,0,Regular Customers
15722.0,36,11,5234.0,29.40449438202247,604,0.01818181818181818,0,Regular Customers
15723.0,365,4,930.7,7.566666666666667,209,0.01904761904761905,1,At-Risk Customers
15724.0,201,3,310.85,18.28529411764706,199,0.015,0,Regular Customers
15725.0,15,1,415.25,12.9765625,0,1.0,0,Regular Customers
15726.0,390,1,321.91,13.99608695652174,0,1.0,1,At-Risk Customers
15727.0,17,15,9371.71,13.681328467153284,668,0.02242152466367713,0,Regular Customers
15728.0,380,2,544.6,45.38333333333333,64,0.03076923076923077,1,At-Risk Customers
15729.0,213,3,192.55,17.504545454545454,190,0.015706806282722512,0,Regular Customers
15730.0,66,5,1726.58,15.554774774774774,365,0.01366120218579235,0,Regular Customers
15731.0,554,1,125.3,15.6625,0,1.0,1,At-Risk Customers
15732.0,212,10,1543.97,15.595656565656565,461,0.021645021645021644,0,Regular Customers
15733.0,283,1,162.3,16.23,0,1.0,1,At-Risk Customers
15734.0,115,4,2263.3,52.63488372093024,432,0.009237875288683603,0,Regular Customers
15735.0,421,1,327.68,17.246315789473684,0,1.0,1,At-Risk Customers
15736.0,435,2,1767.12,17.6712,0,2.0,1,At-Risk Customers
15737.0,15,8,1188.1200000000001,16.734084507042255,228,0.034934497816593885,0,Regular Customers
15738.0,19,41,13043.32,27.06082987551867,710,0.057665260196905765,4,Loyal Customers
15739.0,66,1,449.12,56.14,0,1.0,0,Regular Customers
15740.0,49,1,154.88,17.20888888888889,0,1.0,0,Regular Customers
15741.0,458,2,208.62,17.385,160,0.012422360248447204,1,At-Risk Customers
15742.0,619,1,156.87,3.82609756097561,0,1.0,1,At-Risk Customers
15743.0,16,4,775.96,9.022790697674418,168,0.023668639053254437,0,Regular Customers
15744.0,78,1,34.8,11.6,0,1.0,0,Regular Customers
15745.0,19,4,1094.59,17.654677419354837,217,0.01834862385321101,0,Regular Customers
15746.0,134,1,196.88,7.031428571428571,0,1.0,0,Regular Customers
15747.0,13,9,2499.81,11.573194444444445,678,0.013254786450662739,0,Regular Customers
15748.0,40,3,609.8100000000001,16.93916666666667,408,0.007334963325183374,0,Regular Customers
15749.0,235,3,44534.3,4453.43,97,0.030612244897959183,0,Regular Customers
15750.0,3,18,6452.991,10.275463375796178,735,0.024456521739130436,4,Loyal Customers
15751.0,461,11,1380.44,10.618769230769232,272,0.040293040293040296,1,At-Risk Customers
15752.0,40,9,3924.91,6.697798634812287,417,0.0215311004784689,0,Regular Customers
15753.0,305,1,79.2,79.2,0,1.0,1,At-Risk Customers
15754.0,51,9,3037.61,23.187862595419848,604,0.01487603305785124,0,Regular Customers
15755.0,10,17,5993.12,16.153962264150945,725,0.023415977961432508,0,Regular Customers
15756.0,61,4,528.01,2.764450261780105,187,0.02127659574468085,0,Regular Customers
15757.0,66,6,2940.36,15.235025906735752,481,0.012448132780082987,0,Regular Customers
15758.0,25,1,205.25,22.805555555555557,0,1.0,0,Regular Customers
15759.0,218,7,830.9300000000001,48.87823529411765,519,0.013461538461538462,0,Regular Customers
15760.0,631,2,13916.34,6958.17,0,2.0,1,At-Risk Customers
15761.0,443,1,143.05,28.610000000000003,0,1.0,1,At-Risk Customers
15762.0,65,2,583.75,15.777027027027026,12,0.15384615384615385,0,Regular Customers
15763.0,32,2,1086.92,17.818360655737706,45,0.043478260869565216,0,Regular Customers
15764.0,88,8,4503.08,18.08465863453815,390,0.020460358056265986,0,Regular Customers
15765.0,667,1,370.63,14.8252,0,1.0,1,At-Risk Customers
15766.0,64,3,831.06,31.963846153846152,618,0.004846526655896607,0,Regular Customers
15768.0,116,34,15308.89,12.672922185430464,620,0.05475040257648953,4,Loyal Customers
15769.0,7,46,88612.52,397.3655605381166,721,0.06371191135734072,4,Loyal Customers
15770.0,613,1,321.45,17.858333333333334,0,1.0,1,At-Risk Customers
15771.0,604,3,1006.54,35.94785714285714,89,0.03333333333333333,1,At-Risk Customers
15772.0,418,1,280.88,17.555,0,1.0,1,At-Risk Customers
15773.0,6,2,774.52,16.479148936170212,403,0.0049504950495049506,0,Regular Customers
15774.0,69,6,1288.34,11.712181818181817,587,0.01020408163265306,0,Regular Customers
15775.0,245,2,150.5,16.72222222222222,386,0.00516795865633075,0,Regular Customers
15776.0,133,1,241.62,13.423333333333334,0,1.0,0,Regular Customers
15777.0,241,7,1762.61,45.1951282051282,327,0.021341463414634148,0,Regular Customers
15778.0,431,1,307.95,18.11470588235294,0,1.0,1,At-Risk Customers
15779.0,463,2,124.08000000000001,15.510000000000002,69,0.02857142857142857,1,At-Risk Customers
15780.0,184,3,475.28000000000003,16.38896551724138,174,0.017142857142857144,0,Regular Customers
15781.0,25,3,345.46,17.273,280,0.010676156583629894,0,Regular Customers
15782.0,10,4,4014.1,65.80491803278689,420,0.009501187648456057,0,Regular Customers
15783.0,11,1,246.3,17.592857142857145,0,1.0,0,Regular Customers
15784.0,468,2,848.3299999999999,19.72860465116279,204,0.00975609756097561,1,At-Risk Customers
15785.0,33,16,5969.93,26.533022222222222,691,0.023121387283236993,0,Regular Customers
15786.0,46,5,8501.62,18.28305376344086,490,0.010183299389002037,0,Regular Customers
15787.0,26,3,933.26,4.6663,35,0.08333333333333333,0,Regular Customers
15788.0,509,1,221.82999999999998,15.844999999999999,0,1.0,1,At-Risk Customers
15789.0,358,6,1962.01,14.217463768115943,265,0.022556390977443608,1,At-Risk Customers
15790.0,10,1,218.75,6.4338235294117645,0,1.0,0,Regular Customers
15791.0,44,5,3608.34,21.60682634730539,598,0.008347245409015025,0,Regular Customers
15792.0,400,2,933.84,16.383157894736843,218,0.0091324200913242,1,At-Risk Customers
15793.0,15,8,2399.57,79.98566666666667,723,0.011049723756906077,0,Regular Customers
15794.0,736,2,777.0,51.8,0,2.0,1,At-Risk Customers
15795.0,150,8,1979.8700000000001,15.11351145038168,540,0.014787430683918669,0,Regular Customers
15796.0,1,17,5171.63,17.65061433447099,617,0.02750809061488673,0,Regular Customers
15797.0,113,6,2821.08,235.09,568,0.01054481546572935,0,Regular Customers
15798.0,493,3,1535.37,18.49843373493976,188,0.015873015873015872,1,At-Risk Customers
15799.0,76,4,1421.34,9.22948051948052,342,0.011661807580174927,0,Regular Customers
15800.0,107,7,1227.07,5.289094827586206,511,0.013671875,0,Regular Customers
15801.0,46,3,1063.95,16.62421875,63,0.046875,0,Regular Customers
15802.0,143,1,451.42,451.42,0,1.0,0,Regular Customers
15803.0,51,4,1929.66,37.836470588235294,624,0.0064,0,Regular Customers
15804.0,1,13,4206.39,16.05492366412214,198,0.06532663316582915,0,Regular Customers
15805.0,23,30,10148.93,19.185122873345936,706,0.042432814710042434,4,Loyal Customers
15806.0,46,3,784.58,25.309032258064516,230,0.012987012987012988,0,Regular Customers
15807.0,50,5,1817.52,20.653636363636362,615,0.008116883116883116,0,Regular Customers
15808.0,306,21,17180.25,22.254209844559586,431,0.04861111111111111,4,Loyal Customers
15809.0,36,7,1274.44,21.973103448275864,499,0.014,0,Regular Customers
15810.0,79,8,2999.04,18.066506024096384,594,0.013445378151260505,0,Regular Customers
15811.0,22,7,3486.15,12.76978021978022,365,0.01912568306010929,0,Regular Customers
15812.0,107,12,5201.47,41.611760000000004,617,0.019417475728155338,0,Regular Customers
15813.0,208,2,1303.9099999999999,32.59775,31,0.0625,0,Regular Customers
15814.0,17,6,2634.44,26.88204081632653,586,0.010221465076660987,0,Regular Customers
15815.0,64,5,2100.6,42.86938775510204,196,0.025380710659898477,0,Regular Customers
15816.0,542,2,144.14999999999998,13.104545454545452,0,2.0,1,At-Risk Customers
15817.0,421,3,2766.4,18.2,122,0.024390243902439025,1,At-Risk Customers
15818.0,588,1,340.5,30.954545454545453,0,1.0,1,At-Risk Customers
15819.0,49,10,3934.79,15.133807692307693,582,0.017152658662092625,0,Regular Customers
15820.0,320,1,206.98,12.175294117647057,0,1.0,1,At-Risk Customers
15821.0,44,2,570.96,9.209032258064516,17,0.1111111111111111,0,Regular Customers
15822.0,3,6,1840.06,28.308615384615383,729,0.00821917808219178,0,Regular Customers
15823.0,372,3,3882.17,25.04625806451613,358,0.008356545961002786,1,At-Risk Customers
15824.0,453,2,890.94,34.26692307692308,78,0.02531645569620253,1,At-Risk Customers
15825.0,172,1,532.94,26.647000000000002,0,1.0,0,Regular Customers
15826.0,56,4,2598.28,21.834285714285716,511,0.0078125,0,Regular Customers
15827.0,73,28,3603.14,16.604331797235023,627,0.044585987261146494,4,Loyal Customers
15828.0,375,1,1108.82,14.984054054054052,0,1.0,1,At-Risk Customers
15829.0,99,2,636.14,12.473333333333333,41,0.047619047619047616,0,Regular Customers
15830.0,38,1,576.0,14.76923076923077,0,1.0,0,Regular Customers
15831.0,58,3,794.64,12.04,265,0.011278195488721804,0,Regular Customers
15832.0,254,1,836.79,15.49611111111111,0,1.0,0,Regular Customers
15833.0,738,1,80.4,16.080000000000002,0,1.0,1,At-Risk Customers
15834.0,70,7,3764.39,10.065213903743315,354,0.01971830985915493,0,Regular Customers
15835.0,44,4,954.09,19.0818,286,0.013937282229965157,0,Regular Customers
15836.0,50,1,137.37,13.737,0,1.0,0,Regular Customers
15837.0,65,2,777.01,14.942499999999999,420,0.004750593824228029,0,Regular Customers
15838.0,11,34,73205.5,355.36650485436894,713,0.047619047619047616,4,Loyal Customers
15839.0,33,3,1048.49,16.911129032258064,114,0.02608695652173913,0,Regular Customers
15840.0,59,2,355.56,13.168888888888889,113,0.017543859649122806,0,Regular Customers
15841.0,73,9,2742.41,29.808804347826086,657,0.013677811550151976,0,Regular Customers
15842.0,393,2,548.8,21.951999999999998,134,0.014814814814814815,1,At-Risk Customers
15843.0,304,1,118.95000000000002,14.868750000000002,0,1.0,1,At-Risk Customers
15844.0,46,1,130.73999999999998,11.885454545454543,0,1.0,0,Regular Customers
15845.0,18,11,4426.28,25.4383908045977,664,0.016541353383458645,0,Regular Customers
15846.0,385,1,107.01,3.6900000000000004,0,1.0,1,At-Risk Customers
15847.0,38,5,822.57,17.136875,603,0.008278145695364239,0,Regular Customers
15848.0,622,1,137.99,4.058529411764706,0,1.0,1,At-Risk Customers
15850.0,19,6,1006.75,3.237138263665595,707,0.00847457627118644,0,Regular Customers
15851.0,527,1,109.73,13.71625,0,1.0,1,At-Risk Customers
15852.0,187,3,257.26,7.795757575757576,340,0.008797653958944282,0,Regular Customers
15853.0,52,1,110.8,3.6933333333333334,0,1.0,0,Regular Customers
15854.0,4,21,5578.28,21.79015625,725,0.028925619834710745,4,Loyal Customers
15855.0,137,6,1052.72,11.081263157894737,339,0.01764705882352941,0,Regular Customers
15856.0,4,52,32275.95,29.288520871143376,732,0.07094133697135062,4,Loyal Customers
15857.0,19,2,570.48,23.77,411,0.0048543689320388345,0,Regular Customers
15858.0,16,13,3552.41,8.166459770114942,714,0.01818181818181818,0,Regular Customers
15859.0,432,1,438.46,19.93,0,1.0,1,At-Risk Customers
15860.0,41,17,2361.3,6.884256559766764,692,0.024531024531024532,0,Regular Customers
15861.0,12,12,4369.2,5.544670050761421,667,0.017964071856287425,0,Regular Customers
15862.0,8,13,2512.29,5.044759036144578,714,0.01818181818181818,0,Regular Customers
15863.0,26,5,355.1,4.611688311688312,697,0.0071633237822349575,0,Regular Customers
15864.0,22,7,2180.76,94.81565217391305,358,0.019498607242339833,0,Regular Customers
15865.0,41,5,2241.42,17.78904761904762,662,0.007541478129713424,0,Regular Customers
15866.0,101,1,211.89,4.927674418604651,0,1.0,0,Regular Customers
15867.0,5,31,8923.3,8.748333333333333,719,0.043055555555555555,4,Loyal Customers
15868.0,583,1,94.53,23.6325,0,1.0,1,At-Risk Customers
15869.0,277,3,321.11,9.444411764705883,349,0.008571428571428572,1,At-Risk Customers
15870.0,33,4,857.46,5.9962237762237764,413,0.00966183574879227,0,Regular Customers
15871.0,437,1,33.099999999999994,6.619999999999999,0,1.0,1,At-Risk Customers
15872.0,15,4,729.25,3.8789893617021276,535,0.007462686567164179,0,Regular Customers
15873.0,500,4,313.91999999999996,52.31999999999999,1,2.0,1,At-Risk Customers
15874.0,64,21,11284.76,32.99637426900585,637,0.032915360501567396,4,Loyal Customers
15875.0,646,1,108.52,4.718260869565217,0,1.0,1,At-Risk Customers
15876.0,409,2,1449.1399999999999,131.73999999999998,39,0.05,1,At-Risk Customers
15877.0,2,2,490.33,3.8915079365079364,16,0.11764705882352941,0,Regular Customers
15878.0,562,2,330.77,6.485686274509804,171,0.011627906976744186,1,At-Risk Customers
15879.0,404,4,1137.8,6.356424581005586,317,0.012578616352201259,1,At-Risk Customers
15880.0,369,1,329.03000000000003,3.4273958333333336,0,1.0,1,At-Risk Customers
15881.0,312,5,501.39000000000004,17.289310344827587,52,0.09433962264150944,1,At-Risk Customers
15882.0,199,8,1124.66,19.062033898305085,530,0.015065913370998116,0,Regular Customers
15883.0,2,2,396.48,8.091428571428573,31,0.0625,0,Regular Customers
15884.0,432,2,244.60000000000002,17.47142857142857,303,0.006578947368421052,1,At-Risk Customers
15885.0,93,15,1951.82,16.972347826086956,594,0.025210084033613446,0,Regular Customers
15886.0,60,4,1052.8700000000001,16.98177419354839,537,0.007434944237918215,0,Regular Customers
15887.0,407,3,1027.15,27.760810810810813,148,0.020134228187919462,1,At-Risk Customers
15888.0,81,3,429.16,11.004102564102565,446,0.006711409395973154,0,Regular Customers
15889.0,157,8,1427.6,4.742857142857143,572,0.013961605584642234,0,Regular Customers
15890.0,395,5,535.65,53.565,210,0.023696682464454975,1,At-Risk Customers
15891.0,227,1,511.68,8.528,0,1.0,0,Regular Customers
15892.0,669,1,128.2,3.3736842105263154,0,1.0,1,At-Risk Customers
15893.0,482,1,305.28000000000003,305.28000000000003,0,1.0,1,At-Risk Customers
15894.0,253,2,258.25,6.97972972972973,115,0.017241379310344827,0,Regular Customers
15895.0,150,1,179.17,16.288181818181815,0,1.0,0,Regular Customers
15897.0,194,2,208.59,9.481363636363637,0,2.0,0,Regular Customers
15898.0,1,25,4996.45,8.071809369951534,726,0.0343878954607978,4,Loyal Customers
15899.0,369,1,56.25,14.0625,0,1.0,1,At-Risk Customers
15900.0,24,4,886.5699999999999,7.03626984126984,539,0.007407407407407408,0,Regular Customers
15901.0,17,7,687.72,4.193414634146341,527,0.013257575757575758,0,Regular Customers
15902.0,380,1,145.01,8.056111111111111,0,1.0,1,At-Risk Customers
15903.0,10,12,8939.84,77.06758620689655,684,0.017518248175182483,0,Regular Customers
15904.0,8,1,164.68,5.489333333333334,0,1.0,0,Regular Customers
15905.0,543,1,114.69,5.213181818181818,0,1.0,1,At-Risk Customers
15906.0,20,10,2530.19,12.588009950248756,431,0.023148148148148147,0,Regular Customers
15907.0,4,3,882.72,3.905840707964602,206,0.014492753623188406,0,Regular Customers
15908.0,491,2,758.62,18.9655,21,0.09090909090909091,1,At-Risk Customers
15909.0,174,1,191.94,27.419999999999998,0,1.0,0,Regular Customers
15910.0,1,15,2661.17,4.292209677419355,686,0.021834061135371178,0,Regular Customers
15911.0,624,8,1700.24,6.590077519379845,106,0.07476635514018691,1,At-Risk Customers
15912.0,178,9,1074.7,11.31263157894737,551,0.016304347826086956,0,Regular Customers
15913.0,534,1,6.300000000000001,6.300000000000001,0,1.0,1,At-Risk Customers
15914.0,378,2,205.99,15.845384615384615,0,2.0,1,At-Risk Customers
15915.0,402,1,364.45,3.225221238938053,0,1.0,1,At-Risk Customers
15916.0,16,13,3145.2400000000002,10.278562091503268,712,0.0182328190743338,0,Regular Customers
15917.0,248,5,530.17,3.7335915492957743,489,0.01020408163265306,0,Regular Customers
15918.0,191,3,582.88,9.555409836065573,441,0.006787330316742082,0,Regular Customers
15919.0,20,2,525.69,4.308934426229508,349,0.005714285714285714,0,Regular Customers
15920.0,154,9,569.14,5.319065420560747,571,0.015734265734265736,0,Regular Customers
15921.0,173,4,775.26,9.813417721518988,468,0.008528784648187633,0,Regular Customers
15922.0,373,1,369.5,33.59090909090909,0,1.0,1,At-Risk Customers
15923.0,373,1,127.08,6.051428571428572,0,1.0,1,At-Risk Customers
15924.0,731,1,102.82,6.854666666666666,0,1.0,1,At-Risk Customers
15925.0,194,1,207.15,17.2625,0,1.0,0,Regular Customers
15926.0,542,1,134.44,19.205714285714286,0,1.0,1,At-Risk Customers
15927.0,647,1,106.54,7.102666666666667,0,1.0,1,At-Risk Customers
15928.0,656,1,293.53,26.684545454545454,0,1.0,1,At-Risk Customers
15929.0,644,1,594.0,594.0,0,1.0,1,At-Risk Customers
15930.0,67,1,426.63,20.315714285714286,0,1.0,0,Regular Customers
15931.0,428,1,239.9,17.135714285714286,0,1.0,1,At-Risk Customers
15932.0,4,8,2495.87,21.703217391304346,285,0.027972027972027972,0,Regular Customers
15933.0,21,3,1107.46,14.965675675675676,65,0.045454545454545456,0,Regular Customers
15934.0,418,2,2190.66,75.53999999999999,11,0.16666666666666666,1,At-Risk Customers
15935.0,239,2,416.86,34.73833333333334,2,0.6666666666666666,0,Regular Customers
15936.0,379,2,282.79,14.883684210526317,88,0.02247191011235955,1,At-Risk Customers
15937.0,64,1,145.35,20.764285714285712,0,1.0,0,Regular Customers
15938.0,112,9,734.81,18.84128205128205,444,0.020224719101123594,0,Regular Customers
15939.0,90,16,9060.39,56.27571428571428,284,0.056140350877192984,0,Regular Customers
15940.0,311,1,35.8,35.8,0,1.0,1,At-Risk Customers
15941.0,637,1,405.0,67.5,0,1.0,1,At-Risk Customers
15942.0,134,1,337.44,24.102857142857143,0,1.0,0,Regular Customers
15943.0,650,2,271.28999999999996,22.607499999999998,28,0.06896551724137931,1,At-Risk Customers
15944.0,277,4,2164.24,56.95368421052631,449,0.008888888888888889,1,At-Risk Customers
15945.0,365,4,646.27,23.081071428571427,372,0.010723860589812333,1,At-Risk Customers
15946.0,503,3,2304.18,88.62230769230769,131,0.022727272727272728,1,At-Risk Customers
15947.0,83,1,1708.24,58.9048275862069,0,1.0,0,Regular Customers
15948.0,8,3,1509.0900000000001,15.885157894736844,416,0.007194244604316547,0,Regular Customers
15949.0,17,2,364.72,19.19578947368421,54,0.03636363636363636,0,Regular Customers
15950.0,32,10,7120.91,18.119363867684477,650,0.015360983102918587,0,Regular Customers
15951.0,9,3,1013.17,17.17237288135593,372,0.00804289544235925,0,Regular Customers
15952.0,34,4,781.91,9.30845238095238,191,0.020833333333333332,0,Regular Customers
15953.0,15,18,3440.3399999999997,20.60083832335329,721,0.024930747922437674,0,Regular Customers
15954.0,589,1,190.75,9.5375,0,1.0,1,At-Risk Customers
15955.0,24,22,8085.9800000000005,23.643216374269006,629,0.03492063492063492,4,Loyal Customers
15956.0,551,2,617.6,34.31111111111111,175,0.011363636363636364,1,At-Risk Customers
15957.0,32,3,921.25,6.309931506849315,389,0.007692307692307693,0,Regular Customers
15958.0,74,4,462.12,7.109538461538461,476,0.008385744234800839,0,Regular Customers
15959.0,682,3,542.89,7.646338028169014,0,3.0,1,At-Risk Customers
15960.0,374,4,410.95,15.805769230769231,61,0.06451612903225806,1,At-Risk Customers
15961.0,379,1,451.28999999999996,10.745,0,1.0,1,At-Risk Customers
15962.0,449,1,289.48,5.263272727272728,0,1.0,1,At-Risk Customers
15963.0,20,2,470.76,16.812857142857144,25,0.07692307692307693,0,Regular Customers
15964.0,663,1,269.21000000000004,13.460500000000001,0,1.0,1,At-Risk Customers
15965.0,17,13,2771.94,8.34921686746988,719,0.018055555555555554,0,Regular Customers
15966.0,451,1,426.53000000000003,15.797407407407409,0,1.0,1,At-Risk Customers
15967.0,23,12,2966.0,6.179166666666666,715,0.01675977653631285,0,Regular Customers
15968.0,388,1,404.55,5.056875,0,1.0,1,At-Risk Customers
15969.0,3,5,1127.05,32.20142857142857,519,0.009615384615384616,0,Regular Customers
15970.0,304,2,1017.32,42.388333333333335,295,0.006756756756756757,1,At-Risk Customers
15971.0,18,18,5902.83,140.54357142857143,714,0.025174825174825177,4,Loyal Customers
15972.0,456,5,1769.33,12.728992805755395,143,0.034722222222222224,1,At-Risk Customers
15973.0,367,3,680.62,61.874545454545455,62,0.047619047619047616,1,At-Risk Customers
15974.0,39,7,3442.15,19.557670454545455,249,0.028,0,Regular Customers
15975.0,84,1,371.01,15.45875,0,1.0,0,Regular Customers
15976.0,165,6,1694.41,4.482566137566137,385,0.015544041450777202,0,Regular Customers
15977.0,17,2,1054.73,16.226615384615386,21,0.09090909090909091,0,Regular Customers
15978.0,77,3,3279.42,25.42186046511628,567,0.00528169014084507,0,Regular Customers
15979.0,603,1,329.22,14.964545454545457,0,1.0,1,At-Risk Customers
15980.0,89,7,6543.68,56.90156521739131,467,0.014957264957264958,0,Regular Customers
15981.0,25,21,9362.77,32.509618055555556,595,0.03523489932885906,4,Loyal Customers
15982.0,605,1,324.51,7.211333333333333,0,1.0,1,At-Risk Customers
15983.0,22,8,3110.37,12.055697674418605,711,0.011235955056179775,0,Regular Customers
15984.0,3,30,8393.02,11.990028571428573,735,0.04076086956521739,4,Loyal Customers
15985.0,123,7,2715.28,26.10846153846154,438,0.015945330296127564,0,Regular Customers
15986.0,30,2,354.42,14.1768,351,0.005681818181818182,0,Regular Customers
15987.0,12,8,1535.99,9.08869822485207,367,0.021739130434782608,0,Regular Customers
15988.0,19,3,738.89,6.157416666666666,637,0.004702194357366771,0,Regular Customers
15989.0,376,2,368.31,4.2826744186046515,361,0.0055248618784530384,1,At-Risk Customers
15990.0,44,7,1997.75,11.286723163841808,605,0.01155115511551155,0,Regular Customers
15991.0,534,1,150.55,25.09166666666667,0,1.0,1,At-Risk Customers
15992.0,4,3,896.6,16.603703703703705,449,0.006666666666666667,0,Regular Customers
15993.0,9,7,2777.67,5.115414364640884,35,0.19444444444444445,0,Regular Customers
15994.0,55,3,1175.68,10.885925925925926,581,0.005154639175257732,0,Regular Customers
15995.0,414,1,694.54,6.314,0,1.0,1,At-Risk Customers
15996.0,88,7,1386.4,8.013872832369943,308,0.022653721682847898,0,Regular Customers
15998.0,37,16,8274.14,5.806414035087719,702,0.02275960170697013,0,Regular Customers
15999.0,736,1,20.4,20.4,0,1.0,1,At-Risk Customers
16000.0,3,3,12393.7,1377.0777777777778,0,3.0,0,Regular Customers
16001.0,381,1,583.39,20.11689655172414,0,1.0,1,At-Risk Customers
16002.0,625,1,169.21,4.028809523809524,0,1.0,1,At-Risk Customers
16003.0,30,10,5613.83,27.65433497536946,706,0.014144271570014143,0,Regular Customers
16004.0,475,5,2146.39,23.848777777777777,208,0.023923444976076555,1,At-Risk Customers
16005.0,12,10,2365.4900000000002,4.887376033057851,438,0.022779043280182234,0,Regular Customers
16006.0,211,2,332.82,4.266923076923077,176,0.011299435028248588,0,Regular Customers
16007.0,48,7,3053.06,4.646971080669711,495,0.014112903225806451,0,Regular Customers
16008.0,24,15,5339.13,21.103280632411067,606,0.02471169686985173,0,Regular Customers
16009.0,22,4,972.11,11.855,137,0.028985507246376812,0,Regular Customers
16010.0,246,11,1694.86,5.864567474048442,165,0.06626506024096386,0,Regular Customers
16011.0,8,29,5601.01,13.17884705882353,730,0.03967168262653899,4,Loyal Customers
16012.0,35,5,2978.59,12.462719665271967,494,0.010101010101010102,0,Regular Customers
16013.0,4,84,56078.44,259.6224074074074,728,0.11522633744855967,3,Premium Customers
16014.0,38,5,1100.28,4.001018181818182,639,0.0078125,0,Regular Customers
16015.0,4,3,704.55,3.892541436464088,45,0.06521739130434782,0,Regular Customers
16016.0,3,11,2083.4,7.014814814814815,399,0.0275,0,Regular Customers
16017.0,47,5,1545.58,11.889076923076923,656,0.0076103500761035,0,Regular Customers
16018.0,39,4,698.13,12.466607142857143,693,0.005763688760806916,0,Regular Customers
16019.0,47,27,17329.16,43.00039702233251,678,0.039764359351988215,4,Loyal Customers
16020.0,17,3,851.01,18.500217391304346,48,0.061224489795918366,0,Regular Customers
16021.0,395,2,487.03,3.8653174603174603,149,0.013333333333333334,1,At-Risk Customers
16022.0,260,1,602.63,8.48774647887324,0,1.0,0,Regular Customers
16023.0,46,3,719.81,7.126831683168317,220,0.013574660633484163,0,Regular Customers
16024.0,12,3,483.99,5.694,399,0.0075,0,Regular Customers
16025.0,30,1,439.65999999999997,15.702142857142857,0,1.0,0,Regular Customers
16026.0,43,1,236.09,7.3778125,0,1.0,0,Regular Customers
16027.0,92,15,2048.36,58.524571428571434,608,0.024630541871921183,0,Regular Customers
16028.0,596,1,82.2,16.44,0,1.0,1,At-Risk Customers
16029.0,39,107,117763.62,318.28005405405406,692,0.1544011544011544,3,Premium Customers
16030.0,310,1,331.24,11.422068965517242,0,1.0,1,At-Risk Customers
16031.0,92,2,547.9,5.590816326530612,154,0.012903225806451613,0,Regular Customers
16032.0,456,6,1965.72,9.36057142857143,67,0.08823529411764706,1,At-Risk Customers
16033.0,6,27,10608.81,7.806335540838852,479,0.05625,4,Loyal Customers
16034.0,196,6,911.3199999999999,16.273571428571426,213,0.028037383177570093,0,Regular Customers
16035.0,560,1,217.73,10.368095238095238,0,1.0,1,At-Risk Customers
16036.0,87,4,2556.84,18.263142857142856,533,0.00749063670411985,0,Regular Customers
16037.0,270,5,1509.34,21.258309859154927,378,0.013192612137203167,0,Regular Customers
16038.0,8,3,471.78000000000003,18.145384615384618,194,0.015384615384615385,0,Regular Customers
16039.0,424,2,456.4,14.2625,204,0.00975609756097561,1,At-Risk Customers
16040.0,65,7,2416.9,19.3352,544,0.012844036697247707,0,Regular Customers
16041.0,31,3,3166.4,527.7333333333333,110,0.02702702702702703,0,Regular Customers
16042.0,22,8,2245.32,17.40558139534884,431,0.018518518518518517,0,Regular Customers
16043.0,38,8,1856.5900000000001,25.4327397260274,444,0.017977528089887642,0,Regular Customers
16044.0,435,1,340.84000000000003,17.938947368421054,0,1.0,1,At-Risk Customers
16045.0,120,8,3434.9300000000003,23.208986486486488,378,0.021108179419525065,0,Regular Customers
16046.0,562,1,235.78,10.717272727272727,0,1.0,1,At-Risk Customers
16047.0,682,1,107.14,107.14,0,1.0,1,At-Risk Customers
16048.0,373,4,818.7900000000001,22.74416666666667,176,0.022598870056497175,1,At-Risk Customers
16049.0,40,6,1852.15,3.8188659793814437,475,0.012605042016806723,0,Regular Customers
16050.0,174,3,300.7,14.319047619047618,227,0.013157894736842105,0,Regular Customers
16051.0,682,1,188.44,15.703333333333333,0,1.0,1,At-Risk Customers
16052.0,54,1,362.06,10.648823529411764,0,1.0,0,Regular Customers
16053.0,33,6,3634.84,18.736288659793814,578,0.010362694300518135,0,Regular Customers
16054.0,145,4,2111.88,17.31049180327869,471,0.00847457627118644,0,Regular Customers
16055.0,221,1,134.8,16.85,0,1.0,0,Regular Customers
16056.0,45,1,650.75,9.859848484848484,0,1.0,0,Regular Customers
16057.0,16,10,3854.85,17.682798165137616,684,0.014598540145985401,0,Regular Customers
16058.0,406,1,62.7,31.35,0,1.0,1,At-Risk Customers
16059.0,66,12,3053.57,7.809641943734015,503,0.023809523809523808,0,Regular Customers
16060.0,401,3,541.95,22.58125,93,0.031914893617021274,1,At-Risk Customers
16061.0,431,1,89.65,29.883333333333336,0,1.0,1,At-Risk Customers
16062.0,10,8,2863.45,15.478108108108108,526,0.015180265654648957,0,Regular Customers
16063.0,260,1,335.32,14.57913043478261,0,1.0,0,Regular Customers
16064.0,725,1,109.31,6.43,0,1.0,1,At-Risk Customers
16065.0,365,8,1992.13,5.643427762039661,97,0.08163265306122448,1,At-Risk Customers
16066.0,17,5,1521.04,15.059801980198019,107,0.046296296296296294,0,Regular Customers
16067.0,563,3,3269.11,48.07514705882353,112,0.02654867256637168,1,At-Risk Customers
16068.0,594,1,115.73,3.3065714285714285,0,1.0,1,At-Risk Customers
16069.0,418,1,457.7,18.308,0,1.0,1,At-Risk Customers
16070.0,22,2,852.15,25.82272727272727,9,0.2,0,Regular Customers
16071.0,45,4,1076.8,14.750684931506848,610,0.006546644844517185,0,Regular Customers
16072.0,288,4,4180.09,7.87210922787194,260,0.01532567049808429,1,At-Risk Customers
16073.0,297,1,122.39999999999999,122.39999999999999,0,1.0,1,At-Risk Customers
16074.0,390,1,252.5,10.1,0,1.0,1,At-Risk Customers
16075.0,503,2,736.9300000000001,17.973902439024393,61,0.03225806451612903,1,At-Risk Customers
16076.0,3,10,2234.73,17.323488372093024,205,0.04854368932038835,0,Regular Customers
16077.0,626,1,2300.4,287.55,0,1.0,1,At-Risk Customers
16078.0,284,2,362.99,9.307435897435898,385,0.0051813471502590676,1,At-Risk Customers
16079.0,17,3,1352.0,64.38095238095238,23,0.125,0,Regular Customers
16080.0,82,4,602.5600000000001,20.085333333333335,368,0.01084010840108401,0,Regular Customers
16081.0,56,8,4278.96,11.627608695652174,618,0.012924071082390954,0,Regular Customers
16082.0,670,1,106.75,6.671875,0,1.0,1,At-Risk Customers
16083.0,101,4,2351.42,33.11859154929578,287,0.013888888888888888,0,Regular Customers
16084.0,299,1,436.18,11.47842105263158,0,1.0,1,At-Risk Customers
16085.0,23,12,2341.03,6.242746666666667,664,0.01804511278195489,0,Regular Customers
16086.0,59,10,2687.73,20.83511627906977,677,0.014749262536873156,0,Regular Customers
16087.0,389,5,1739.92,173.99200000000002,300,0.016611295681063124,1,At-Risk Customers
16088.0,576,2,1437.43,239.5716666666667,15,0.125,1,At-Risk Customers
16089.0,386,2,263.49,5.606170212765957,122,0.016260162601626018,1,At-Risk Customers
16090.0,624,1,180.56,10.03111111111111,0,1.0,1,At-Risk Customers
16091.0,155,2,315.06,17.503333333333334,43,0.045454545454545456,0,Regular Customers
16092.0,115,6,1587.94,17.64377777777778,464,0.012903225806451613,0,Regular Customers
16093.0,107,1,17.0,17.0,0,1.0,0,Regular Customers
16094.0,12,11,3695.56,18.854897959183674,590,0.018612521150592216,0,Regular Customers
16095.0,456,1,447.05,14.901666666666667,0,1.0,1,At-Risk Customers
16096.0,264,4,1584.97,24.01469696969697,380,0.010498687664041995,0,Regular Customers
16097.0,240,1,185.04999999999998,18.505,0,1.0,0,Regular Customers
16098.0,88,14,4010.7,26.738,637,0.0219435736677116,0,Regular Customers
16099.0,50,7,1573.2,22.8,596,0.011725293132328308,0,Regular Customers
16100.0,463,1,582.64,15.747027027027027,0,1.0,1,At-Risk Customers
16101.0,71,4,3229.16,16.818541666666665,490,0.008146639511201629,0,Regular Customers
16102.0,42,3,1842.14,32.31824561403509,86,0.034482758620689655,0,Regular Customers
16103.0,7,22,6191.71,30.95855,693,0.03170028818443804,4,Loyal Customers
16104.0,62,9,2774.46,11.958879310344829,671,0.013392857142857142,0,Regular Customers
16105.0,249,5,2386.19,21.692636363636364,355,0.014044943820224719,0,Regular Customers
16106.0,66,1,108.38,18.063333333333333,0,1.0,0,Regular Customers
16107.0,18,7,3204.1600000000003,103.36000000000001,165,0.04216867469879518,0,Regular Customers
16108.0,85,4,2235.92,16.56237037037037,546,0.007312614259597806,0,Regular Customers
16109.0,219,3,939.48,30.305806451612902,479,0.00625,0,Regular Customers
16110.0,45,4,1781.59,4.143232558139535,477,0.008368200836820083,0,Regular Customers
16111.0,428,1,549.33,7.525068493150686,0,1.0,1,At-Risk Customers
16112.0,143,4,195.73999999999998,12.233749999999999,195,0.02040816326530612,0,Regular Customers
16113.0,183,1,161.38,5.379333333333333,0,1.0,0,Regular Customers
16114.0,171,1,135.75000000000003,16.968750000000004,0,1.0,0,Regular Customers
16115.0,10,12,2553.8,6.094988066825776,564,0.021238938053097345,0,Regular Customers
16116.0,212,1,612.78,18.02294117647059,0,1.0,0,Regular Customers
16117.0,190,3,654.4,7.352808988764044,401,0.007462686567164179,0,Regular Customers
16118.0,653,1,4376.25,106.73780487804878,0,1.0,1,At-Risk Customers
16119.0,8,8,1720.81,31.86685185185185,715,0.0111731843575419,0,Regular Customers
16120.0,59,6,2967.51,32.25554347826087,362,0.01652892561983471,0,Regular Customers
16121.0,57,5,1450.04,4.215232558139535,508,0.009823182711198428,0,Regular Customers
16122.0,73,6,895.62,16.585555555555555,352,0.0169971671388102,0,Regular Customers
16123.0,52,1,307.78,19.23625,0,1.0,0,Regular Customers
16124.0,317,4,1772.49,21.615731707317074,415,0.009615384615384616,1,At-Risk Customers
16125.0,367,14,4292.35,14.955923344947736,358,0.03899721448467967,1,At-Risk Customers
16126.0,29,15,14644.6,38.43727034120735,708,0.021156558533145273,4,Loyal Customers
16127.0,39,2,801.31,10.684133333333333,687,0.0029069767441860465,0,Regular Customers
16128.0,18,11,3801.05,20.88489010989011,493,0.022267206477732792,0,Regular Customers
16129.0,407,3,1396.05,14.542187499999999,100,0.0297029702970297,1,At-Risk Customers
16130.0,422,4,987.48,17.95418181818182,195,0.02040816326530612,1,At-Risk Customers
16131.0,52,12,9957.42,45.46767123287671,686,0.017467248908296942,0,Regular Customers
16132.0,544,2,664.1999999999999,39.07058823529411,83,0.023809523809523808,1,At-Risk Customers
16133.0,4,56,22992.260000000002,42.26518382352941,614,0.0910569105691057,4,Loyal Customers
16134.0,22,5,2145.34,18.49431034482759,519,0.009615384615384616,0,Regular Customers
16135.0,263,2,819.45,21.011538461538464,321,0.006211180124223602,0,Regular Customers
16136.0,60,4,946.8,20.582608695652173,603,0.006622516556291391,0,Regular Customers
16137.0,680,1,422.7,15.096428571428572,0,1.0,1,At-Risk Customers
16138.0,379,3,910.35,24.604054054054053,212,0.014084507042253521,1,At-Risk Customers
16139.0,19,5,1111.15,19.493859649122808,717,0.006963788300835654,0,Regular Customers
16140.0,66,3,1433.46,22.3978125,376,0.007957559681697613,0,Regular Customers
16141.0,88,2,955.94,19.1188,328,0.0060790273556231,0,Regular Customers
16142.0,250,1,535.34,14.46864864864865,0,1.0,0,Regular Customers
16143.0,3,12,4555.08,20.426367713004485,726,0.016506189821182942,0,Regular Customers
16144.0,247,1,175.2,175.2,0,1.0,0,Regular Customers
16145.0,9,19,6805.4400000000005,17.185454545454547,575,0.03298611111111111,4,Loyal Customers
16146.0,157,4,946.38,23.082439024390244,291,0.0136986301369863,0,Regular Customers
16147.0,134,5,2398.91,17.639044117647057,538,0.00927643784786642,0,Regular Customers
16148.0,296,2,386.62,42.95777777777778,140,0.014184397163120567,1,At-Risk Customers
16149.0,5,3,422.22,14.074000000000002,424,0.007058823529411765,0,Regular Customers
16150.0,43,10,4002.17,18.528564814814814,679,0.014705882352941176,0,Regular Customers
16152.0,269,1,1829.04,63.070344827586204,0,1.0,1,At-Risk Customers
16153.0,50,11,5133.49,22.714557522123894,512,0.021442495126705652,0,Regular Customers
16155.0,382,5,796.9,16.602083333333333,158,0.031446540880503145,1,At-Risk Customers
16156.0,9,20,6188.18,23.709501915708813,728,0.027434842249657063,4,Loyal Customers
16157.0,16,3,656.69,36.482777777777784,56,0.05263157894736842,0,Regular Customers
16158.0,522,9,628.32,17.952,211,0.04245283018867924,1,At-Risk Customers
16159.0,282,4,1232.79,23.7075,455,0.008771929824561403,1,At-Risk Customers
16160.0,65,2,1025.44,51.272000000000006,20,0.09523809523809523,0,Regular Customers
16161.0,2,43,12580.06,11.093527336860669,668,0.06427503736920777,4,Loyal Customers
16162.0,252,1,37.4,18.7,0,1.0,0,Regular Customers
16163.0,232,6,2407.98,35.4114705882353,505,0.011857707509881422,0,Regular Customers
16164.0,17,3,822.48,24.19058823529412,25,0.11538461538461539,0,Regular Customers
16165.0,505,1,79.9,79.9,0,1.0,1,At-Risk Customers
16166.0,428,2,435.83,19.810454545454544,263,0.007575757575757576,1,At-Risk Customers
16167.0,414,5,1386.1200000000001,22.001904761904765,324,0.015384615384615385,1,At-Risk Customers
16168.0,11,66,10360.67,33.85839869281046,726,0.0907840440165062,4,Loyal Customers
16169.0,8,4,1822.97,21.44670588235294,67,0.058823529411764705,0,Regular Customers
16170.0,51,20,6869.0,15.611363636363636,608,0.03284072249589491,4,Loyal Customers
16171.0,59,1,73.2,24.400000000000002,0,1.0,0,Regular Customers
16172.0,95,8,1884.55,16.677433628318585,417,0.019138755980861243,0,Regular Customers
16173.0,16,6,1418.32,16.884761904761906,82,0.07228915662650602,0,Regular Customers
16174.0,126,7,2246.75,34.565384615384616,476,0.014675052410901468,0,Regular Customers
16175.0,94,7,1836.44,18.739183673469388,469,0.014893617021276596,0,Regular Customers
16176.0,421,4,2052.69,28.509583333333335,198,0.020100502512562814,1,At-Risk Customers
16177.0,50,8,2247.31,19.044999999999998,596,0.01340033500837521,0,Regular Customers
16178.0,138,2,612.6,24.504,263,0.007575757575757576,0,Regular Customers
16179.0,61,1,215.83,19.62090909090909,0,1.0,0,Regular Customers
16180.0,100,13,16249.87,49.693792048929666,434,0.029885057471264367,0,Regular Customers
16181.0,73,1,305.54,27.776363636363637,0,1.0,0,Regular Customers
16182.0,72,9,9971.65,195.52254901960782,568,0.015817223198594025,0,Regular Customers
16183.0,67,4,1077.81,26.288048780487802,340,0.011730205278592375,0,Regular Customers
16184.0,64,6,1158.79,25.750888888888888,147,0.04054054054054054,0,Regular Customers
16185.0,17,3,644.72,16.118000000000002,547,0.005474452554744526,0,Regular Customers
16186.0,23,26,8718.43,17.26421782178218,707,0.03672316384180791,4,Loyal Customers
16187.0,32,15,6911.4400000000005,23.428610169491527,252,0.05928853754940711,0,Regular Customers
16188.0,45,5,1087.66,14.698108108108109,364,0.0136986301369863,0,Regular Customers
16189.0,16,2,215.48,19.58909090909091,69,0.02857142857142857,0,Regular Customers
16190.0,40,8,2723.55,22.886974789915968,685,0.011661807580174927,0,Regular Customers
16191.0,3,24,15677.82,67.57681034482758,725,0.03305785123966942,4,Loyal Customers
16192.0,736,1,351.3,31.936363636363637,0,1.0,1,At-Risk Customers
16193.0,237,2,630.43,16.590263157894736,174,0.011428571428571429,0,Regular Customers
16194.0,375,1,308.59999999999997,38.574999999999996,0,1.0,1,At-Risk Customers
16195.0,723,1,323.25,20.203125,0,1.0,1,At-Risk Customers
16196.0,489,1,93.3,23.325,0,1.0,1,At-Risk Customers
16197.0,469,9,2016.71,21.68505376344086,254,0.03529411764705882,1,At-Risk Customers
16198.0,75,2,1030.0410000000002,31.213363636363642,362,0.005509641873278237,0,Regular Customers
16199.0,392,7,942.75,94.275,238,0.029288702928870293,1,At-Risk Customers
16200.0,4,12,5608.1,9.148613376835238,732,0.01637107776261937,0,Regular Customers
16201.0,3,5,2112.12,17.03322580645161,412,0.012106537530266344,0,Regular Customers
16202.0,361,9,2501.9900000000002,20.17733870967742,376,0.023872679045092837,1,At-Risk Customers
16203.0,59,6,943.84,14.30060606060606,445,0.013452914798206279,0,Regular Customers
16204.0,23,3,918.71,9.096138613861386,707,0.00423728813559322,0,Regular Customers
16205.0,31,7,1820.1100000000001,9.239137055837563,511,0.013671875,0,Regular Customers
16206.0,55,13,2589.87,10.791125,629,0.020634920634920634,0,Regular Customers
16207.0,25,1,394.38,20.756842105263157,0,1.0,0,Regular Customers
16208.0,45,10,3440.45,13.598616600790512,608,0.016420361247947456,0,Regular Customers
16209.0,89,9,4146.78,61.892238805970145,458,0.0196078431372549,0,Regular Customers
16210.0,2,35,33750.97,131.8397265625,735,0.04755434782608696,4,Loyal Customers
16211.0,89,3,1090.59,30.294166666666666,349,0.008571428571428572,0,Regular Customers
16212.0,19,4,1293.71,16.586025641025643,650,0.006144393241167435,0,Regular Customers
16213.0,79,1,159.0,26.5,0,1.0,0,Regular Customers
16214.0,171,4,2038.25,20.7984693877551,264,0.01509433962264151,0,Regular Customers
16215.0,81,1,242.35,17.310714285714287,0,1.0,0,Regular Customers
16216.0,267,1,914.9300000000001,24.72783783783784,0,1.0,0,Regular Customers
16217.0,235,2,304.25,20.283333333333335,46,0.0425531914893617,0,Regular Customers
16218.0,30,13,3968.67,29.18139705882353,531,0.02443609022556391,0,Regular Customers
16219.0,501,1,40.8,40.8,0,1.0,1,At-Risk Customers
16221.0,37,9,2019.92,8.451548117154813,449,0.02,0,Regular Customers
16222.0,318,2,1272.05,8.772758620689656,402,0.004962779156327543,1,At-Risk Customers
16223.0,375,2,1087.05,8.83780487804878,20,0.09523809523809523,1,At-Risk Customers
16224.0,57,5,1616.54,13.935689655172414,330,0.015105740181268883,0,Regular Customers
16225.0,45,15,2859.31,9.531033333333333,625,0.023961661341853034,0,Regular Customers
16226.0,203,5,672.1700000000001,21.682903225806452,210,0.023696682464454975,0,Regular Customers
16227.0,225,3,1027.22,30.212352941176473,310,0.00964630225080386,0,Regular Customers
16228.0,385,3,885.71,16.402037037037037,14,0.2,1,At-Risk Customers
16229.0,87,6,2867.86,16.294659090909093,477,0.012552301255230125,0,Regular Customers
16230.0,190,2,542.03,15.486571428571429,30,0.06451612903225806,0,Regular Customers
16231.0,379,4,1074.47,10.7447,218,0.0182648401826484,1,At-Risk Customers
16232.0,44,7,2712.97,25.837809523809522,506,0.013806706114398421,0,Regular Customers
16233.0,71,9,1818.31,24.908356164383562,666,0.013493253373313344,0,Regular Customers
16234.0,476,3,333.18,22.212,85,0.03488372093023256,1,At-Risk Customers
16235.0,41,9,2053.71,17.858347826086955,429,0.020930232558139535,0,Regular Customers
16236.0,78,1,432.2,21.61,0,1.0,0,Regular Customers
16237.0,437,1,136.65,19.521428571428572,0,1.0,1,At-Risk Customers
16238.0,423,1,63.66,10.61,0,1.0,1,At-Risk Customers
16239.0,57,6,1492.2,42.63428571428572,406,0.014742014742014743,0,Regular Customers
16240.0,24,2,3718.8,27.546666666666667,53,0.037037037037037035,0,Regular Customers
16241.0,10,16,3992.86,4.15058212058212,400,0.0399002493765586,0,Regular Customers
16242.0,8,14,7404.65,11.018824404761904,625,0.022364217252396165,0,Regular Customers
16243.0,34,2,409.1,8.02156862745098,21,0.09090909090909091,0,Regular Customers
16244.0,212,2,1522.75,16.733516483516482,160,0.012422360248447204,0,Regular Customers
16245.0,24,3,1413.66,15.707333333333334,233,0.01282051282051282,0,Regular Customers
16246.0,460,2,821.35,9.333522727272728,209,0.009523809523809525,1,At-Risk Customers
16247.0,170,1,114.56,7.16,0,1.0,0,Regular Customers
16248.0,62,1,152.94,21.84857142857143,0,1.0,0,Regular Customers
16249.0,53,5,1800.07,26.08797101449275,186,0.026737967914438502,0,Regular Customers
16250.0,261,3,565.24,16.149714285714285,125,0.023809523809523808,0,Regular Customers
16251.0,512,1,128.31,6.4155,0,1.0,1,At-Risk Customers
16252.0,383,1,295.09000000000003,14.051904761904764,0,1.0,1,At-Risk Customers
16253.0,67,7,7272.2,24.485521885521884,664,0.010526315789473684,0,Regular Customers
16254.0,378,3,967.44,13.073513513513515,253,0.011811023622047244,1,At-Risk Customers
16255.0,17,15,4530.0,8.917322834645669,668,0.02242152466367713,0,Regular Customers
16256.0,267,3,1629.37,56.1851724137931,331,0.009036144578313253,0,Regular Customers
16257.0,177,1,46.95,23.475,0,1.0,0,Regular Customers
16258.0,45,15,11942.52,34.71662790697675,593,0.025252525252525252,0,Regular Customers
16259.0,410,3,340.94,4.011058823529412,194,0.015384615384615385,1,At-Risk Customers
16260.0,51,1,1035.45,57.525000000000006,0,1.0,0,Regular Customers
16261.0,17,6,1041.16,6.3874846625766875,425,0.014084507042253521,0,Regular Customers
16262.0,378,1,755.15,16.416304347826088,0,1.0,1,At-Risk Customers
16263.0,423,1,348.16,16.57904761904762,0,1.0,1,At-Risk Customers
16264.0,438,2,823.53,13.071904761904761,7,0.25,1,At-Risk Customers
16265.0,9,12,6935.17,20.57913946587537,398,0.03007518796992481,0,Regular Customers
16266.0,74,14,1757.95,16.127981651376146,599,0.023333333333333334,0,Regular Customers
16267.0,591,1,186.66,26.665714285714284,0,1.0,1,At-Risk Customers
16268.0,71,2,667.65,14.836666666666666,0,2.0,0,Regular Customers
16269.0,438,1,717.57,13.539056603773586,0,1.0,1,At-Risk Customers
16270.0,353,1,1141.24,21.134074074074075,0,1.0,1,At-Risk Customers
16271.0,3,10,3397.82,11.363946488294316,640,0.015600624024960999,0,Regular Customers
16272.0,117,1,411.7,16.468,0,1.0,0,Regular Customers
16273.0,648,2,318.34000000000003,21.22266666666667,7,0.25,1,At-Risk Customers
16274.0,373,1,351.75,5.411538461538462,0,1.0,1,At-Risk Customers
16275.0,197,3,2151.11,19.37936936936937,444,0.006741573033707865,0,Regular Customers
16276.0,177,3,2629.3900000000003,101.13038461538463,430,0.0069605568445475635,0,Regular Customers
16277.0,734,1,188.69,8.203913043478261,0,1.0,1,At-Risk Customers
16278.0,100,3,1117.84,20.324363636363636,399,0.0075,0,Regular Customers
16279.0,21,9,5698.28,16.374367816091954,575,0.015625,0,Regular Customers
16280.0,725,1,238.05,14.878125,0,1.0,1,At-Risk Customers
16281.0,72,3,3424.02,87.79538461538462,610,0.004909983633387889,0,Regular Customers
16282.0,340,3,1307.58,39.623636363636365,378,0.0079155672823219,1,At-Risk Customers
16283.0,6,8,4350.32,7.474776632302405,643,0.012422360248447204,0,Regular Customers
16284.0,31,3,1018.48,7.657744360902256,362,0.008264462809917356,0,Regular Customers
16285.0,646,1,176.9,5.706451612903226,0,1.0,1,At-Risk Customers
16286.0,477,2,328.95,19.349999999999998,146,0.013605442176870748,1,At-Risk Customers
16287.0,170,5,1006.98,23.975714285714286,519,0.009615384615384616,0,Regular Customers
16288.0,470,1,129.85,18.55,0,1.0,1,At-Risk Customers
16289.0,462,1,136.31,6.490952380952381,0,1.0,1,At-Risk Customers
16290.0,465,4,1957.7,15.787903225806453,101,0.0392156862745098,1,At-Risk Customers
16291.0,682,1,117.72,117.72,0,1.0,1,At-Risk Customers
16292.0,122,5,1253.76,20.22193548387097,482,0.010351966873706004,0,Regular Customers
16293.0,22,15,4279.2,19.018666666666665,707,0.0211864406779661,0,Regular Customers
16294.0,477,1,126.05000000000001,15.756250000000001,0,1.0,1,At-Risk Customers
16295.0,10,4,1328.55,16.817088607594936,54,0.07272727272727272,0,Regular Customers
16296.0,626,4,1313.67,17.752297297297297,95,0.041666666666666664,1,At-Risk Customers
16297.0,269,1,301.9,15.094999999999999,0,1.0,1,At-Risk Customers
16298.0,23,7,1085.7,23.1,419,0.016666666666666666,0,Regular Customers
16299.0,477,1,193.65,16.1375,0,1.0,1,At-Risk Customers
16300.0,430,3,1367.32,5.745042016806722,245,0.012195121951219513,1,At-Risk Customers
16301.0,737,1,107.33,17.888333333333332,0,1.0,1,At-Risk Customers
16302.0,127,1,233.22,21.201818181818183,0,1.0,0,Regular Customers
16303.0,26,7,7928.27,27.721223776223777,605,0.01155115511551155,0,Regular Customers
16304.0,695,1,381.66,15.2664,0,1.0,1,At-Risk Customers
16305.0,139,1,361.21999999999997,16.419090909090908,0,1.0,0,Regular Customers
16306.0,214,7,1124.72,16.78686567164179,221,0.03153153153153153,0,Regular Customers
16307.0,429,3,1194.92,15.932266666666667,147,0.02027027027027027,1,At-Risk Customers
16308.0,38,7,5120.0,731.4285714285714,686,0.010189228529839884,0,Regular Customers
16309.0,106,2,706.57,16.823095238095238,134,0.014814814814814815,0,Regular Customers
16310.0,414,2,460.08,16.431428571428572,227,0.008771929824561403,1,At-Risk Customers
16311.0,18,2,616.26,16.655675675675674,31,0.0625,0,Regular Customers
16312.0,432,1,171.15,17.115000000000002,0,1.0,1,At-Risk Customers
16313.0,3,2,274.15000000000003,17.134375000000002,46,0.0425531914893617,0,Regular Customers
16314.0,390,3,1491.4,24.05483870967742,83,0.03571428571428571,1,At-Risk Customers
16315.0,331,2,402.71,17.50913043478261,205,0.009708737864077669,1,At-Risk Customers
16316.0,64,13,5744.91,19.343131313131313,428,0.030303030303030304,0,Regular Customers
16317.0,120,5,2192.51,18.73940170940171,465,0.01072961373390558,0,Regular Customers
16318.0,35,1,328.15,17.271052631578947,0,1.0,0,Regular Customers
16319.0,218,1,404.40000000000003,134.8,0,1.0,0,Regular Customers
16320.0,172,6,5628.99,23.356804979253113,509,0.011764705882352941,0,Regular Customers
16321.0,72,7,604.5500000000001,26.284782608695654,666,0.010494752623688156,0,Regular Customers
16322.0,1,2,326.75,8.83108108108108,35,0.05555555555555555,0,Regular Customers
16323.0,196,2,353.66,88.415,381,0.005235602094240838,0,Regular Customers
16324.0,128,3,408.59000000000003,3.6809909909909915,48,0.061224489795918366,0,Regular Customers
16325.0,47,12,3597.5,26.068840579710145,688,0.01741654571843251,0,Regular Customers
16326.0,6,24,4721.25,10.109743040685224,674,0.035555555555555556,4,Loyal Customers
16327.0,14,16,10159.64,11.584538198403648,711,0.02247191011235955,0,Regular Customers
16328.0,563,1,310.83,19.426875,0,1.0,1,At-Risk Customers
16329.0,428,4,1664.92,16.008846153846154,311,0.01282051282051282,1,At-Risk Customers
16330.0,18,7,625.38,5.345128205128205,644,0.010852713178294573,0,Regular Customers
16331.0,432,6,2037.7,59.932352941176475,210,0.02843601895734597,1,At-Risk Customers
16332.0,28,11,2000.01,10.15233502538071,561,0.019572953736654804,0,Regular Customers
16333.0,8,22,26626.8,591.7066666666667,302,0.07260726072607261,4,Loyal Customers
16334.0,492,1,263.73,4.883888888888889,0,1.0,1,At-Risk Customers
16335.0,552,7,2753.52,7.6274792243767315,184,0.03783783783783784,1,At-Risk Customers
16336.0,421,4,3517.69,51.73073529411765,211,0.018867924528301886,1,At-Risk Customers
16337.0,37,1,151.05,15.105,0,1.0,0,Regular Customers
16338.0,157,1,214.79999999999998,19.527272727272727,0,1.0,0,Regular Customers
16339.0,284,1,94.05,5.225,0,1.0,1,At-Risk Customers
16340.0,107,3,1496.24,4.191148459383753,444,0.006741573033707865,0,Regular Customers
16341.0,25,7,3850.79,24.372088607594936,584,0.011965811965811967,0,Regular Customers
16342.0,75,4,322.41,21.494000000000003,104,0.0380952380952381,0,Regular Customers
16343.0,16,3,614.12,7.873333333333333,391,0.007653061224489796,0,Regular Customers
16344.0,158,4,842.42,18.313478260869566,510,0.007827788649706457,0,Regular Customers
16345.0,44,2,1178.79,10.914722222222222,438,0.004555808656036446,0,Regular Customers
16346.0,385,1,224.51,14.967333333333332,0,1.0,1,At-Risk Customers
16347.0,11,11,3442.96,10.067134502923977,626,0.017543859649122806,0,Regular Customers
16348.0,32,8,1744.42,6.894940711462451,398,0.020050125313283207,0,Regular Customers
16349.0,291,1,53.5,5.944444444444445,0,1.0,1,At-Risk Customers
16350.0,21,9,2253.89,18.47450819672131,406,0.022113022113022112,0,Regular Customers
16351.0,333,13,3330.0299999999997,17.807647058823527,402,0.03225806451612903,1,At-Risk Customers
16352.0,18,2,494.44,17.658571428571427,20,0.09523809523809523,0,Regular Customers
16353.0,4,38,9795.460000000001,56.62115606936417,728,0.05212620027434842,4,Loyal Customers
16354.0,63,5,1119.46,7.996142857142857,528,0.00945179584120983,0,Regular Customers
16355.0,375,1,416.35,8.673958333333333,0,1.0,1,At-Risk Customers
16356.0,198,6,415.87,7.0486440677966105,354,0.016901408450704224,0,Regular Customers
16357.0,33,4,868.37,18.47595744680851,347,0.011494252873563218,0,Regular Customers
16358.0,1,5,2919.65,18.958766233766234,393,0.012690355329949238,0,Regular Customers
16359.0,7,16,2697.75,21.582,654,0.024427480916030534,0,Regular Customers
16360.0,5,6,3450.41,5.425172955974842,83,0.07142857142857142,0,Regular Customers
16361.0,10,4,891.21,8.569326923076924,61,0.06451612903225806,0,Regular Customers
16362.0,32,6,922.16,10.246222222222222,405,0.014778325123152709,0,Regular Customers
16363.0,53,1,109.36000000000001,21.872000000000003,0,1.0,0,Regular Customers
16364.0,12,2,705.79,13.572884615384615,125,0.015873015873015872,0,Regular Customers
16365.0,18,15,3167.34,25.543064516129032,710,0.02109704641350211,0,Regular Customers
16366.0,19,4,1548.1299999999999,19.847820512820512,704,0.005673758865248227,0,Regular Customers
16367.0,37,3,1350.48,6.055964125560538,345,0.008670520231213872,0,Regular Customers
16368.0,2,3,621.44,6.904888888888889,433,0.0069124423963133645,0,Regular Customers
16369.0,18,7,2656.56,15.719289940828402,592,0.011804384485666104,0,Regular Customers
16370.0,82,4,1301.91,5.890995475113122,142,0.027972027972027972,0,Regular Customers
16371.0,449,1,157.2,14.29090909090909,0,1.0,1,At-Risk Customers
16372.0,33,5,1290.31,4.096222222222222,573,0.008710801393728223,0,Regular Customers
16373.0,382,2,309.49,10.672068965517242,29,0.06666666666666667,1,At-Risk Customers
16374.0,66,5,1723.4,4.98092485549133,522,0.009560229445506692,0,Regular Customers
16375.0,470,2,104.0,8.0,0,2.0,1,At-Risk Customers
16376.0,9,2,974.96,7.991475409836066,8,0.2222222222222222,0,Regular Customers
16377.0,267,2,1308.48,130.848,350,0.005698005698005698,0,Regular Customers
16378.0,247,3,362.95,15.780434782608696,63,0.046875,0,Regular Customers
16379.0,4,4,2157.4,19.975925925925928,74,0.05333333333333334,0,Regular Customers
16380.0,61,1,1743.1499999999999,56.23064516129032,0,1.0,0,Regular Customers
16381.0,396,2,247.85,4.06311475409836,22,0.08695652173913043,1,At-Risk Customers
16382.0,408,2,353.1,8.025,142,0.013986013986013986,1,At-Risk Customers
16383.0,75,7,2896.69,7.241725,598,0.011686143572621035,0,Regular Customers
16384.0,90,4,1358.95,16.77716049382716,500,0.007984031936127744,0,Regular Customers
16385.0,60,5,881.35,7.731140350877193,571,0.008741258741258742,0,Regular Customers
16386.0,29,3,1068.16,7.684604316546763,359,0.008333333333333333,0,Regular Customers
16387.0,323,5,882.46,10.143218390804599,315,0.015822784810126583,1,At-Risk Customers
16388.0,654,1,186.05,14.311538461538463,0,1.0,1,At-Risk Customers
16389.0,53,4,1382.07,40.64911764705882,229,0.017391304347826087,0,Regular Customers
16390.0,537,3,467.5,22.261904761904763,142,0.02097902097902098,1,At-Risk Customers
16391.0,401,4,1052.26,3.4613815789473685,161,0.024691358024691357,1,At-Risk Customers
16392.0,270,3,756.7,5.254861111111111,292,0.010238907849829351,0,Regular Customers
16393.0,2,23,5297.77,7.092061579651942,736,0.031207598371777476,4,Loyal Customers
16394.0,57,5,1555.34,18.73903614457831,232,0.02145922746781116,0,Regular Customers
16395.0,61,14,3518.41,5.549542586750788,673,0.020771513353115726,0,Regular Customers
16396.0,476,1,137.8,17.225,0,1.0,1,At-Risk Customers
16397.0,628,1,123.13,13.681111111111111,0,1.0,1,At-Risk Customers
16398.0,154,2,1705.8,20.802439024390242,99,0.02,0,Regular Customers
16399.0,19,3,630.22,5.729272727272727,370,0.008086253369272238,0,Regular Customers
16400.0,95,9,3059.85,11.460112359550562,636,0.0141287284144427,0,Regular Customers
16401.0,1,23,6849.15,18.868181818181817,554,0.04144144144144144,4,Loyal Customers
16402.0,265,2,293.45,5.148245614035088,104,0.01904761904761905,0,Regular Customers
16403.0,312,1,177.5,17.75,0,1.0,1,At-Risk Customers
16404.0,70,1,443.05,19.26304347826087,0,1.0,0,Regular Customers
16405.0,302,2,167.25,33.45,7,0.25,1,At-Risk Customers
16406.0,19,3,528.36,3.5700000000000003,635,0.0047169811320754715,0,Regular Customers
16407.0,13,14,2761.65,12.274000000000001,419,0.03333333333333333,0,Regular Customers
16408.0,591,1,231.93,5.154,0,1.0,1,At-Risk Customers
16409.0,36,12,5652.74,7.293858064516129,690,0.017366136034732273,0,Regular Customers
16410.0,734,1,130.32,26.064,0,1.0,1,At-Risk Customers
16411.0,19,4,756.39,4.178950276243094,408,0.009779951100244499,0,Regular Customers
16412.0,54,5,593.19,4.862213114754099,619,0.008064516129032258,0,Regular Customers
16413.0,57,2,522.03,7.676911764705882,318,0.006269592476489028,0,Regular Customers
16414.0,22,5,551.21,8.74936507936508,672,0.007429420505200594,0,Regular Customers
16415.0,44,3,696.76,4.805241379310345,632,0.004739336492890996,0,Regular Customers
16416.0,27,9,2957.88,15.90258064516129,628,0.014308426073131956,0,Regular Customers
16417.0,493,1,35.7,35.7,0,1.0,1,At-Risk Customers
16418.0,45,5,1028.74,6.59448717948718,378,0.013192612137203167,0,Regular Customers
16419.0,113,8,1463.7,16.263333333333335,555,0.014388489208633094,0,Regular Customers
16420.0,396,1,75.0,37.5,0,1.0,1,At-Risk Customers
16421.0,376,3,526.27,13.849210526315789,93,0.031914893617021274,1,At-Risk Customers
16422.0,17,109,61920.87,88.71184813753582,679,0.16029411764705884,3,Premium Customers
16423.0,25,1,346.12,19.22888888888889,0,1.0,0,Regular Customers
16424.0,191,2,443.06,34.081538461538464,191,0.010416666666666666,0,Regular Customers
16425.0,302,1,302.7,14.414285714285715,0,1.0,1,At-Risk Customers
16426.0,2,10,1863.76,5.279773371104816,273,0.0364963503649635,0,Regular Customers
16427.0,263,2,241.06,26.784444444444446,21,0.09090909090909091,0,Regular Customers
16428.0,414,3,638.49,5.02748031496063,84,0.03529411764705882,1,At-Risk Customers
16429.0,106,1,284.55,142.275,0,1.0,0,Regular Customers
16430.0,57,7,1117.94,39.92642857142857,624,0.0112,0,Regular Customers
16431.0,213,3,623.28,8.201052631578946,84,0.03529411764705882,0,Regular Customers
16432.0,64,1,287.4,35.925,0,1.0,0,Regular Customers
16433.0,28,2,384.52,11.309411764705882,380,0.005249343832020997,0,Regular Customers
16434.0,29,12,2673.69,14.853833333333334,661,0.01812688821752266,0,Regular Customers
16435.0,512,3,1003.0699999999999,8.02456,2,1.0,1,At-Risk Customers
16436.0,668,3,319.14,7.9784999999999995,64,0.046153846153846156,1,At-Risk Customers
16437.0,381,2,301.25,14.345238095238095,48,0.04081632653061224,1,At-Risk Customers
16438.0,6,5,798.35,6.04810606060606,76,0.06493506493506493,0,Regular Customers
16439.0,722,1,310.70000000000005,34.522222222222226,0,1.0,1,At-Risk Customers
16440.0,8,6,3856.9700000000003,12.56342019543974,486,0.012320328542094456,0,Regular Customers
16441.0,67,5,1019.13,11.989764705882353,559,0.008928571428571428,0,Regular Customers
16442.0,2,5,891.98,3.611255060728745,725,0.006887052341597796,0,Regular Customers
16443.0,521,1,162.24,162.24,0,1.0,1,At-Risk Customers
16444.0,46,17,3625.88,9.773261455525606,578,0.02936096718480138,0,Regular Customers
16445.0,34,4,583.16,3.2397777777777774,377,0.010582010582010581,0,Regular Customers
16446.0,1,2,168472.5,56157.5,204,0.00975609756097561,3,Premium Customers
16447.0,136,3,727.1,10.69264705882353,524,0.005714285714285714,0,Regular Customers
16448.0,198,2,361.12,7.2224,272,0.007326007326007326,0,Regular Customers
16449.0,198,2,707.69,17.69225,82,0.024096385542168676,0,Regular Customers
16450.0,150,3,1505.73,35.016976744186046,506,0.005917159763313609,0,Regular Customers
16451.0,88,3,1013.15,15.586923076923076,647,0.004629629629629629,0,Regular Customers
16452.0,631,2,332.17,18.45388888888889,63,0.03125,1,At-Risk Customers
16453.0,531,2,251.71,16.78066666666667,17,0.1111111111111111,1,At-Risk Customers
16454.0,45,4,30.950000000000003,7.737500000000001,566,0.007054673721340388,0,Regular Customers
16455.0,64,11,3995.57,19.490585365853658,556,0.019748653500897665,0,Regular Customers
16456.0,99,13,6000.94,15.347672634271099,521,0.02490421455938697,0,Regular Customers
16457.0,218,1,208.36,23.151111111111113,0,1.0,0,Regular Customers
16458.0,3,30,5690.89,14.936719160104987,559,0.05357142857142857,4,Loyal Customers
16459.0,730,1,71.78999999999999,14.357999999999999,0,1.0,1,At-Risk Customers
16460.0,28,3,811.23,6.145681818181818,53,0.05555555555555555,0,Regular Customers
16461.0,178,3,1545.83,6.134246031746032,468,0.006396588486140725,0,Regular Customers
16462.0,74,3,136.0,45.333333333333336,210,0.014218009478672985,0,Regular Customers
16463.0,21,4,1422.4,17.346341463414635,182,0.02185792349726776,0,Regular Customers
16464.0,20,3,1298.66,5.646347826086957,122,0.024390243902439025,0,Regular Customers
16465.0,421,2,746.24,15.546666666666667,23,0.08333333333333333,1,At-Risk Customers
16466.0,34,15,3767.09,11.21157738095238,608,0.024630541871921183,0,Regular Customers
16467.0,509,7,2869.16,119.54833333333333,228,0.03056768558951965,1,At-Risk Customers
16468.0,74,3,787.52,17.500444444444444,407,0.007352941176470588,0,Regular Customers
16469.0,24,5,803.9,4.14381443298969,490,0.010183299389002037,0,Regular Customers
16470.0,52,11,2416.85,5.164209401709401,676,0.01624815361890694,0,Regular Customers
16471.0,275,4,1189.98,19.193225806451615,377,0.010582010582010581,1,At-Risk Customers
16472.0,434,2,789.6,20.246153846153845,163,0.012195121951219513,1,At-Risk Customers
16473.0,165,4,470.83,16.815357142857142,209,0.01904761904761905,0,Regular Customers
16474.0,7,7,1810.65,5.372848664688427,137,0.050724637681159424,0,Regular Customers
16475.0,88,4,544.3,19.439285714285713,185,0.021505376344086023,0,Regular Customers
16476.0,432,1,350.35,14.597916666666668,0,1.0,1,At-Risk Customers
16477.0,64,11,4094.37,16.64378048780488,421,0.026066350710900472,0,Regular Customers
16478.0,25,3,331.0,19.470588235294116,40,0.07317073170731707,0,Regular Customers
16479.0,10,2,300.83,8.595142857142857,0,2.0,0,Regular Customers
16480.0,76,1,769.29,14.514905660377357,0,1.0,0,Regular Customers
16481.0,682,1,453.38,28.33625,0,1.0,1,At-Risk Customers
16482.0,16,1,220.62,12.256666666666668,0,1.0,0,Regular Customers
16483.0,192,1,139.35,7.334210526315789,0,1.0,0,Regular Customers
16484.0,174,2,404.3,16.172,17,0.1111111111111111,0,Regular Customers
16485.0,77,5,2287.19,15.883263888888889,656,0.0076103500761035,0,Regular Customers
16486.0,538,1,134.36,19.194285714285716,0,1.0,1,At-Risk Customers
16487.0,577,2,209.4,5.982857142857143,81,0.024390243902439025,1,At-Risk Customers
16488.0,33,3,498.8,17.2,115,0.02586206896551724,0,Regular Customers
16489.0,380,2,303.7,50.61666666666667,55,0.03571428571428571,1,At-Risk Customers
16490.0,436,1,205.41000000000003,15.800769230769232,0,1.0,1,At-Risk Customers
16491.0,47,2,1533.16,17.622528735632184,366,0.005449591280653951,0,Regular Customers
16492.0,541,1,385.56,16.763478260869565,0,1.0,1,At-Risk Customers
16493.0,80,7,2132.09,19.20801801801802,543,0.012867647058823529,0,Regular Customers
16494.0,297,1,826.53,16.5306,0,1.0,1,At-Risk Customers
16495.0,3,3,648.26,7.366590909090909,272,0.01098901098901099,0,Regular Customers
16496.0,9,6,2330.77,16.88963768115942,500,0.011976047904191617,0,Regular Customers
16497.0,50,23,6695.28,19.867299703264095,686,0.033478893740902474,4,Loyal Customers
16498.0,161,2,100.97,6.731333333333334,0,2.0,0,Regular Customers
16499.0,360,8,2578.34,17.90513888888889,186,0.0427807486631016,1,At-Risk Customers
16500.0,5,9,843.9100000000001,24.82088235294118,538,0.016697588126159554,0,Regular Customers
16501.0,383,1,1191.23,5.98608040201005,0,1.0,1,At-Risk Customers
16502.0,620,2,258.55,6.30609756097561,0,2.0,1,At-Risk Customers
16503.0,107,11,3614.34,16.9687323943662,429,0.02558139534883721,0,Regular Customers
16504.0,25,1,465.88,5.613012048192771,0,1.0,0,Regular Customers
16505.0,32,1,777.6,194.4,0,1.0,0,Regular Customers
16506.0,20,2,90.30000000000001,30.100000000000005,20,0.09523809523809523,0,Regular Customers
16507.0,572,1,142.71,3.755526315789474,0,1.0,1,At-Risk Customers
16508.0,630,1,240.95,5.603488372093023,0,1.0,1,At-Risk Customers
16509.0,297,1,363.7,27.976923076923075,0,1.0,1,At-Risk Customers
16510.0,372,6,1777.5,15.870535714285714,319,0.01875,1,At-Risk Customers
16511.0,22,6,1760.49,5.79108552631579,626,0.009569377990430622,0,Regular Customers
16513.0,5,4,874.59,24.988285714285716,38,0.10256410256410256,0,Regular Customers
16515.0,52,10,3179.06,13.470593220338984,488,0.02044989775051125,0,Regular Customers
16516.0,30,1,101.69999999999999,16.95,0,1.0,0,Regular Customers
16517.0,277,1,162.7,9.570588235294117,0,1.0,1,At-Risk Customers
16518.0,61,4,959.37,14.108382352941177,495,0.008064516129032258,0,Regular Customers
16519.0,25,4,439.06,12.196111111111112,623,0.00641025641025641,0,Regular Customers
16520.0,186,6,2148.38,6.103352272727273,460,0.013015184381778741,0,Regular Customers
16521.0,415,3,1140.11,4.810590717299577,232,0.012875536480686695,1,At-Risk Customers
16522.0,436,2,433.36,24.075555555555557,14,0.13333333333333333,1,At-Risk Customers
16523.0,2,28,11916.33,32.11948787061995,682,0.040995607613469986,4,Loyal Customers
16524.0,446,2,306.19,5.777169811320754,245,0.008130081300813009,1,At-Risk Customers
16525.0,2,48,24151.3,68.41728045325779,735,0.06521739130434782,4,Loyal Customers
16526.0,172,2,717.21,20.491714285714288,412,0.004842615012106538,0,Regular Customers
16527.0,81,2,1232.94,16.889589041095892,343,0.005813953488372093,0,Regular Customers
16528.0,4,1,244.41,14.377058823529412,0,1.0,0,Regular Customers
16529.0,190,4,1986.8,15.521875,340,0.011730205278592375,0,Regular Customers
16530.0,668,1,48.349999999999994,16.116666666666664,0,1.0,1,At-Risk Customers
16531.0,22,11,2298.33,16.654565217391305,419,0.02619047619047619,0,Regular Customers
16532.0,18,5,8756.64,1459.4399999999998,603,0.008278145695364239,0,Regular Customers
16533.0,19,3,1082.81,6.1523295454545455,48,0.061224489795918366,0,Regular Customers
16534.0,642,1,635.9,17.663888888888888,0,1.0,1,At-Risk Customers
16535.0,5,3,972.04,13.690704225352112,674,0.0044444444444444444,0,Regular Customers
16536.0,110,1,548.12,10.15037037037037,0,1.0,0,Regular Customers
16537.0,641,1,23.35,5.8375,0,1.0,1,At-Risk Customers
16538.0,541,3,395.07,9.635853658536584,54,0.05454545454545454,1,At-Risk Customers
16539.0,3,10,3289.66,25.111908396946564,529,0.018867924528301886,0,Regular Customers
16540.0,414,1,205.75,7.094827586206897,0,1.0,1,At-Risk Customers
16541.0,735,1,424.03,11.158684210526316,0,1.0,1,At-Risk Customers
16542.0,54,2,257.32,18.38,347,0.005747126436781609,0,Regular Customers
16543.0,592,1,292.21,16.233888888888888,0,1.0,1,At-Risk Customers
16544.0,520,4,376.70000000000005,34.24545454545455,142,0.027972027972027972,1,At-Risk Customers
16545.0,165,2,689.82,86.2275,210,0.009478672985781991,0,Regular Customers
16546.0,291,5,5307.07,60.307613636363634,151,0.03289473684210526,1,At-Risk Customers
16547.0,546,1,104.25999999999999,4.1704,0,1.0,1,At-Risk Customers
16548.0,599,1,30.15,5.0249999999999995,0,1.0,1,At-Risk Customers
16549.0,10,34,12781.8,4.1324927255092145,610,0.05564648117839607,4,Loyal Customers
16550.0,109,18,8813.58,11.673615894039735,628,0.028616852146263912,4,Loyal Customers
16551.0,96,7,2237.12,25.421818181818182,630,0.011093502377179081,0,Regular Customers
16552.0,243,2,379.73,22.337058823529414,130,0.015267175572519083,0,Regular Customers
16553.0,163,33,16584.01,56.79455479452054,502,0.06560636182902585,4,Loyal Customers
16554.0,42,8,2841.72,17.0162874251497,682,0.01171303074670571,0,Regular Customers
16555.0,35,6,1915.68,29.025454545454547,470,0.012738853503184714,0,Regular Customers
16556.0,67,17,8012.58,16.623609958506226,666,0.025487256371814093,0,Regular Customers
16557.0,24,2,281.85,25.622727272727275,113,0.017543859649122806,0,Regular Customers
16558.0,1,38,13304.11,17.668140770252325,735,0.051630434782608696,4,Loyal Customers
16559.0,397,1,175.0,10.294117647058824,0,1.0,1,At-Risk Customers
16560.0,27,8,3048.38,15.395858585858587,704,0.011347517730496455,0,Regular Customers
16561.0,6,2,511.12,16.48774193548387,54,0.03636363636363636,0,Regular Customers
16562.0,477,1,223.85999999999999,6.584117647058823,0,1.0,1,At-Risk Customers
16563.0,54,6,4412.56,49.57932584269663,684,0.008759124087591242,0,Regular Customers
16564.0,569,1,87.8,17.56,0,1.0,1,At-Risk Customers
16565.0,364,4,773.05,70.27727272727272,191,0.020833333333333332,1,At-Risk Customers
16566.0,15,5,614.66,34.147777777777776,277,0.017985611510791366,0,Regular Customers
16567.0,194,2,865.6,24.731428571428573,142,0.013986013986013986,0,Regular Customers
16568.0,428,2,1020.9000000000001,204.18,213,0.009345794392523364,1,At-Risk Customers
16569.0,3,5,1455.23,41.578,720,0.006934812760055479,0,Regular Customers
16570.0,15,20,7434.31,30.847759336099585,604,0.03305785123966942,4,Loyal Customers
16571.0,27,10,4248.74,16.661725490196076,605,0.0165016501650165,0,Regular Customers
16572.0,127,3,1009.6,17.712280701754388,148,0.020134228187919462,0,Regular Customers
16573.0,85,2,663.61,15.800238095238095,205,0.009708737864077669,0,Regular Customers
16574.0,71,3,1301.78,15.136976744186047,587,0.00510204081632653,0,Regular Customers
16576.0,420,2,540.87,16.39,101,0.0196078431372549,1,At-Risk Customers
16577.0,667,1,380.0,16.52173913043478,0,1.0,1,At-Risk Customers
16578.0,626,1,156.6,17.4,0,1.0,1,At-Risk Customers
16579.0,426,1,295.05,21.075,0,1.0,1,At-Risk Customers
16581.0,183,1,105.84,11.76,0,1.0,0,Regular Customers
16582.0,113,1,313.62,52.27,0,1.0,0,Regular Customers
16583.0,374,2,297.95,16.552777777777777,299,0.006666666666666667,1,At-Risk Customers
16584.0,80,5,3156.17,38.48987804878049,581,0.00859106529209622,0,Regular Customers
16585.0,594,2,341.59,18.97722222222222,101,0.0196078431372549,1,At-Risk Customers
16586.0,249,3,1462.78,52.24214285714286,386,0.007751937984496124,0,Regular Customers
16587.0,232,1,225.15,17.31923076923077,0,1.0,0,Regular Customers
16588.0,386,4,1361.28,19.172957746478872,188,0.021164021164021163,1,At-Risk Customers
16589.0,71,4,612.36,13.917272727272728,378,0.010554089709762533,0,Regular Customers
16590.0,401,2,605.9,20.893103448275863,13,0.14285714285714285,1,At-Risk Customers
16591.0,69,1,213.5,21.35,0,1.0,0,Regular Customers
16592.0,4,28,7807.91,18.242780373831774,716,0.03905160390516039,4,Loyal Customers
16593.0,51,8,1071.1399999999999,13.732564102564101,684,0.01167883211678832,0,Regular Customers
16594.0,75,1,181.09,3.416792452830189,0,1.0,0,Regular Customers
16595.0,61,5,1757.75,3.8888274336283186,630,0.00792393026941363,0,Regular Customers
16596.0,16,4,458.98,19.124166666666667,713,0.0056022408963585435,0,Regular Customers
16597.0,4,1,90.04,12.862857142857143,0,1.0,0,Regular Customers
16598.0,286,1,145.04999999999998,14.504999999999999,0,1.0,1,At-Risk Customers
16599.0,386,1,172.8,14.4,0,1.0,1,At-Risk Customers
16600.0,4,13,2153.41,15.058811188811188,717,0.018105849582172703,0,Regular Customers
16601.0,41,3,677.0,9.81159420289855,582,0.005145797598627788,0,Regular Customers
16602.0,36,2,763.33,19.08325,352,0.0056657223796034,0,Regular Customers
16603.0,75,2,482.47,14.19029411764706,16,0.11764705882352941,0,Regular Customers
16604.0,563,2,432.45,36.0375,5,0.3333333333333333,1,At-Risk Customers
16605.0,724,1,60.48,60.48,0,1.0,1,At-Risk Customers
16606.0,404,2,357.66,16.257272727272728,30,0.06451612903225806,1,At-Risk Customers
16607.0,18,25,5706.87,19.15057046979866,571,0.043706293706293704,4,Loyal Customers
16608.0,454,2,1286.6200000000001,10.633223140495868,209,0.009523809523809525,1,At-Risk Customers
16609.0,15,7,5493.46,19.903840579710145,237,0.029411764705882353,0,Regular Customers
16610.0,219,1,75.66,12.61,0,1.0,0,Regular Customers
16611.0,186,6,1785.13,16.228454545454547,452,0.013245033112582781,0,Regular Customers
16612.0,33,9,3245.43,19.433712574850297,703,0.01278409090909091,0,Regular Customers
16613.0,70,1,618.59,20.619666666666667,0,1.0,0,Regular Customers
16614.0,183,3,1179.79,24.07734693877551,395,0.007575757575757576,0,Regular Customers
16615.0,626,1,291.5,15.342105263157896,0,1.0,1,At-Risk Customers
16616.0,15,2,500.42,15.164242424242424,142,0.013986013986013986,0,Regular Customers
16617.0,236,1,151.85,30.369999999999997,0,1.0,0,Regular Customers
16618.0,31,5,2647.59,27.579062500000003,291,0.017123287671232876,0,Regular Customers
16619.0,264,4,1938.33,16.709741379310344,391,0.01020408163265306,0,Regular Customers
16620.0,4,6,1758.93,18.712021276595745,734,0.00816326530612245,0,Regular Customers
16621.0,52,4,813.48,28.05103448275862,226,0.01762114537444934,0,Regular Customers
16622.0,544,1,225.4,18.783333333333335,0,1.0,1,At-Risk Customers
16623.0,246,4,1015.24,19.906666666666666,346,0.011527377521613832,0,Regular Customers
16624.0,81,2,810.5699999999999,16.886875,116,0.017094017094017096,0,Regular Customers
16625.0,275,5,1654.03,16.707373737373736,269,0.018518518518518517,0,Regular Customers
16626.0,1,17,4413.1,24.65418994413408,265,0.06390977443609022,0,Regular Customers
16627.0,79,1,322.8,16.14,0,1.0,0,Regular Customers
16628.0,30,7,2318.1,18.5448,612,0.011419249592169658,0,Regular Customers
16629.0,74,2,408.63,6.8105,22,0.08695652173913043,0,Regular Customers
16630.0,407,1,106.80000000000001,26.700000000000003,0,1.0,1,At-Risk Customers
16631.0,482,7,1892.52,23.6565,170,0.04093567251461988,1,At-Risk Customers
16632.0,486,2,406.4,15.05185185185185,95,0.020833333333333332,1,At-Risk Customers
16633.0,17,6,2883.1,18.967763157894737,216,0.027649769585253458,0,Regular Customers
16634.0,223,6,1649.81,19.87722891566265,465,0.012875536480686695,0,Regular Customers
16635.0,407,1,473.0,18.92,0,1.0,1,At-Risk Customers
16636.0,438,4,3802.04,52.0827397260274,207,0.019230769230769232,1,At-Risk Customers
16637.0,32,4,1154.47,16.73144927536232,193,0.020618556701030927,0,Regular Customers
16638.0,23,15,2380.13,17.247318840579712,455,0.03289473684210526,0,Regular Customers
16639.0,31,4,1747.98,21.580000000000002,377,0.010582010582010581,0,Regular Customers
16640.0,398,1,179.4,13.8,0,1.0,1,At-Risk Customers
16641.0,106,2,554.5,15.402777777777779,596,0.0033500837520938024,0,Regular Customers
16642.0,5,3,1077.45,19.95277777777778,410,0.0072992700729927005,0,Regular Customers
16643.0,246,2,923.11,16.783818181818184,176,0.011299435028248588,0,Regular Customers
16644.0,178,2,833.78,13.448064516129032,34,0.05714285714285714,0,Regular Customers
16645.0,736,1,160.39,11.456428571428571,0,1.0,1,At-Risk Customers
16646.0,449,1,678.8,23.406896551724138,0,1.0,1,At-Risk Customers
16647.0,170,4,541.9,16.421212121212122,374,0.010666666666666666,0,Regular Customers
16648.0,43,3,672.8,18.18378378378378,547,0.005474452554744526,0,Regular Customers
16649.0,520,1,306.58000000000004,15.329000000000002,0,1.0,1,At-Risk Customers
16650.0,72,7,1916.11,19.552142857142854,447,0.015625,0,Regular Customers
16651.0,587,1,136.2,22.7,0,1.0,1,At-Risk Customers
16652.0,59,16,17550.39,63.8196,573,0.027874564459930314,4,Loyal Customers
16653.0,16,2,1212.66,17.574782608695653,55,0.03571428571428571,0,Regular Customers
16654.0,141,8,1484.07,20.055,471,0.01694915254237288,0,Regular Customers
16655.0,18,13,6423.26,10.886881355932204,659,0.019696969696969695,0,Regular Customers
16656.0,22,30,16833.170000000002,119.38418439716314,713,0.04201680672268908,4,Loyal Customers
16657.0,10,4,874.43,4.554322916666666,244,0.0163265306122449,0,Regular Customers
16658.0,368,6,690.83,10.79421875,250,0.02390438247011952,1,At-Risk Customers
16659.0,189,1,39.12,19.56,0,1.0,0,Regular Customers
16660.0,16,7,1879.55,78.31458333333333,678,0.010309278350515464,0,Regular Customers
16661.0,540,4,932.76,15.044516129032258,181,0.02197802197802198,1,At-Risk Customers
16662.0,394,1,151.05,5.394642857142857,0,1.0,1,At-Risk Customers
16663.0,729,1,165.0,165.0,0,1.0,1,At-Risk Customers
16664.0,569,1,109.2,13.65,0,1.0,1,At-Risk Customers
16665.0,362,1,135.39999999999998,15.044444444444443,0,1.0,1,At-Risk Customers
16666.0,19,2,217.71,4.5356250000000005,601,0.0033222591362126247,0,Regular Customers
16667.0,68,2,567.1800000000001,10.907307692307693,216,0.009216589861751152,0,Regular Customers
16668.0,15,13,862.42,16.272075471698113,615,0.021103896103896104,0,Regular Customers
16669.0,24,3,1348.88,8.646666666666667,54,0.05454545454545454,0,Regular Customers
16670.0,17,20,8030.150000000001,16.55701030927835,712,0.028050490883590462,4,Loyal Customers
16671.0,28,3,1692.27,282.045,136,0.021897810218978103,0,Regular Customers
16672.0,2,20,8134.9400000000005,71.35912280701754,264,0.07547169811320754,4,Loyal Customers
16673.0,679,1,171.13,9.006842105263157,0,1.0,1,At-Risk Customers
16674.0,55,2,304.24,3.2713978494623657,43,0.045454545454545456,0,Regular Customers
16675.0,442,2,608.86,26.47217391304348,36,0.05405405405405406,1,At-Risk Customers
16676.0,34,6,2361.9,17.758646616541355,384,0.015584415584415584,0,Regular Customers
16677.0,411,2,880.62,18.73659574468085,240,0.008298755186721992,1,At-Risk Customers
16678.0,3,12,3109.99,19.07969325153374,280,0.042704626334519574,0,Regular Customers
16679.0,366,3,663.31,36.85055555555555,180,0.016574585635359115,1,At-Risk Customers
16680.0,43,3,821.45,28.32586206896552,491,0.006097560975609756,0,Regular Customers
16681.0,73,7,1921.84,39.221224489795915,568,0.012302284710017574,0,Regular Customers
16682.0,5,5,1028.0,34.266666666666666,183,0.02717391304347826,0,Regular Customers
16683.0,534,1,320.25,17.791666666666668,0,1.0,1,At-Risk Customers
16684.0,4,55,147142.77,204.93422005571028,728,0.07544581618655692,3,Premium Customers
16685.0,61,2,324.24,5.2296774193548385,0,2.0,0,Regular Customers
16686.0,47,16,4881.07,4.748122568093385,685,0.023323615160349854,0,Regular Customers
16687.0,391,1,157.63,19.70375,0,1.0,1,At-Risk Customers
16688.0,1,4,1260.86,20.336451612903225,59,0.06666666666666667,0,Regular Customers
16689.0,76,2,422.59999999999997,32.5076923076923,6,0.2857142857142857,0,Regular Customers
16690.0,72,4,353.03,18.580526315789474,379,0.010526315789473684,0,Regular Customers
16691.0,418,2,178.83,16.257272727272728,143,0.013888888888888888,1,At-Risk Customers
16692.0,256,4,1914.6999999999998,382.93999999999994,185,0.021505376344086023,0,Regular Customers
16693.0,69,5,1179.48,7.020714285714286,587,0.008503401360544218,0,Regular Customers
16694.0,723,1,98.30000000000001,32.76666666666667,0,1.0,1,At-Risk Customers
16695.0,562,2,191.9,5.482857142857143,0,2.0,1,At-Risk Customers
16696.0,135,4,657.9000000000001,65.79,112,0.035398230088495575,0,Regular Customers
16697.0,241,1,112.75,5.369047619047619,0,1.0,0,Regular Customers
16698.0,227,2,1998.0,399.6,26,0.07407407407407407,0,Regular Customers
16699.0,380,7,994.6,16.04193548387097,355,0.019662921348314606,1,At-Risk Customers
16700.0,9,25,8830.77,17.147126213592234,729,0.03424657534246575,4,Loyal Customers
16701.0,9,26,9916.73,36.06083636363636,729,0.03561643835616438,4,Loyal Customers
16702.0,415,4,1110.83,12.206923076923076,316,0.012618296529968454,1,At-Risk Customers
16704.0,618,2,664.16,12.299259259259259,53,0.037037037037037035,1,At-Risk Customers
16705.0,1,42,43515.051,62.97402460202605,729,0.057534246575342465,4,Loyal Customers
16706.0,37,3,531.35,4.319918699186992,76,0.03896103896103896,0,Regular Customers
16707.0,400,4,533.41,8.206307692307691,239,0.016666666666666666,1,At-Risk Customers
16708.0,46,1,656.63,24.31962962962963,0,1.0,0,Regular Customers
16709.0,85,14,9056.01,29.986788079470198,645,0.021671826625386997,0,Regular Customers
16710.0,19,22,5921.35,6.514136413641364,716,0.030683403068340307,4,Loyal Customers
16711.0,3,9,2868.48,86.92363636363636,734,0.012244897959183673,0,Regular Customers
16712.0,9,13,4232.87,8.12451055662188,391,0.03316326530612245,0,Regular Customers
16713.0,19,32,14115.56,11.149731437598735,705,0.0453257790368272,4,Loyal Customers
16714.0,219,4,1497.33,13.612090909090908,451,0.008849557522123894,0,Regular Customers
16715.0,78,2,625.52,22.34,484,0.004123711340206186,0,Regular Customers
16716.0,267,3,2149.6800000000003,268.71000000000004,363,0.008241758241758242,0,Regular Customers
16717.0,24,14,6663.68,19.039085714285715,708,0.019746121297602257,0,Regular Customers
16718.0,369,5,3006.08,16.983502824858757,363,0.013736263736263736,1,At-Risk Customers
16719.0,15,14,3513.62,8.963316326530611,711,0.019662921348314606,0,Regular Customers
16720.0,26,3,758.74,5.4195714285714285,695,0.004310344827586207,0,Regular Customers
16721.0,262,1,292.47,7.904594594594595,0,1.0,0,Regular Customers
16722.0,17,22,8189.56,21.665502645502645,718,0.030598052851182198,4,Loyal Customers
16723.0,91,4,1231.36,9.93032258064516,643,0.006211180124223602,0,Regular Customers
16724.0,405,1,147.35,8.66764705882353,0,1.0,1,At-Risk Customers
16725.0,302,14,1688.26,4.85132183908046,424,0.03294117647058824,1,At-Risk Customers
16726.0,26,7,2063.88,7.877404580152672,384,0.01818181818181818,0,Regular Customers
16727.0,364,4,1377.77,6.7208292682926825,324,0.012307692307692308,1,At-Risk Customers
16728.0,46,4,1048.28,3.9858555133079845,218,0.0182648401826484,0,Regular Customers
16729.0,38,21,7205.33,10.983734756097562,203,0.10294117647058823,4,Loyal Customers
16730.0,52,3,743.11,9.062317073170732,267,0.011194029850746268,0,Regular Customers
16731.0,648,1,170.3,4.0547619047619055,0,1.0,1,At-Risk Customers
16732.0,32,4,4387.64,19.853574660633484,699,0.005714285714285714,0,Regular Customers
16733.0,530,1,259.68,21.64,0,1.0,1,At-Risk Customers
16734.0,52,3,646.76,12.437692307692307,61,0.04838709677419355,0,Regular Customers
16735.0,79,14,6217.41,21.14765306122449,653,0.021406727828746176,0,Regular Customers
16736.0,506,5,2956.56,20.675244755244755,230,0.021645021645021644,1,At-Risk Customers
16737.0,53,2,835.1999999999999,417.59999999999997,524,0.0038095238095238095,0,Regular Customers
16738.0,298,1,3.75,3.75,0,1.0,1,At-Risk Customers
16739.0,177,2,786.43,20.695526315789472,359,0.005555555555555556,0,Regular Customers
16740.0,395,1,226.91,7.0909375,0,1.0,1,At-Risk Customers
16741.0,625,1,173.06,15.732727272727272,0,1.0,1,At-Risk Customers
16742.0,47,14,2799.87,26.92182692307692,676,0.0206794682422452,0,Regular Customers
16743.0,29,14,4212.15,11.353504043126684,566,0.024691358024691357,0,Regular Customers
16744.0,11,7,1291.91,5.4741949152542375,161,0.043209876543209874,0,Regular Customers
16745.0,87,17,7180.7,20.227323943661972,225,0.0752212389380531,0,Regular Customers
16746.0,5,42,18046.75,18.3588504577823,730,0.057455540355677154,4,Loyal Customers
16747.0,38,2,836.06,19.906190476190474,30,0.06451612903225806,0,Regular Customers
16748.0,18,14,3637.33,22.044424242424242,711,0.019662921348314606,0,Regular Customers
16749.0,591,2,4157.88,57.748333333333335,132,0.015037593984962405,1,At-Risk Customers
16750.0,45,5,623.93,6.567684210526315,187,0.026595744680851064,0,Regular Customers
16751.0,31,1,1764.72,70.5888,0,1.0,0,Regular Customers
16752.0,373,1,207.5,23.055555555555557,0,1.0,1,At-Risk Customers
16753.0,58,1,223.92000000000002,6.5858823529411765,0,1.0,0,Regular Customers
16754.0,372,29,65500.07,467.8576428571429,269,0.10740740740740741,4,Loyal Customers
16755.0,114,7,2864.68,8.980188087774295,615,0.011363636363636364,0,Regular Customers
16756.0,215,7,1312.3700000000001,16.61227848101266,425,0.01643192488262911,0,Regular Customers
16757.0,319,2,270.48,18.032,90,0.02197802197802198,1,At-Risk Customers
16758.0,65,1,369.34000000000003,16.78818181818182,0,1.0,0,Regular Customers
16759.0,8,3,789.79,18.804523809523808,23,0.125,0,Regular Customers
16760.0,430,1,228.0,13.411764705882353,0,1.0,1,At-Risk Customers
16761.0,97,1,316.62,24.355384615384615,0,1.0,0,Regular Customers
16762.0,20,3,1207.24,19.162539682539684,124,0.024,0,Regular Customers
16763.0,199,2,964.6999999999999,21.924999999999997,539,0.003703703703703704,0,Regular Customers
16764.0,4,13,2790.9500000000003,3.987071428571429,139,0.09285714285714286,0,Regular Customers
16765.0,294,2,454.75,8.745192307692308,88,0.02247191011235955,1,At-Risk Customers
16766.0,273,2,1145.6,33.69411764705882,0,2.0,1,At-Risk Customers
16767.0,31,15,8056.76,25.09894080996885,559,0.026785714285714284,0,Regular Customers
16768.0,48,9,1698.57,10.550124223602484,684,0.013138686131386862,0,Regular Customers
16769.0,260,4,1117.05,11.515979381443298,465,0.008583690987124463,0,Regular Customers
16770.0,58,9,1778.93,5.247581120943953,416,0.02158273381294964,0,Regular Customers
16771.0,33,10,3949.6,9.680392156862744,697,0.014326647564469915,0,Regular Customers
16772.0,423,3,3698.0499999999997,54.38308823529411,298,0.010033444816053512,1,At-Risk Customers
16773.0,57,3,421.24,6.480615384615385,675,0.004437869822485207,0,Regular Customers
16774.0,68,8,1567.48,11.965496183206106,593,0.013468013468013467,0,Regular Customers
16775.0,10,16,2820.84,10.891274131274132,431,0.037037037037037035,0,Regular Customers
16776.0,60,2,592.51,4.702460317460317,355,0.0056179775280898875,0,Regular Customers
16777.0,80,5,1292.18,9.099859154929577,552,0.009041591320072333,0,Regular Customers
16778.0,74,2,245.94,15.37125,199,0.01,0,Regular Customers
16779.0,2,53,32809.03,31.54714423076923,734,0.07210884353741497,4,Loyal Customers
16780.0,100,3,596.4,6.2124999999999995,306,0.009771986970684038,0,Regular Customers
16781.0,372,2,623.0,15.974358974358974,297,0.006711409395973154,1,At-Risk Customers
16782.0,10,38,9636.12,5.725561497326204,720,0.052704576976421634,4,Loyal Customers
16783.0,437,1,391.95,15.677999999999999,0,1.0,1,At-Risk Customers
16784.0,20,5,892.33,5.647658227848101,601,0.008305647840531562,0,Regular Customers
16785.0,410,1,533.78,15.250857142857143,0,1.0,1,At-Risk Customers
16786.0,394,1,51.839999999999996,51.839999999999996,0,1.0,1,At-Risk Customers
16787.0,398,4,1017.53,9.085089285714286,300,0.013289036544850499,1,At-Risk Customers
16788.0,123,5,1928.93,4.035418410041841,547,0.009124087591240875,0,Regular Customers
16789.0,8,1,80.8,16.16,0,1.0,0,Regular Customers
16790.0,4,6,1545.6200000000001,16.61956989247312,34,0.17142857142857143,0,Regular Customers
16791.0,29,15,3957.63,5.811497797356829,707,0.0211864406779661,0,Regular Customers
16792.0,282,5,623.46,6.1123529411764705,422,0.01182033096926714,1,At-Risk Customers
16793.0,57,1,243.84,15.24,0,1.0,0,Regular Customers
16794.0,1,15,2052.7,4.089043824701195,623,0.02403846153846154,0,Regular Customers
16795.0,365,3,2062.41,6.138125,318,0.009404388714733543,1,At-Risk Customers
16796.0,89,1,305.62,16.97888888888889,0,1.0,0,Regular Customers
16797.0,393,5,1802.02,4.527688442211055,344,0.014492753623188406,1,At-Risk Customers
16798.0,554,3,841.16,4.977278106508876,174,0.017142857142857144,1,At-Risk Customers
16799.0,432,2,452.78000000000003,4.921521739130435,21,0.09090909090909091,1,At-Risk Customers
16800.0,11,1,1162.65,7.452884615384616,0,1.0,0,Regular Customers
16801.0,163,4,1594.23,21.2564,110,0.036036036036036036,0,Regular Customers
16802.0,679,2,582.61,10.992641509433962,51,0.038461538461538464,1,At-Risk Customers
16803.0,65,1,332.3,13.845833333333333,0,1.0,0,Regular Customers
16804.0,23,3,536.99,8.949833333333334,247,0.012096774193548387,0,Regular Customers
16805.0,174,5,1091.34,4.38289156626506,557,0.008960573476702509,0,Regular Customers
16806.0,103,4,762.16,8.195268817204301,135,0.029411764705882353,0,Regular Customers
16807.0,143,6,2123.88,14.956901408450705,480,0.012474012474012475,0,Regular Customers
16808.0,99,2,288.42,12.540000000000001,175,0.011363636363636364,0,Regular Customers
16809.0,23,9,1727.43,6.6696138996139,582,0.015437392795883362,0,Regular Customers
16810.0,192,2,842.0400000000001,24.76588235294118,228,0.008733624454148471,0,Regular Customers
16811.0,5,2,547.07,19.538214285714286,12,0.15384615384615385,0,Regular Customers
16812.0,361,4,2392.0,20.8,21,0.18181818181818182,1,At-Risk Customers
16813.0,8,10,1652.18,3.878356807511737,196,0.050761421319796954,0,Regular Customers
16814.0,14,36,11924.85,15.547392438070405,593,0.06060606060606061,4,Loyal Customers
16815.0,454,2,406.02,5.561917808219178,82,0.024096385542168676,1,At-Risk Customers
16816.0,103,4,417.06,14.895,254,0.01568627450980392,0,Regular Customers
16817.0,3,13,2560.7,18.16099290780142,429,0.030232558139534883,0,Regular Customers
16818.0,11,11,3349.57,17.81686170212766,194,0.05641025641025641,0,Regular Customers
16819.0,465,2,182.59,10.740588235294117,0,2.0,1,At-Risk Customers
16820.0,96,1,497.61,19.138846153846153,0,1.0,0,Regular Customers
16821.0,382,1,113.35,16.192857142857143,0,1.0,1,At-Risk Customers
16822.0,686,1,181.39,16.49,0,1.0,1,At-Risk Customers
16823.0,227,7,2243.09,12.965838150289018,510,0.0136986301369863,0,Regular Customers
16824.0,16,3,686.24,17.595897435897434,378,0.0079155672823219,0,Regular Customers
16825.0,39,5,1826.89,28.54515625,495,0.010080645161290322,0,Regular Customers
16826.0,51,1,341.7,15.531818181818181,0,1.0,0,Regular Customers
16827.0,393,5,392.13,32.6775,195,0.025510204081632654,1,At-Risk Customers
16828.0,93,2,128.5,16.0625,19,0.1,0,Regular Customers
16829.0,157,2,513.32,19.011851851851855,231,0.008620689655172414,0,Regular Customers
16830.0,39,4,1207.5,16.1,687,0.005813953488372093,0,Regular Customers
16831.0,565,1,91.8,15.299999999999999,0,1.0,1,At-Risk Customers
16832.0,184,5,417.61,19.886190476190478,274,0.01818181818181818,0,Regular Customers
16833.0,1,6,2409.04,26.18521739130435,621,0.00964630225080386,0,Regular Customers
16834.0,228,2,898.96,18.728333333333335,446,0.0044742729306487695,0,Regular Customers
16835.0,128,6,1456.66,17.764146341463416,441,0.013574660633484163,0,Regular Customers
16836.0,40,4,782.37,18.627857142857142,534,0.007476635514018692,0,Regular Customers
16837.0,31,11,3170.98,19.218060606060607,214,0.05116279069767442,0,Regular Customers
16838.0,197,4,1159.61,19.654406779661016,465,0.008583690987124463,0,Regular Customers
16839.0,9,44,21758.25,62.16642857142857,657,0.0668693009118541,4,Loyal Customers
16840.0,603,2,139.85,15.538888888888888,71,0.027777777777777776,1,At-Risk Customers
16841.0,37,12,4006.06,18.292511415525112,660,0.018154311649016642,0,Regular Customers
16842.0,101,3,1264.19,20.066507936507936,201,0.01485148514851485,0,Regular Customers
16843.0,43,35,19571.43,32.83796979865772,686,0.050946142649199416,4,Loyal Customers
16844.0,563,2,614.34,19.198125,20,0.09523809523809523,1,At-Risk Customers
16845.0,618,1,253.88,12.693999999999999,0,1.0,1,At-Risk Customers
16846.0,50,3,842.41,17.923617021276595,589,0.005084745762711864,0,Regular Customers
16847.0,43,2,614.89,16.618648648648648,574,0.0034782608695652175,0,Regular Customers
16848.0,53,4,1411.62,16.607294117647058,379,0.010526315789473684,0,Regular Customers
16849.0,187,1,124.57,15.57125,0,1.0,0,Regular Customers
16850.0,334,1,332.41,17.495263157894737,0,1.0,1,At-Risk Customers
16851.0,4,3,342.45,17.1225,47,0.0625,0,Regular Customers
16852.0,10,2,144.91000000000003,16.101111111111113,165,0.012048192771084338,0,Regular Customers
16854.0,417,2,1408.96,18.786133333333336,223,0.008928571428571428,1,At-Risk Customers
16855.0,24,2,328.4,17.28421052631579,19,0.1,0,Regular Customers
16856.0,15,3,358.49,18.867894736842107,427,0.007009345794392523,0,Regular Customers
16857.0,443,1,352.8,32.07272727272727,0,1.0,1,At-Risk Customers
16858.0,369,10,4292.59,34.068174603174604,355,0.028089887640449437,1,At-Risk Customers
16859.0,145,7,1932.41,17.567363636363638,500,0.013972055888223553,0,Regular Customers
16860.0,453,3,1610.62,37.45627906976744,209,0.014285714285714285,1,At-Risk Customers
16861.0,60,5,946.59,19.318163265306122,448,0.011135857461024499,0,Regular Customers
16862.0,547,4,662.33,18.923714285714286,154,0.025806451612903226,1,At-Risk Customers
16863.0,31,3,834.27,17.750425531914892,378,0.0079155672823219,0,Regular Customers
16864.0,434,2,409.25,24.073529411764707,164,0.012121212121212121,1,At-Risk Customers
16865.0,402,1,130.95,8.184375,0,1.0,1,At-Risk Customers
16866.0,141,3,207.73999999999998,18.885454545454543,20,0.14285714285714285,0,Regular Customers
16867.0,690,1,76.74000000000001,12.790000000000001,0,1.0,1,At-Risk Customers
16868.0,394,3,384.56,7.6912,199,0.015,1,At-Risk Customers
16869.0,23,4,817.12,6.434015748031496,152,0.026143790849673203,0,Regular Customers
16870.0,469,1,450.15999999999997,16.077142857142857,0,1.0,1,At-Risk Customers
16871.0,22,6,2812.34,20.528029197080293,248,0.024096385542168676,0,Regular Customers
16872.0,77,6,1213.13,67.39611111111111,385,0.015544041450777202,0,Regular Customers
16873.0,5,12,14617.39,28.54958984375,663,0.018072289156626505,0,Regular Customers
16874.0,379,1,209.89000000000001,6.770645161290323,0,1.0,1,At-Risk Customers
16875.0,67,11,4234.53,18.410999999999998,636,0.01726844583987441,0,Regular Customers
16876.0,404,1,136.01,4.2503125,0,1.0,1,At-Risk Customers
16877.0,12,6,846.62,5.427051282051282,195,0.030612244897959183,0,Regular Customers
16878.0,84,1,13.3,4.433333333333334,0,1.0,0,Regular Customers
16880.0,31,8,1813.21,9.908251366120219,462,0.017278617710583154,0,Regular Customers
16881.0,67,1,432.0,432.0,0,1.0,0,Regular Customers
16882.0,67,3,705.12,18.080000000000002,250,0.01195219123505976,0,Regular Customers
16883.0,187,19,2246.06,8.412209737827714,548,0.03460837887067395,0,Regular Customers
16884.0,38,4,1070.97,14.472567567567568,532,0.0075046904315197,0,Regular Customers
16885.0,15,4,684.6,5.033823529411765,370,0.01078167115902965,0,Regular Customers
16886.0,456,1,134.0,16.75,0,1.0,1,At-Risk Customers
16887.0,35,3,658.17,6.516534653465346,703,0.004261363636363636,0,Regular Customers
16888.0,401,3,434.2,8.35,300,0.009966777408637873,1,At-Risk Customers
16889.0,195,6,2526.65,11.643548387096775,371,0.016129032258064516,0,Regular Customers
16890.0,477,3,285.41,15.021578947368422,105,0.02830188679245283,1,At-Risk Customers
16891.0,2,11,1727.94,4.133827751196172,733,0.014986376021798364,0,Regular Customers
16892.0,1,7,754.75,5.509124087591241,729,0.009589041095890411,0,Regular Customers
16893.0,367,2,249.89000000000001,2.8722988505747127,9,0.2,1,At-Risk Customers
16894.0,502,3,1306.96,6.989090909090909,33,0.08823529411764706,1,At-Risk Customers
16895.0,65,5,1102.9,6.766257668711657,601,0.008305647840531562,0,Regular Customers
16896.0,555,1,103.95,5.775,0,1.0,1,At-Risk Customers
16897.0,299,2,289.78,7.831891891891891,14,0.13333333333333333,1,At-Risk Customers
16898.0,26,5,885.21,3.526733067729084,550,0.009074410163339383,0,Regular Customers
16899.0,8,8,1695.77,9.8021387283237,389,0.020512820512820513,0,Regular Customers
16900.0,17,3,887.11,11.229240506329115,46,0.06382978723404255,0,Regular Customers
16901.0,729,1,204.26,8.880869565217392,0,1.0,1,At-Risk Customers
16902.0,116,1,1706.88,38.79272727272728,0,1.0,0,Regular Customers
16903.0,29,3,1041.75,5.7239010989010985,386,0.007751937984496124,0,Regular Customers
16904.0,4,21,4675.36,5.212218506131549,406,0.051597051597051594,4,Loyal Customers
16905.0,5,17,4706.77,14.70865625,723,0.023480662983425413,0,Regular Customers
16906.0,82,7,1410.92,6.624037558685447,493,0.01417004048582996,0,Regular Customers
16907.0,29,9,1470.89,7.037751196172249,497,0.018072289156626505,0,Regular Customers
16908.0,722,1,252.59,12.6295,0,1.0,1,At-Risk Customers
16909.0,72,1,379.14,21.063333333333333,0,1.0,0,Regular Customers
16910.0,4,8,1508.96,2.7687339449541284,86,0.09195402298850575,0,Regular Customers
16911.0,636,2,255.25,7.292857142857143,25,0.07692307692307693,1,At-Risk Customers
16912.0,29,15,4460.51,25.933197674418604,701,0.021367521367521368,0,Regular Customers
16913.0,290,3,423.90999999999997,23.550555555555555,361,0.008287292817679558,1,At-Risk Customers
16914.0,36,1,183.76,6.125333333333333,0,1.0,0,Regular Customers
16915.0,9,11,1543.18,20.853783783783786,560,0.0196078431372549,0,Regular Customers
16916.0,24,4,902.02,4.40009756097561,391,0.01020408163265306,0,Regular Customers
16917.0,277,2,1851.88,37.037600000000005,355,0.0056179775280898875,1,At-Risk Customers
16918.0,50,16,3206.54,7.062863436123348,687,0.023255813953488372,0,Regular Customers
16919.0,156,24,4909.66,7.996188925081433,320,0.07476635514018691,4,Loyal Customers
16920.0,411,1,355.45,15.454347826086956,0,1.0,1,At-Risk Customers
16921.0,61,3,409.21,4.650113636363636,539,0.005555555555555556,0,Regular Customers
16922.0,573,1,611.08,5.008852459016394,0,1.0,1,At-Risk Customers
16923.0,12,32,13157.130000000001,12.148781163434904,665,0.04804804804804805,4,Loyal Customers
16924.0,21,3,829.89,10.245555555555555,62,0.047619047619047616,0,Regular Customers
16925.0,540,1,125.65,6.980555555555556,0,1.0,1,At-Risk Customers
16926.0,371,5,1169.6100000000001,12.183437500000002,155,0.03205128205128205,1,At-Risk Customers
16927.0,116,3,543.05,90.50833333333333,245,0.012195121951219513,0,Regular Customers
16928.0,80,29,3897.5299999999997,12.21796238244514,594,0.04873949579831933,4,Loyal Customers
16929.0,4,7,1295.39,16.823246753246753,151,0.046052631578947366,0,Regular Customers
16930.0,26,3,378.89,7.148867924528302,42,0.06976744186046512,0,Regular Customers
16931.0,5,23,5032.22,5.30824894514768,391,0.058673469387755105,4,Loyal Customers
16932.0,53,3,412.55,3.1018796992481206,517,0.005791505791505791,0,Regular Customers
16933.0,1,9,3099.3,10.990425531914894,728,0.012345679012345678,0,Regular Customers
16934.0,55,6,2083.14,14.774042553191489,566,0.010582010582010581,0,Regular Customers
16935.0,382,3,530.86,7.693623188405797,39,0.075,1,At-Risk Customers
16936.0,26,2,548.29,3.944532374100719,359,0.005555555555555556,0,Regular Customers
16937.0,499,1,196.25,4.005102040816326,0,1.0,1,At-Risk Customers
16938.0,9,9,6995.360000000001,8.489514563106797,651,0.013803680981595092,0,Regular Customers
16939.0,489,3,433.85,10.581707317073171,160,0.018633540372670808,1,At-Risk Customers
16940.0,52,8,6427.66,10.218855325914149,679,0.011764705882352941,0,Regular Customers
16941.0,612,1,33.0,16.5,0,1.0,1,At-Risk Customers
16942.0,13,9,1904.99,6.877220216606498,215,0.041666666666666664,0,Regular Customers
16943.0,212,5,1299.49,37.12828571428572,412,0.012106537530266344,0,Regular Customers
16944.0,610,1,101.36,14.48,0,1.0,1,At-Risk Customers
16945.0,22,33,8548.16,18.03409282700422,709,0.04647887323943662,4,Loyal Customers
16946.0,383,5,1222.04,16.293866666666666,264,0.018867924528301886,1,At-Risk Customers
16947.0,236,5,955.21,18.022830188679247,410,0.012165450121654502,0,Regular Customers
16948.0,139,7,868.77,20.203953488372093,517,0.013513513513513514,0,Regular Customers
16949.0,4,6,1286.27,21.437833333333334,312,0.019169329073482427,0,Regular Customers
16950.0,57,10,3541.77,24.595625,627,0.01592356687898089,0,Regular Customers
16951.0,135,3,1277.75,14.857558139534884,169,0.01764705882352941,0,Regular Customers
16952.0,109,5,795.83,9.147471264367816,618,0.008077544426494346,0,Regular Customers
16953.0,30,1,20.8,20.8,0,1.0,0,Regular Customers
16954.0,1,20,6081.88,29.52368932038835,689,0.028985507246376812,4,Loyal Customers
16955.0,185,6,1120.31,22.4062,492,0.012170385395537525,0,Regular Customers
16956.0,18,1,308.74,19.29625,0,1.0,0,Regular Customers
16957.0,239,2,416.64,26.04,42,0.046511627906976744,0,Regular Customers
16958.0,435,1,778.49,11.121285714285714,0,1.0,1,At-Risk Customers
16959.0,87,1,117.35000000000001,16.764285714285716,0,1.0,0,Regular Customers
16960.0,39,8,1990.88,4.434031180400891,608,0.013136288998357963,0,Regular Customers
16961.0,116,3,794.56,15.28,415,0.007211538461538462,0,Regular Customers
16962.0,410,1,251.04,16.736,0,1.0,1,At-Risk Customers
16963.0,187,1,110.55000000000001,15.792857142857144,0,1.0,0,Regular Customers
16964.0,733,2,207.85,34.641666666666666,0,2.0,1,At-Risk Customers
16965.0,227,1,201.19,7.738076923076923,0,1.0,0,Regular Customers
16966.0,8,7,2154.97,76.96321428571427,231,0.03017241379310345,0,Regular Customers
16967.0,189,1,319.02,15.19142857142857,0,1.0,0,Regular Customers
16968.0,4,2,439.43,14.175161290322581,103,0.019230769230769232,0,Regular Customers
16969.0,39,3,650.41,15.48595238095238,152,0.0196078431372549,0,Regular Customers
16970.0,626,1,71.4,35.7,0,1.0,1,At-Risk Customers
16971.0,38,1,357.21,8.712439024390243,0,1.0,0,Regular Customers
16972.0,383,2,749.0,9.134146341463415,73,0.02702702702702703,1,At-Risk Customers
16973.0,386,1,127.0,21.166666666666668,0,1.0,1,At-Risk Customers
16974.0,523,2,365.5,45.6875,41,0.047619047619047616,1,At-Risk Customers
16975.0,423,3,926.12,20.580444444444446,82,0.03614457831325301,1,At-Risk Customers
16976.0,267,1,251.51999999999998,125.75999999999999,0,1.0,1,At-Risk Customers
16977.0,395,4,496.0,17.714285714285715,236,0.016877637130801686,1,At-Risk Customers
16978.0,78,3,768.88,11.475820895522387,588,0.0050933786078098476,0,Regular Customers
16979.0,4,9,2859.74,22.168527131782945,446,0.020134228187919462,0,Regular Customers
16980.0,255,3,1422.8300000000002,13.422924528301888,173,0.017241379310344827,0,Regular Customers
16982.0,61,1,384.06,17.457272727272727,0,1.0,0,Regular Customers
16983.0,13,11,3490.5299999999997,15.11051948051948,433,0.02534562211981567,0,Regular Customers
16984.0,88,9,10350.53,9.655345149253732,553,0.016245487364620937,0,Regular Customers
16985.0,17,23,10923.16,44.95127572016461,711,0.032303370786516857,4,Loyal Customers
16986.0,30,11,4888.75,28.096264367816094,643,0.017080745341614908,0,Regular Customers
16987.0,3,11,2521.4,9.660536398467434,734,0.014965986394557823,0,Regular Customers
16988.0,5,2,382.67,19.1335,374,0.005333333333333333,0,Regular Customers
16989.0,7,6,1133.25,94.4375,143,0.041666666666666664,0,Regular Customers
16990.0,219,2,344.0,172.0,203,0.00980392156862745,0,Regular Customers
16991.0,421,1,1041.21,14.070405405405406,0,1.0,1,At-Risk Customers
16992.0,11,13,5476.5,19.21578947368421,655,0.019817073170731708,0,Regular Customers
16993.0,464,2,1950.9499999999998,69.67678571428571,112,0.017699115044247787,1,At-Risk Customers
16996.0,30,9,2123.61,28.3148,387,0.023195876288659795,0,Regular Customers
16997.0,288,3,702.0,58.5,37,0.07894736842105263,1,At-Risk Customers
16998.0,150,5,402.0,67.0,294,0.01694915254237288,0,Regular Customers
16999.0,23,2,484.82,21.07913043478261,50,0.0392156862745098,0,Regular Customers
17000.0,396,2,406.3,13.543333333333333,11,0.16666666666666666,1,At-Risk Customers
17001.0,1,19,6640.8,24.148363636363637,623,0.030448717948717948,4,Loyal Customers
17002.0,86,7,2571.55,30.613690476190477,555,0.012589928057553957,0,Regular Customers
17003.0,402,4,828.21,7.461351351351352,176,0.022598870056497175,1,At-Risk Customers
17004.0,46,4,2324.36,33.68637681159421,377,0.010582010582010581,0,Regular Customers
17005.0,471,2,622.36,34.57555555555555,118,0.01680672268907563,1,At-Risk Customers
17006.0,5,8,1635.27,12.676511627906976,639,0.0125,0,Regular Customers
17007.0,51,7,1120.1,16.71791044776119,386,0.01808785529715762,0,Regular Customers
17008.0,429,1,81.36,81.36,0,1.0,1,At-Risk Customers
17009.0,551,1,242.06,22.005454545454544,0,1.0,1,At-Risk Customers
17010.0,18,1,195.36,17.76,0,1.0,0,Regular Customers
17011.0,30,3,671.7,23.989285714285717,621,0.00482315112540193,0,Regular Customers
17012.0,725,1,360.61,10.016944444444444,0,1.0,1,At-Risk Customers
17014.0,8,3,583.4300000000001,8.103194444444446,58,0.05084745762711865,0,Regular Customers
17015.0,29,3,1838.6100000000001,8.591635514018693,156,0.01910828025477707,0,Regular Customers
17016.0,577,1,552.4,13.473170731707317,0,1.0,1,At-Risk Customers
17017.0,3,29,12576.99,33.272460317460315,733,0.039509536784741145,4,Loyal Customers
17018.0,41,6,2287.7,61.82972972972973,694,0.008633093525179856,0,Regular Customers
17019.0,11,11,3602.29,5.602317262830482,726,0.015130674002751032,0,Regular Customers
17020.0,542,2,935.62,13.559710144927536,104,0.01904761904761905,1,At-Risk Customers
17021.0,442,6,1182.22,24.629583333333333,146,0.04081632653061224,1,At-Risk Customers
17022.0,31,2,260.0,16.25,401,0.004975124378109453,0,Regular Customers
17023.0,417,3,800.18,16.33020408163265,280,0.010676156583629894,1,At-Risk Customers
17024.0,45,3,95.85,31.95,112,0.02654867256637168,0,Regular Customers
17025.0,61,5,1349.67,36.47756756756757,580,0.008605851979345954,0,Regular Customers
17026.0,185,3,175.82999999999998,35.166,231,0.01293103448275862,0,Regular Customers
17027.0,79,9,1310.63,7.3630898876404505,651,0.013803680981595092,0,Regular Customers
17028.0,581,3,1593.83,16.777157894736842,140,0.02127659574468085,1,At-Risk Customers
17029.0,111,7,2137.3,73.7,553,0.01263537906137184,0,Regular Customers
17030.0,64,1,146.87,13.351818181818182,0,1.0,0,Regular Customers
17031.0,12,6,2773.85,55.477,569,0.010526315789473684,0,Regular Customers
17032.0,548,8,2984.32,12.592067510548524,181,0.04395604395604396,1,At-Risk Customers
17033.0,86,4,1332.79,33.31975,311,0.01282051282051282,0,Regular Customers
17034.0,16,5,1276.42,22.007241379310347,497,0.010040160642570281,0,Regular Customers
17035.0,246,4,613.59,18.593636363636364,491,0.008130081300813009,0,Regular Customers
17036.0,383,1,176.9,14.741666666666667,0,1.0,1,At-Risk Customers
17037.0,88,1,1267.32,16.8976,0,1.0,0,Regular Customers
17038.0,30,2,743.17,11.796349206349205,384,0.005194805194805195,0,Regular Customers
17039.0,604,1,1954.99,44.43159090909091,0,1.0,1,At-Risk Customers
17040.0,138,2,463.25,28.953125,412,0.004842615012106538,0,Regular Customers
17041.0,27,6,1655.2,13.136507936507936,573,0.010452961672473868,0,Regular Customers
17042.0,3,5,1036.58,10.686391752577318,244,0.02040816326530612,0,Regular Customers
17043.0,32,8,2593.65,13.033417085427136,698,0.011444921316165951,0,Regular Customers
17044.0,25,12,11962.3,80.28389261744967,707,0.01694915254237288,0,Regular Customers
17045.0,113,5,827.6800000000001,15.616603773584908,316,0.015772870662460567,0,Regular Customers
17046.0,157,5,1906.07,22.42435294117647,463,0.010775862068965518,0,Regular Customers
17047.0,85,6,2289.23,16.121338028169014,646,0.00927357032457496,0,Regular Customers
17048.0,118,7,2071.68,20.51168316831683,572,0.012216404886561954,0,Regular Customers
17049.0,3,19,9942.53,17.8181541218638,643,0.029503105590062112,4,Loyal Customers
17050.0,96,11,4648.59,13.31974212034384,585,0.01877133105802048,0,Regular Customers
17051.0,194,4,706.49,4.558,433,0.009216589861751152,0,Regular Customers
17052.0,28,1,399.09,4.808313253012048,0,1.0,0,Regular Customers
17053.0,131,1,498.48,38.34461538461539,0,1.0,0,Regular Customers
17054.0,28,5,1356.33,16.34132530120482,216,0.02304147465437788,0,Regular Customers
17055.0,446,1,232.85,8.955769230769231,0,1.0,1,At-Risk Customers
17056.0,738,1,128.60000000000002,16.075000000000003,0,1.0,1,At-Risk Customers
17057.0,596,1,294.74,5.8948,0,1.0,1,At-Risk Customers
17058.0,82,3,1179.89,19.030483870967743,158,0.018867924528301886,0,Regular Customers
17059.0,30,9,4864.57,6.7469764216366155,652,0.013782542113323124,0,Regular Customers
17060.0,266,1,234.24,46.848,0,1.0,0,Regular Customers
17061.0,74,11,5232.2300000000005,52.850808080808086,158,0.06918238993710692,0,Regular Customers
17062.0,314,6,889.75,7.353305785123967,125,0.047619047619047616,1,At-Risk Customers
17063.0,21,13,3638.53,17.748926829268292,717,0.018105849582172703,0,Regular Customers
17064.0,59,3,855.45,14.02377049180328,268,0.011152416356877323,0,Regular Customers
17065.0,638,2,194.7,16.224999999999998,0,2.0,1,At-Risk Customers
17066.0,726,1,228.34,12.685555555555556,0,1.0,1,At-Risk Customers
17067.0,725,3,454.54,34.964615384615385,6,0.42857142857142855,1,At-Risk Customers
17068.0,12,47,8987.68,9.023775100401608,608,0.07717569786535304,4,Loyal Customers
17069.0,28,14,5517.2300000000005,19.4268661971831,708,0.019746121297602257,0,Regular Customers
17070.0,114,2,437.42,4.2467961165048544,296,0.006734006734006734,0,Regular Customers
17071.0,28,13,3793.71,17.9796682464455,656,0.0197869101978691,0,Regular Customers
17072.0,625,1,273.35,13.016666666666667,0,1.0,1,At-Risk Customers
17073.0,18,4,1446.09,8.310862068965516,91,0.043478260869565216,0,Regular Customers
17074.0,563,1,203.05,50.7625,0,1.0,1,At-Risk Customers
17075.0,18,10,2236.63,11.239346733668341,708,0.014104372355430184,0,Regular Customers
17076.0,36,6,1242.75,24.855,699,0.008571428571428572,0,Regular Customers
17077.0,578,1,306.0,306.0,0,1.0,1,At-Risk Customers
17078.0,36,2,378.2,13.507142857142856,0,2.0,0,Regular Customers
17079.0,78,1,118.80000000000001,59.400000000000006,0,1.0,0,Regular Customers
17080.0,22,7,957.53,29.016060606060606,503,0.013888888888888888,0,Regular Customers
17081.0,25,6,949.39,4.5864251207729465,629,0.009523809523809525,0,Regular Customers
17082.0,33,6,4732.03,27.835470588235292,691,0.008670520231213872,0,Regular Customers
17083.0,109,9,4049.79,35.2155652173913,559,0.01607142857142857,0,Regular Customers
17084.0,35,3,5001.21,17.797900355871885,361,0.008287292817679558,0,Regular Customers
17085.0,123,28,7847.67,7.951033434650456,610,0.04582651391162029,4,Loyal Customers
17086.0,7,6,2050.08,21.355,56,0.10526315789473684,0,Regular Customers
17087.0,738,1,221.53,18.460833333333333,0,1.0,1,At-Risk Customers
17088.0,28,4,1991.01,17.313130434782607,225,0.017699115044247787,0,Regular Customers
17089.0,386,1,128.45,32.1125,0,1.0,1,At-Risk Customers
17090.0,4,13,3080.1800000000003,34.224222222222224,503,0.025793650793650792,0,Regular Customers
17091.0,3,19,7495.75,16.474175824175823,720,0.026352288488210817,4,Loyal Customers
17092.0,50,11,5511.41,14.059719387755102,625,0.01757188498402556,0,Regular Customers
17093.0,593,1,235.88,18.144615384615385,0,1.0,1,At-Risk Customers
17094.0,322,2,402.20000000000005,22.34444444444445,101,0.0196078431372549,1,At-Risk Customers
17095.0,23,7,2572.25,18.775547445255473,701,0.009971509971509971,0,Regular Customers
17096.0,15,11,3697.93,18.038682926829267,540,0.02033271719038817,0,Regular Customers
17097.0,2,9,1143.36,4.282247191011235,428,0.02097902097902098,0,Regular Customers
17098.0,382,3,591.0699999999999,32.837222222222216,159,0.01875,1,At-Risk Customers
17099.0,533,1,582.17,14.55425,0,1.0,1,At-Risk Customers
17100.0,18,2,971.74,14.949846153846154,0,2.0,0,Regular Customers
17101.0,10,7,2507.05,34.34315068493151,539,0.012962962962962963,0,Regular Customers
17102.0,262,1,25.5,25.5,0,1.0,0,Regular Customers
17103.0,722,1,424.3,13.259375,0,1.0,1,At-Risk Customers
17104.0,424,1,474.03,24.948947368421052,0,1.0,1,At-Risk Customers
17105.0,159,2,665.78,7.397555555555555,147,0.013513513513513514,0,Regular Customers
17106.0,389,1,481.58,9.442745098039216,0,1.0,1,At-Risk Customers
17107.0,33,10,16052.72,23.95928358208955,643,0.015527950310559006,0,Regular Customers
17108.0,664,1,174.95,19.438888888888886,0,1.0,1,At-Risk Customers
17109.0,29,8,1291.71,9.292877697841726,468,0.017057569296375266,0,Regular Customers
17110.0,165,3,499.9,10.20204081632653,444,0.006741573033707865,0,Regular Customers
17111.0,47,2,459.58,9.574583333333333,378,0.005277044854881266,0,Regular Customers
17112.0,503,1,197.57,4.203617021276596,0,1.0,1,At-Risk Customers
17113.0,574,6,2305.59,14.592341772151899,123,0.04838709677419355,1,At-Risk Customers
17114.0,6,8,801.12,6.5131707317073175,329,0.024242424242424242,0,Regular Customers
17115.0,8,7,2761.4900000000002,23.01241666666667,726,0.009628610729023384,0,Regular Customers
17116.0,648,1,389.78,8.293191489361702,0,1.0,1,At-Risk Customers
17117.0,288,1,116.19999999999999,12.91111111111111,0,1.0,1,At-Risk Customers
17118.0,318,1,157.02,15.702000000000002,0,1.0,1,At-Risk Customers
17119.0,3,2,606.91,17.340285714285713,56,0.03508771929824561,0,Regular Customers
17120.0,233,1,307.46,17.08111111111111,0,1.0,0,Regular Customers
17121.0,403,1,314.74,26.228333333333335,0,1.0,1,At-Risk Customers
17122.0,119,4,570.5,19.016666666666666,380,0.010498687664041995,0,Regular Customers
17123.0,162,3,977.17,22.724883720930233,410,0.0072992700729927005,0,Regular Customers
17124.0,185,1,294.24,9.491612903225807,0,1.0,0,Regular Customers
17125.0,50,1,230.5,6.585714285714285,0,1.0,0,Regular Customers
17126.0,152,9,2016.43,4.531303370786517,313,0.028662420382165606,0,Regular Customers
17127.0,429,5,1155.0300000000002,31.217027027027033,306,0.016286644951140065,1,At-Risk Customers
17128.0,335,1,157.09,11.220714285714285,0,1.0,1,At-Risk Customers
17129.0,520,1,31.85,15.925,0,1.0,1,At-Risk Customers
17131.0,5,5,2463.17,18.38186567164179,70,0.07042253521126761,0,Regular Customers
17132.0,452,2,1220.9099999999999,17.195915492957745,36,0.05405405405405406,1,At-Risk Customers
17133.0,16,12,14622.33,261.11303571428573,612,0.01957585644371941,0,Regular Customers
17134.0,107,3,625.3,17.369444444444444,335,0.008928571428571428,0,Regular Customers
17135.0,16,10,1722.18,12.043216783216783,563,0.01773049645390071,0,Regular Customers
17136.0,662,1,231.68,16.548571428571428,0,1.0,1,At-Risk Customers
17137.0,416,6,1099.81,6.585688622754491,261,0.022900763358778626,1,At-Risk Customers
17138.0,276,7,4417.27,17.2549609375,397,0.017587939698492462,0,Regular Customers
17139.0,16,25,19566.76,24.21628712871287,681,0.036656891495601175,4,Loyal Customers
17140.0,247,1,454.12,25.22888888888889,0,1.0,0,Regular Customers
17141.0,418,4,727.58,4.491234567901235,266,0.0149812734082397,1,At-Risk Customers
17142.0,239,4,1275.25,14.32865168539326,445,0.008968609865470852,0,Regular Customers
17143.0,417,2,880.97,7.865803571428572,98,0.020202020202020204,1,At-Risk Customers
17144.0,1,2,984.57,20.511875,83,0.023809523809523808,0,Regular Customers
17145.0,513,4,3120.91,17.33838888888889,145,0.0273972602739726,1,At-Risk Customers
17146.0,106,13,5852.64,19.443986710963458,570,0.02276707530647986,0,Regular Customers
17147.0,23,9,3199.95,23.529044117647057,675,0.013313609467455622,0,Regular Customers
17148.0,52,1,124.88,13.875555555555556,0,1.0,0,Regular Customers
17149.0,451,1,143.10000000000002,23.850000000000005,0,1.0,1,At-Risk Customers
17150.0,377,6,1357.95,14.760326086956523,357,0.01675977653631285,1,At-Risk Customers
17151.0,735,1,231.90000000000003,57.97500000000001,0,1.0,1,At-Risk Customers
17152.0,195,4,2016.5,126.03125,230,0.017316017316017316,0,Regular Customers
17153.0,24,1,213.78,15.27,0,1.0,0,Regular Customers
17154.0,75,1,329.34,14.319130434782608,0,1.0,0,Regular Customers
17155.0,18,7,892.46,12.225479452054795,719,0.009722222222222222,0,Regular Customers
17156.0,492,1,591.87,15.176153846153847,0,1.0,1,At-Risk Customers
17157.0,8,19,5151.9,36.53829787234042,727,0.0260989010989011,4,Loyal Customers
17158.0,32,5,1980.0,17.52212389380531,609,0.00819672131147541,0,Regular Customers
17159.0,22,5,2099.59,16.15069230769231,623,0.008012820512820512,0,Regular Customers
17160.0,31,17,10209.16,15.68227342549923,704,0.024113475177304965,4,Loyal Customers
17161.0,444,1,856.01,16.46173076923077,0,1.0,1,At-Risk Customers
17162.0,29,10,1715.46,16.494807692307692,276,0.036101083032490974,0,Regular Customers
17163.0,22,4,699.78,23.326,653,0.0061162079510703364,0,Regular Customers
17164.0,33,7,2467.35,17.134375,240,0.029045643153526972,0,Regular Customers
17165.0,284,6,1794.32,17.9432,444,0.01348314606741573,1,At-Risk Customers
17166.0,39,2,206.34,17.195,165,0.012048192771084338,0,Regular Customers
17167.0,380,3,867.11,10.97607594936709,65,0.045454545454545456,1,At-Risk Customers
17168.0,499,1,400.2,19.057142857142857,0,1.0,1,At-Risk Customers
17169.0,58,3,1156.73,15.423066666666667,520,0.005758157389635317,0,Regular Customers
17170.0,374,2,178.68,17.868000000000002,14,0.13333333333333333,1,At-Risk Customers
17171.0,289,2,384.59,15.3836,372,0.005361930294906166,1,At-Risk Customers
17172.0,79,3,956.5699999999999,24.527435897435897,647,0.004629629629629629,0,Regular Customers
17173.0,5,8,3766.6,43.79767441860465,125,0.06349206349206349,0,Regular Customers
17174.0,218,1,59.9,14.975,0,1.0,0,Regular Customers
17175.0,44,4,1443.69,22.915714285714287,252,0.015810276679841896,0,Regular Customers
17176.0,202,3,902.3199999999999,21.483809523809523,475,0.0063025210084033615,0,Regular Customers
17177.0,505,1,119.5,4.120689655172414,0,1.0,1,At-Risk Customers
17178.0,731,1,432.96,13.966451612903224,0,1.0,1,At-Risk Customers
17179.0,178,6,1507.26,9.539620253164557,384,0.015584415584415584,0,Regular Customers
17180.0,56,11,2236.77,5.591925,630,0.017432646592709985,0,Regular Customers
17181.0,57,3,309.85,11.06607142857143,538,0.0055658627087198514,0,Regular Customers
17182.0,423,2,321.3,53.550000000000004,295,0.006756756756756757,1,At-Risk Customers
17183.0,8,6,3347.31,45.85356164383562,97,0.061224489795918366,0,Regular Customers
17184.0,569,2,198.41000000000003,14.172142857142859,161,0.012345679012345678,1,At-Risk Customers
17185.0,592,3,229.46,5.215,6,0.42857142857142855,1,At-Risk Customers
17186.0,47,2,144.0,72.0,13,0.14285714285714285,0,Regular Customers
17187.0,227,2,467.71,20.335217391304347,299,0.006666666666666667,0,Regular Customers
17188.0,11,13,4592.93,26.70308139534884,719,0.018055555555555554,0,Regular Customers
17189.0,106,5,953.63,7.946916666666667,631,0.007911392405063292,0,Regular Customers
17190.0,59,7,1726.57,9.08721052631579,585,0.011945392491467578,0,Regular Customers
17191.0,28,15,4310.34,8.672716297786721,710,0.02109704641350211,0,Regular Customers
17192.0,536,1,75.28,3.7640000000000002,0,1.0,1,At-Risk Customers
17193.0,36,9,2310.04,52.50090909090909,702,0.012802275960170697,0,Regular Customers
17194.0,274,3,812.5,13.319672131147541,256,0.011673151750972763,1,At-Risk Customers
17195.0,655,1,562.98,18.160645161290322,0,1.0,1,At-Risk Customers
17196.0,428,1,327.75,3.524193548387097,0,1.0,1,At-Risk Customers
17197.0,30,1,1013.01,34.93137931034483,0,1.0,0,Regular Customers
17198.0,24,3,692.22,7.210625,347,0.008620689655172414,0,Regular Customers
17199.0,582,1,135.04000000000002,16.880000000000003,0,1.0,1,At-Risk Customers
17200.0,387,4,356.71,14.2684,264,0.01509433962264151,1,At-Risk Customers
17201.0,54,4,1143.1,6.684795321637426,613,0.006514657980456026,0,Regular Customers
17202.0,421,1,160.65,20.08125,0,1.0,1,At-Risk Customers
17203.0,36,10,5564.09,21.318352490421457,352,0.028328611898016998,0,Regular Customers
17204.0,175,9,5504.6900000000005,31.09994350282486,372,0.024128686327077747,0,Regular Customers
17205.0,54,3,999.35,28.552857142857142,510,0.005870841487279843,0,Regular Customers
17206.0,53,1,204.24,29.177142857142858,0,1.0,0,Regular Customers
17207.0,652,1,292.62,4.877,0,1.0,1,At-Risk Customers
17208.0,396,1,111.15,4.8326086956521745,0,1.0,1,At-Risk Customers
17209.0,649,3,595.7,15.676315789473685,87,0.03409090909090909,1,At-Risk Customers
17210.0,393,1,251.72,4.749433962264151,0,1.0,1,At-Risk Customers
17211.0,27,13,3773.35,10.969040697674417,699,0.018571428571428572,0,Regular Customers
17212.0,253,3,794.41,27.393448275862067,233,0.01282051282051282,0,Regular Customers
17213.0,40,13,4869.400000000001,18.306015037593987,684,0.01897810218978102,0,Regular Customers
17214.0,60,6,1059.1200000000001,10.486336633663367,298,0.020066889632107024,0,Regular Customers
17215.0,464,1,186.15,16.922727272727272,0,1.0,1,At-Risk Customers
17216.0,554,1,63.6,4.892307692307693,0,1.0,1,At-Risk Customers
17217.0,234,2,210.1,7.781481481481482,385,0.0051813471502590676,0,Regular Customers
17218.0,4,18,3891.39,8.261974522292993,678,0.026509572901325478,0,Regular Customers
17219.0,32,2,259.13,5.1826,384,0.005194805194805195,0,Regular Customers
17220.0,24,21,4457.31,6.632901785714286,664,0.031578947368421054,4,Loyal Customers
17221.0,7,5,976.62,7.875967741935484,599,0.008333333333333333,0,Regular Customers
17222.0,65,6,1579.51,14.102767857142856,632,0.009478672985781991,0,Regular Customers
17223.0,310,3,558.04,8.087536231884057,64,0.046153846153846156,1,At-Risk Customers
17224.0,501,1,100.86,12.6075,0,1.0,1,At-Risk Customers
17225.0,582,1,131.15,26.23,0,1.0,1,At-Risk Customers
17226.0,309,3,895.47,15.177457627118644,356,0.008403361344537815,1,At-Risk Customers
17227.0,19,12,1878.93,16.48184210526316,674,0.017777777777777778,0,Regular Customers
17228.0,16,13,2820.03,8.623944954128442,621,0.02090032154340836,0,Regular Customers
17229.0,96,2,318.76,6.782127659574468,46,0.0425531914893617,0,Regular Customers
17230.0,264,18,9388.49,43.264930875576034,467,0.038461538461538464,0,Regular Customers
17231.0,12,25,7064.8,5.882431307243963,719,0.034722222222222224,4,Loyal Customers
17232.0,3,2,417.77,11.936285714285713,11,0.16666666666666666,0,Regular Customers
17233.0,35,3,560.86,9.67,689,0.004347826086956522,0,Regular Customers
17234.0,183,1,149.89000000000001,10.706428571428573,0,1.0,0,Regular Customers
17235.0,25,8,1562.98,17.561573033707866,527,0.015151515151515152,0,Regular Customers
17236.0,13,12,1929.26,12.210506329113924,629,0.01904761904761905,0,Regular Customers
17237.0,11,4,994.13,12.58392405063291,370,0.01078167115902965,0,Regular Customers
17238.0,3,32,7331.67,6.436935908691835,736,0.04341926729986431,4,Loyal Customers
17239.0,313,4,1189.45,37.1703125,213,0.018691588785046728,1,At-Risk Customers
17240.0,596,1,130.6,18.657142857142855,0,1.0,1,At-Risk Customers
17241.0,385,12,2736.64,16.097882352941177,276,0.04332129963898917,1,At-Risk Customers
17242.0,108,5,2889.28,34.396190476190476,576,0.008665511265164644,0,Regular Customers
17243.0,1,69,20203.58,18.8290587138863,736,0.09362279511533243,4,Loyal Customers
17244.0,53,5,1826.04,15.217,680,0.007342143906020558,0,Regular Customers
17245.0,205,2,371.63,14.8652,484,0.004123711340206186,0,Regular Customers
17246.0,547,2,38.92,6.486666666666667,191,0.010416666666666666,1,At-Risk Customers
17247.0,15,1,280.09000000000003,5.186851851851852,0,1.0,0,Regular Customers
17248.0,120,2,500.54,4.812884615384616,361,0.0055248618784530384,0,Regular Customers
17249.0,429,1,68.03,2.51962962962963,0,1.0,1,At-Risk Customers
17250.0,4,2,381.97,6.820892857142858,257,0.007751937984496124,0,Regular Customers
17251.0,363,3,798.98,10.243333333333334,362,0.008264462809917356,1,At-Risk Customers
17252.0,117,2,348.91,4.057093023255814,69,0.02857142857142857,0,Regular Customers
17253.0,18,1,178.26,9.903333333333332,0,1.0,0,Regular Customers
17254.0,5,3,469.48,3.1937414965986397,396,0.007556675062972292,0,Regular Customers
17255.0,41,4,781.7,4.295054945054945,405,0.009852216748768473,0,Regular Customers
17256.0,107,5,498.93,16.094516129032257,492,0.010141987829614604,0,Regular Customers
17257.0,436,2,189.78,13.555714285714286,0,2.0,1,At-Risk Customers
17258.0,397,2,417.3,7.587272727272728,268,0.007434944237918215,1,At-Risk Customers
17259.0,148,6,1452.39,6.314739130434783,507,0.011811023622047244,0,Regular Customers
17260.0,411,1,120.95,20.158333333333335,0,1.0,1,At-Risk Customers
17261.0,510,1,221.59,5.153255813953488,0,1.0,1,At-Risk Customers
17262.0,52,11,2488.76,130.98736842105265,672,0.01634472511144131,0,Regular Customers
17263.0,208,1,63.440000000000005,2.7582608695652175,0,1.0,0,Regular Customers
17264.0,424,1,268.28,3.625405405405405,0,1.0,1,At-Risk Customers
17265.0,139,2,550.01,4.50827868852459,41,0.047619047619047616,0,Regular Customers
17266.0,2,5,501.71999999999997,4.216134453781512,638,0.00782472613458529,0,Regular Customers
17267.0,127,2,317.2,8.572972972972973,0,2.0,0,Regular Customers
17268.0,108,11,1733.8899999999999,57.79633333333333,623,0.017628205128205128,0,Regular Customers
17269.0,386,1,491.81,3.93448,0,1.0,1,At-Risk Customers
17270.0,469,2,601.4499999999999,12.530208333333333,262,0.0076045627376425855,1,At-Risk Customers
17271.0,736,1,204.3,4.2562500000000005,0,1.0,1,At-Risk Customers
17272.0,42,4,2148.63,18.847631578947368,220,0.01809954751131222,0,Regular Customers
17273.0,424,1,141.12,11.76,0,1.0,1,At-Risk Customers
17274.0,35,2,573.22,7.444415584415585,360,0.00554016620498615,0,Regular Customers
17275.0,383,1,114.1,4.960869565217391,0,1.0,1,At-Risk Customers
17276.0,402,1,502.49,9.480943396226415,0,1.0,1,At-Risk Customers
17277.0,228,2,1065.3500000000001,15.43985507246377,95,0.020833333333333332,0,Regular Customers
17278.0,241,2,271.24,15.955294117647059,323,0.006172839506172839,0,Regular Customers
17279.0,58,1,187.82999999999998,20.869999999999997,0,1.0,0,Regular Customers
17280.0,438,1,118.85999999999999,19.81,0,1.0,1,At-Risk Customers
17281.0,374,6,797.8499999999999,132.975,299,0.02,1,At-Risk Customers
17282.0,130,5,2308.54,11.316372549019608,418,0.011933174224343675,0,Regular Customers
17283.0,379,1,188.46,12.564,0,1.0,1,At-Risk Customers
17284.0,60,8,2788.06,7.474691689008043,384,0.02077922077922078,0,Regular Customers
17285.0,628,2,407.94,9.271363636363636,34,0.05714285714285714,1,At-Risk Customers
17286.0,22,3,389.18,4.324222222222223,378,0.0079155672823219,0,Regular Customers
17287.0,26,21,3826.86,8.265356371490281,710,0.029535864978902954,4,Loyal Customers
17288.0,9,11,2468.43,8.5709375,385,0.02849740932642487,0,Regular Customers
17289.0,32,9,2041.8,7.67593984962406,609,0.014754098360655738,0,Regular Customers
17290.0,4,8,1487.96,7.591632653061224,722,0.011065006915629323,0,Regular Customers
17291.0,308,1,550.8000000000001,550.8000000000001,0,1.0,1,At-Risk Customers
17292.0,472,2,271.75,18.116666666666667,107,0.018518518518518517,1,At-Risk Customers
17293.0,8,17,3750.63,15.562780082987553,727,0.023351648351648352,0,Regular Customers
17294.0,669,2,467.78999999999996,27.51705882352941,0,2.0,1,At-Risk Customers
17295.0,29,3,547.0,8.044117647058824,35,0.08333333333333333,0,Regular Customers
17296.0,730,1,338.13,10.246363636363636,0,1.0,1,At-Risk Customers
17297.0,17,1,128.18,2.615918367346939,0,1.0,0,Regular Customers
17298.0,101,5,954.26,13.829855072463769,540,0.009242144177449169,0,Regular Customers
17299.0,12,6,993.23,8.789646017699114,469,0.01276595744680851,0,Regular Customers
17300.0,391,2,393.64,8.946363636363635,90,0.02197802197802198,1,At-Risk Customers
17301.0,21,2,294.39,2.605221238938053,603,0.0033112582781456954,0,Regular Customers
17302.0,15,5,1135.63,14.375063291139242,290,0.01718213058419244,0,Regular Customers
17303.0,361,1,250.04,4.717735849056604,0,1.0,1,At-Risk Customers
17304.0,534,1,111.5,22.3,0,1.0,1,At-Risk Customers
17305.0,649,1,2135.46,237.27333333333334,0,1.0,1,At-Risk Customers
17306.0,11,21,9782.35,135.86597222222224,393,0.0532994923857868,4,Loyal Customers
17307.0,395,11,3999.8900000000003,83.33104166666668,293,0.03741496598639456,1,At-Risk Customers
17308.0,393,2,4511.76,644.5371428571428,59,0.03333333333333333,1,At-Risk Customers
17309.0,95,3,320.39,8.899722222222222,577,0.005190311418685121,0,Regular Customers
17310.0,387,2,1025.1,512.55,147,0.013513513513513514,1,At-Risk Customers
17311.0,78,6,3566.56,28.083149606299212,596,0.010050251256281407,0,Regular Customers
17312.0,139,3,644.3,46.021428571428565,20,0.14285714285714285,0,Regular Customers
17313.0,31,1,2328.84,97.03500000000001,0,1.0,0,Regular Customers
17314.0,25,17,4904.43,19.1579296875,711,0.023876404494382022,0,Regular Customers
17315.0,2,43,9599.58,12.850843373493976,436,0.09839816933638444,4,Loyal Customers
17316.0,420,1,124.45,3.5557142857142856,0,1.0,1,At-Risk Customers
17317.0,46,3,2600.34,288.9266666666667,43,0.06818181818181818,0,Regular Customers
17318.0,725,1,157.32999999999998,9.25470588235294,0,1.0,1,At-Risk Customers
17319.0,669,1,29.1,9.700000000000001,0,1.0,1,At-Risk Customers
17320.0,100,6,2444.85,16.08453947368421,586,0.010221465076660987,0,Regular Customers
17321.0,8,6,1665.21,6.144686346863469,569,0.010526315789473684,0,Regular Customers
17322.0,376,5,922.59,5.2123728813559325,360,0.013850415512465374,1,At-Risk Customers
17323.0,15,12,1551.04,4.685921450151057,683,0.017543859649122806,0,Regular Customers
17324.0,18,12,2171.07,14.972896551724139,703,0.017045454545454544,0,Regular Customers
17325.0,280,3,609.5699999999999,15.629999999999999,361,0.008287292817679558,1,At-Risk Customers
17326.0,408,2,312.35,3.631976744186047,121,0.01639344262295082,1,At-Risk Customers
17327.0,410,2,152.35,38.0875,152,0.013071895424836602,1,At-Risk Customers
17328.0,673,1,104.7,17.45,0,1.0,1,At-Risk Customers
17329.0,14,5,998.53,9.60125,721,0.006925207756232687,0,Regular Customers
17330.0,23,4,423.8,52.975,624,0.0064,0,Regular Customers
17331.0,124,1,175.2,175.2,0,1.0,0,Regular Customers
17332.0,528,5,838.27,8.823894736842105,128,0.03875968992248062,1,At-Risk Customers
17333.0,86,1,494.25,17.651785714285715,0,1.0,0,Regular Customers
17334.0,302,3,635.15,20.488709677419354,104,0.02857142857142857,1,At-Risk Customers
17335.0,384,2,497.04,13.806666666666667,300,0.006644518272425249,1,At-Risk Customers
17336.0,472,1,81.12,81.12,0,1.0,1,At-Risk Customers
17337.0,151,4,1981.06,3.802418426103647,158,0.025157232704402517,0,Regular Customers
17338.0,17,17,11889.33,9.110597701149425,621,0.027331189710610933,4,Loyal Customers
17339.0,94,3,302.36,30.236,415,0.007211538461538462,0,Regular Customers
17340.0,30,18,19617.95,28.935029498525076,633,0.028391167192429023,4,Loyal Customers
17341.0,157,5,1272.21,5.809178082191781,383,0.013020833333333334,0,Regular Customers
17342.0,380,4,1227.54,35.07257142857143,290,0.013745704467353952,1,At-Risk Customers
17343.0,355,6,1259.94,15.74925,380,0.015748031496062992,1,At-Risk Customers
17344.0,46,2,457.36,6.826268656716418,682,0.0029282576866764276,0,Regular Customers
17345.0,15,10,1586.6299999999999,7.591531100478468,722,0.013831258644536652,0,Regular Customers
17346.0,4,26,4998.61,5.415612134344529,597,0.043478260869565216,4,Loyal Customers
17347.0,86,1,228.96,228.96,0,1.0,0,Regular Customers
17348.0,15,9,2442.29,5.513069977426636,624,0.0144,0,Regular Customers
17349.0,179,5,772.41,9.087176470588235,452,0.011037527593818985,0,Regular Customers
17350.0,8,7,1893.701,13.242664335664335,668,0.01046337817638266,0,Regular Customers
17351.0,36,12,1988.23,28.814927536231885,693,0.01729106628242075,0,Regular Customers
17352.0,696,1,36.25,7.25,0,1.0,1,At-Risk Customers
17353.0,129,4,3242.0,231.57142857142858,495,0.008064516129032258,0,Regular Customers
17354.0,51,4,3133.96,31.02930693069307,377,0.010582010582010581,0,Regular Customers
17355.0,386,1,273.31,8.282121212121211,0,1.0,1,At-Risk Customers
17356.0,312,5,946.47,11.00546511627907,376,0.013262599469496022,1,At-Risk Customers
17357.0,24,2,384.39,8.736136363636364,0,2.0,0,Regular Customers
17358.0,303,5,861.01,5.8973287671232875,350,0.014245014245014245,1,At-Risk Customers
17359.0,11,2,284.46,7.48578947368421,636,0.0031397174254317113,0,Regular Customers
17360.0,17,6,1200.51,5.242401746724891,417,0.014354066985645933,0,Regular Customers
17361.0,49,5,871.79,15.294561403508771,627,0.007961783439490446,0,Regular Customers
17362.0,239,7,1024.04,7.1113888888888885,463,0.015086206896551725,0,Regular Customers
17363.0,395,3,920.46,26.298857142857145,6,0.42857142857142855,1,At-Risk Customers
17364.0,1,28,11972.92,13.244380530973451,731,0.03825136612021858,4,Loyal Customers
17365.0,13,15,8184.49,10.307921914357681,664,0.022556390977443608,0,Regular Customers
17366.0,432,2,1077.24,8.22320610687023,23,0.08333333333333333,1,At-Risk Customers
17367.0,238,1,167.55,5.077272727272728,0,1.0,0,Regular Customers
17368.0,23,14,2758.29,12.204823008849557,700,0.019971469329529243,0,Regular Customers
17369.0,456,1,979.1999999999999,979.1999999999999,0,1.0,1,At-Risk Customers
17370.0,73,4,446.18,13.520606060606061,96,0.041237113402061855,0,Regular Customers
17371.0,17,6,655.37,4.551180555555556,714,0.008391608391608392,0,Regular Customers
17372.0,41,28,4347.31,6.708811728395062,695,0.040229885057471264,4,Loyal Customers
17373.0,40,7,1167.5,12.82967032967033,609,0.011475409836065573,0,Regular Customers
17374.0,219,3,727.11,17.312142857142856,176,0.01694915254237288,0,Regular Customers
17375.0,199,4,660.55,7.6808139534883715,232,0.017167381974248927,0,Regular Customers
17376.0,71,4,453.64,8.248,452,0.008830022075055188,0,Regular Customers
17377.0,24,78,17644.27,10.306232476635515,713,0.1092436974789916,4,Loyal Customers
17378.0,374,1,10.95,10.95,0,1.0,1,At-Risk Customers
17379.0,11,1,389.71999999999997,4.996410256410256,0,1.0,0,Regular Customers
17380.0,434,3,645.0,64.5,100,0.0297029702970297,1,At-Risk Customers
17381.0,9,38,36398.65,223.30460122699387,539,0.07037037037037037,4,Loyal Customers
17382.0,65,8,902.28,50.126666666666665,504,0.015841584158415842,0,Regular Customers
17383.0,4,2,304.09,5.962549019607843,449,0.0044444444444444444,0,Regular Customers
17384.0,19,3,507.55,25.3775,447,0.006696428571428571,0,Regular Customers
17385.0,15,1,256.11,5.691333333333334,0,1.0,0,Regular Customers
17386.0,8,7,2812.77,74.02026315789473,377,0.018518518518518517,0,Regular Customers
17387.0,20,2,746.81,9.826447368421052,13,0.14285714285714285,0,Regular Customers
17388.0,78,11,2675.37,48.64309090909091,651,0.01687116564417178,0,Regular Customers
17389.0,1,61,57215.33,133.3690675990676,734,0.08299319727891157,4,Loyal Customers
17390.0,421,1,149.3,12.441666666666668,0,1.0,1,At-Risk Customers
17391.0,164,2,508.8,169.6,0,2.0,0,Regular Customers
17392.0,307,3,585.92,8.370285714285714,143,0.020833333333333332,1,At-Risk Customers
17393.0,411,2,381.15,7.940625,77,0.02564102564102564,1,At-Risk Customers
17394.0,219,1,203.86999999999998,50.967499999999994,0,1.0,0,Regular Customers
17395.0,508,1,97.5,32.5,0,1.0,1,At-Risk Customers
17396.0,39,14,8409.6,178.9276595744681,402,0.034739454094292806,0,Regular Customers
17397.0,22,3,1198.28,8.942388059701493,394,0.007594936708860759,0,Regular Customers
17398.0,115,3,653.38,17.19421052631579,140,0.02127659574468085,0,Regular Customers
17400.0,126,8,4623.28,9.85773987206823,595,0.013422818791946308,0,Regular Customers
17401.0,541,1,114.85,9.570833333333333,0,1.0,1,At-Risk Customers
17402.0,5,23,4635.5599999999995,26.042471910112358,718,0.031988873435326845,4,Loyal Customers
17403.0,36,2,382.87,8.508222222222223,414,0.004819277108433735,0,Regular Customers
17404.0,4,23,47781.12,163.63397260273973,697,0.0329512893982808,4,Loyal Customers
17405.0,1,3,1031.41,12.578170731707319,149,0.02,0,Regular Customers
17406.0,333,13,4186.95,17.5922268907563,400,0.032418952618453865,1,At-Risk Customers
17407.0,412,1,552.9,24.039130434782606,0,1.0,1,At-Risk Customers
17408.0,163,3,316.09000000000003,39.511250000000004,350,0.008547008547008548,0,Regular Customers
17409.0,185,10,7793.51,74.93759615384616,543,0.01838235294117647,0,Regular Customers
17410.0,16,5,1214.72,18.98,199,0.025,0,Regular Customers
17411.0,12,5,1425.38,19.005066666666668,724,0.006896551724137931,0,Regular Customers
17412.0,3,16,4220.22,18.509736842105266,734,0.021768707482993196,0,Regular Customers
17413.0,405,2,560.14,56.013999999999996,165,0.012048192771084338,1,At-Risk Customers
17414.0,44,6,2249.52,107.12,692,0.008658008658008658,0,Regular Customers
17415.0,80,1,507.84,36.27428571428571,0,1.0,0,Regular Customers
17416.0,30,22,17298.45,28.97562814070352,695,0.031609195402298854,4,Loyal Customers
17417.0,549,1,164.18,10.26125,0,1.0,1,At-Risk Customers
17418.0,42,3,670.0600000000001,15.953809523809525,344,0.008695652173913044,0,Regular Customers
17419.0,11,18,6126.25,20.48913043478261,672,0.02674591381872214,4,Loyal Customers
17420.0,50,6,953.58,19.0716,351,0.017045454545454544,0,Regular Customers
17421.0,386,3,1059.41,18.265689655172416,349,0.008571428571428572,1,At-Risk Customers
17422.0,16,11,3594.76,17.535414634146342,518,0.02119460500963391,0,Regular Customers
17423.0,46,3,1118.95,26.022093023255817,347,0.008620689655172414,0,Regular Customers
17425.0,19,2,759.17,17.655116279069766,41,0.047619047619047616,0,Regular Customers
17426.0,8,13,8077.77,18.917494145199065,652,0.019908116385911178,0,Regular Customers
17427.0,72,1,100.8,50.4,0,1.0,0,Regular Customers
17428.0,1,45,31466.760000000002,43.703833333333336,737,0.06097560975609756,4,Loyal Customers
17429.0,128,5,1357.46,14.289052631578947,301,0.016556291390728478,0,Regular Customers
17430.0,33,4,622.57,16.826216216216217,446,0.008948545861297539,0,Regular Customers
17431.0,313,1,403.3,9.37906976744186,0,1.0,1,At-Risk Customers
17432.0,18,9,1728.99,6.310182481751825,717,0.012534818941504178,0,Regular Customers
17433.0,88,2,569.96,6.128602150537635,297,0.006711409395973154,0,Regular Customers
17434.0,2,7,2373.82,17.715074626865672,82,0.08433734939759036,0,Regular Customers
17435.0,411,1,331.35,22.09,0,1.0,1,At-Risk Customers
17436.0,2,5,534.06,31.415294117647054,730,0.006839945280437756,0,Regular Customers
17437.0,530,1,369.68,7.109230769230769,0,1.0,1,At-Risk Customers
17438.0,254,5,1422.77,20.03901408450704,387,0.01288659793814433,0,Regular Customers
17439.0,656,1,325.74,40.7175,0,1.0,1,At-Risk Customers
17440.0,157,4,323.58,53.93,392,0.010178117048346057,0,Regular Customers
17441.0,732,1,293.35,13.96904761904762,0,1.0,1,At-Risk Customers
17442.0,37,15,4620.3,16.326148409893992,625,0.023961661341853034,0,Regular Customers
17443.0,220,1,534.24,534.24,0,1.0,0,Regular Customers
17444.0,148,3,2940.04,21.778074074074073,25,0.11538461538461539,0,Regular Customers
17446.0,177,2,120.9,13.433333333333334,133,0.014925373134328358,0,Regular Customers
17447.0,40,2,541.53,15.042499999999999,31,0.0625,0,Regular Customers
17448.0,497,46,14523.67,13.025713004484304,147,0.3108108108108108,4,Loyal Customers
17449.0,2,13,4868.15,8.335873287671232,728,0.01783264746227709,0,Regular Customers
17450.0,8,51,244784.25,582.8196428571429,429,0.1186046511627907,3,Premium Customers
17451.0,1,7,1721.4,17.214000000000002,104,0.06666666666666667,0,Regular Customers
17453.0,18,2,486.71999999999997,25.616842105263157,46,0.0425531914893617,0,Regular Customers
17454.0,192,10,1547.94,12.285238095238096,500,0.01996007984031936,0,Regular Customers
17455.0,204,1,131.7,16.4625,0,1.0,0,Regular Customers
17456.0,365,2,975.5600000000001,16.259333333333334,90,0.02197802197802198,1,At-Risk Customers
17457.0,127,14,5984.8099999999995,93.51265624999999,605,0.0231023102310231,0,Regular Customers
17458.0,15,2,529.58,6.1579069767441865,366,0.005449591280653951,0,Regular Customers
17459.0,43,2,657.3,5.921621621621621,16,0.11764705882352941,0,Regular Customers
17460.0,94,16,2157.9700000000003,15.75160583941606,592,0.026981450252951095,0,Regular Customers
17461.0,23,3,735.82,6.941698113207548,6,0.42857142857142855,0,Regular Customers
17462.0,60,2,675.69,25.025555555555556,223,0.008928571428571428,0,Regular Customers
17463.0,16,7,2535.26,8.022974683544305,572,0.012216404886561954,0,Regular Customers
17464.0,158,3,907.14,23.259999999999998,461,0.006493506493506494,0,Regular Customers
17465.0,426,7,2542.79,17.906971830985917,310,0.022508038585209004,1,At-Risk Customers
17466.0,10,2,763.28,18.61658536585366,68,0.028985507246376812,0,Regular Customers
17467.0,395,1,102.6,25.65,0,1.0,1,At-Risk Customers
17468.0,10,3,194.8,24.35,364,0.00821917808219178,0,Regular Customers
17469.0,16,17,5051.25,18.918539325842698,706,0.024045261669024046,0,Regular Customers
17470.0,45,11,2626.47,16.944967741935482,463,0.023706896551724137,0,Regular Customers
17471.0,475,1,321.65000000000003,16.928947368421053,0,1.0,1,At-Risk Customers
17472.0,191,4,922.35,4.13609865470852,437,0.0091324200913242,0,Regular Customers
17473.0,409,2,607.0,17.852941176470587,47,0.041666666666666664,1,At-Risk Customers
17474.0,600,1,1047.0,174.5,0,1.0,1,At-Risk Customers
17475.0,79,1,194.37,13.883571428571429,0,1.0,0,Regular Customers
17476.0,396,2,489.86,15.801935483870968,341,0.005847953216374269,1,At-Risk Customers
17477.0,613,2,1144.3,26.00681818181818,34,0.05714285714285714,1,At-Risk Customers
17478.0,408,2,1272.8,31.82,225,0.008849557522123894,1,At-Risk Customers
17479.0,633,1,389.26000000000005,21.625555555555557,0,1.0,1,At-Risk Customers
17480.0,78,2,882.23,16.645849056603772,366,0.005449591280653951,0,Regular Customers
17481.0,4,4,1255.59,15.312073170731706,90,0.04395604395604396,0,Regular Customers
17482.0,487,2,775.64,14.634716981132076,91,0.021739130434782608,1,At-Risk Customers
17483.0,65,4,591.73,21.133214285714285,349,0.011428571428571429,0,Regular Customers
17484.0,576,2,209.57,14.969285714285714,47,0.041666666666666664,1,At-Risk Customers
17486.0,261,1,396.87,16.53625,0,1.0,0,Regular Customers
17487.0,728,1,160.55,20.06875,0,1.0,1,At-Risk Customers
17488.0,641,1,336.5,18.694444444444443,0,1.0,1,At-Risk Customers
17489.0,59,2,376.64,12.987586206896552,153,0.012987012987012988,0,Regular Customers
17490.0,1,9,2750.5,23.711206896551722,568,0.015817223198594025,0,Regular Customers
17491.0,1,17,5653.67,31.941638418079098,589,0.0288135593220339,0,Regular Customers
17492.0,248,3,1122.42,28.78,270,0.01107011070110701,0,Regular Customers
17493.0,385,1,100.91000000000001,12.613750000000001,0,1.0,1,At-Risk Customers
17494.0,502,1,54.699999999999996,18.23333333333333,0,1.0,1,At-Risk Customers
17495.0,8,3,806.72,16.80666666666667,383,0.0078125,0,Regular Customers
17496.0,359,4,1412.89,19.623472222222222,335,0.011904761904761904,1,At-Risk Customers
17497.0,390,2,287.25,41.035714285714285,220,0.00904977375565611,1,At-Risk Customers
17498.0,76,1,272.22,16.01294117647059,0,1.0,0,Regular Customers
17499.0,290,2,1341.39,18.89281690140845,271,0.007352941176470588,1,At-Risk Customers
17500.0,17,3,1138.0,227.6,12,0.23076923076923078,0,Regular Customers
17501.0,221,2,288.6,16.033333333333335,0,2.0,0,Regular Customers
17502.0,9,4,689.1,24.610714285714288,19,0.2,0,Regular Customers
17503.0,3,2,558.96,14.709473684210527,35,0.05555555555555555,0,Regular Customers
17504.0,206,18,9490.17,27.7490350877193,463,0.03879310344827586,0,Regular Customers
17505.0,162,5,2435.48,23.877254901960786,443,0.01126126126126126,0,Regular Customers
17506.0,76,1,302.2,21.585714285714285,0,1.0,0,Regular Customers
17507.0,262,2,605.58,6.881590909090909,47,0.041666666666666664,0,Regular Customers
17508.0,281,8,4579.23,19.823506493506493,451,0.017699115044247787,0,Regular Customers
17509.0,58,8,6083.64,16.713296703296706,5,1.3333333333333333,0,Regular Customers
17510.0,25,2,514.56,14.701714285714283,395,0.005050505050505051,0,Regular Customers
17511.0,3,60,172132.87,92.14821734475375,734,0.08163265306122448,3,Premium Customers
17512.0,29,18,5467.820000000001,27.75543147208122,700,0.025677603423680456,0,Regular Customers
17513.0,72,3,1158.8,64.37777777777778,407,0.007352941176470588,0,Regular Customers
17514.0,128,2,522.0,6.289156626506024,541,0.0036900369003690036,0,Regular Customers
17515.0,31,9,1602.51,8.952569832402235,519,0.01730769230769231,0,Regular Customers
17516.0,15,6,947.5,4.960732984293194,363,0.016483516483516484,0,Regular Customers
17517.0,309,1,153.94,13.994545454545454,0,1.0,1,At-Risk Customers
17518.0,426,2,329.42,4.278181818181818,195,0.01020408163265306,1,At-Risk Customers
17519.0,17,15,4774.17,23.40279411764706,721,0.02077562326869806,0,Regular Customers
17520.0,54,1,546.81,18.226999999999997,0,1.0,0,Regular Customers
17521.0,30,5,1278.06,16.385384615384616,404,0.012345679012345678,0,Regular Customers
17522.0,2,5,1070.71,14.667260273972603,216,0.02304147465437788,0,Regular Customers
17523.0,11,4,652.74,19.78,7,0.5,0,Regular Customers
17524.0,361,3,539.14,12.53813953488372,76,0.03896103896103896,1,At-Risk Customers
17525.0,360,3,1161.9,44.68846153846154,69,0.04285714285714286,1,At-Risk Customers
17526.0,5,12,3939.24,42.81782608695652,717,0.016713091922005572,0,Regular Customers
17527.0,54,4,939.37,19.98659574468085,164,0.024242424242424242,0,Regular Customers
17528.0,1,8,3628.5,14.34189723320158,70,0.11267605633802817,0,Regular Customers
17529.0,610,2,1240.25,15.125,87,0.022727272727272728,1,At-Risk Customers
17530.0,1,12,2791.69,5.852599580712789,732,0.01637107776261937,0,Regular Customers
17531.0,190,3,1266.82,21.841724137931035,428,0.006993006993006993,0,Regular Customers
17532.0,386,1,65.34,16.335,0,1.0,1,At-Risk Customers
17533.0,435,1,34.8,34.8,0,1.0,1,At-Risk Customers
17534.0,54,5,1668.83,18.13945652173913,598,0.008347245409015025,0,Regular Customers
17535.0,280,1,164.4,12.646153846153847,0,1.0,1,At-Risk Customers
17536.0,177,3,364.83,22.801875,505,0.005928853754940711,0,Regular Customers
17537.0,30,2,887.67,11.99554054054054,273,0.0072992700729927005,0,Regular Customers
17538.0,26,1,98.42,10.935555555555556,0,1.0,0,Regular Customers
17539.0,618,4,1176.84,8.1725,108,0.03669724770642202,1,At-Risk Customers
17540.0,25,6,1590.6000000000001,24.853125000000002,575,0.010416666666666666,0,Regular Customers
17541.0,510,1,119.86,3.8664516129032256,0,1.0,1,At-Risk Customers
17542.0,270,3,340.85,5.32578125,371,0.008064516129032258,0,Regular Customers
17543.0,550,1,120.05,9.234615384615385,0,1.0,1,At-Risk Customers
17544.0,390,3,944.82,10.736590909090909,0,3.0,1,At-Risk Customers
17545.0,43,6,1409.8600000000001,5.422538461538462,534,0.011214953271028037,0,Regular Customers
17547.0,376,2,727.85,23.479032258064517,289,0.006896551724137931,1,At-Risk Customers
17548.0,234,4,731.26,21.50764705882353,162,0.024539877300613498,0,Regular Customers
17549.0,24,2,148.86,24.810000000000002,27,0.07142857142857142,0,Regular Customers
17550.0,197,9,2506.64,7.808847352024921,472,0.019027484143763214,0,Regular Customers
17551.0,359,1,290.34,7.444615384615384,0,1.0,1,At-Risk Customers
17552.0,60,12,2786.77,19.487902097902097,567,0.02112676056338028,0,Regular Customers
17553.0,130,4,3757.6,626.2666666666667,481,0.008298755186721992,0,Regular Customers
17554.0,1,5,1952.45,22.18693181818182,146,0.034013605442176874,0,Regular Customers
17555.0,20,5,1045.74,3.9611363636363635,566,0.008818342151675485,0,Regular Customers
17556.0,206,2,300.67,21.476428571428574,173,0.011494252873563218,0,Regular Customers
17557.0,14,4,575.46,16.441714285714287,718,0.005563282336578581,0,Regular Customers
17558.0,393,1,259.17,9.25607142857143,0,1.0,1,At-Risk Customers
17559.0,513,1,167.62,13.968333333333334,0,1.0,1,At-Risk Customers
17560.0,95,8,1895.8,34.46909090909091,565,0.014134275618374558,0,Regular Customers
17561.0,19,4,703.02,3.6807329842931935,713,0.0056022408963585435,0,Regular Customers
17562.0,14,7,1122.38,17.81555555555556,159,0.04375,0,Regular Customers
17563.0,578,2,392.38,13.530344827586207,33,0.058823529411764705,1,At-Risk Customers
17564.0,24,3,454.01,9.265510204081632,55,0.05357142857142857,0,Regular Customers
17565.0,587,1,131.83,4.394333333333334,0,1.0,1,At-Risk Customers
17566.0,8,2,869.77,6.125140845070423,17,0.1111111111111111,0,Regular Customers
17567.0,7,9,4838.08,24.68408163265306,434,0.020689655172413793,0,Regular Customers
17568.0,633,1,374.45,6.039516129032258,0,1.0,1,At-Risk Customers
17569.0,332,1,344.14,11.866896551724137,0,1.0,1,At-Risk Customers
17570.0,382,1,100.0,100.0,0,1.0,1,At-Risk Customers
17571.0,50,5,1630.91,5.018184615384616,492,0.010141987829614604,0,Regular Customers
17572.0,71,10,652.21,20.3815625,653,0.01529051987767584,0,Regular Customers
17573.0,29,3,380.6,15.224,64,0.046153846153846156,0,Regular Customers
17574.0,243,1,185.65,23.20625,0,1.0,0,Regular Customers
17575.0,667,1,171.7,34.339999999999996,0,1.0,1,At-Risk Customers
17576.0,8,41,8711.95,9.799718785151857,728,0.056241426611796985,4,Loyal Customers
17577.0,645,2,348.75,16.607142857142858,23,0.08333333333333333,1,At-Risk Customers
17578.0,218,7,1047.33,16.11276923076923,311,0.022435897435897436,0,Regular Customers
17579.0,5,4,753.28,8.013617021276595,573,0.006968641114982578,0,Regular Customers
17580.0,253,5,541.02,5.755531914893617,169,0.029411764705882353,0,Regular Customers
17581.0,1,43,17951.17,22.13461159062885,735,0.058423913043478264,4,Loyal Customers
17582.0,236,5,1446.95,11.860245901639345,387,0.01288659793814433,0,Regular Customers
17583.0,560,1,135.95,19.42142857142857,0,1.0,1,At-Risk Customers
17584.0,7,6,5309.42,42.817903225806454,676,0.008862629246676515,0,Regular Customers
17585.0,109,7,2064.71,5.376848958333333,368,0.018970189701897018,0,Regular Customers
17586.0,619,1,167.4,20.925,0,1.0,1,At-Risk Customers
17587.0,628,1,176.71,4.207380952380952,0,1.0,1,At-Risk Customers
17588.0,100,7,2939.55,41.40211267605634,537,0.013011152416356878,0,Regular Customers
17589.0,60,18,13837.94,10.628218125960062,582,0.030874785591766724,4,Loyal Customers
17590.0,2,3,1468.02,7.489897959183673,37,0.07894736842105263,0,Regular Customers
17591.0,73,8,2339.32,13.29159090909091,617,0.012944983818770227,0,Regular Customers
17592.0,739,1,148.3,11.407692307692308,0,1.0,1,At-Risk Customers
17593.0,4,11,8092.32,19.83411764705882,731,0.015027322404371584,0,Regular Customers
17594.0,85,4,2497.88,24.018076923076926,519,0.007692307692307693,0,Regular Customers
17595.0,12,2,386.69,4.715731707317073,24,0.08,0,Regular Customers
17596.0,23,13,4491.46,9.241687242798355,701,0.018518518518518517,0,Regular Customers
17597.0,214,5,3484.09,27.219453125,369,0.013513513513513514,0,Regular Customers
17598.0,381,1,409.98,40.998000000000005,0,1.0,1,At-Risk Customers
17599.0,478,1,52.05,17.349999999999998,0,1.0,1,At-Risk Customers
17600.0,18,1,161.67000000000002,12.436153846153847,0,1.0,0,Regular Customers
17601.0,239,2,413.08,5.737222222222222,141,0.014084507042253521,0,Regular Customers
17602.0,2,14,7354.43,8.09068206820682,616,0.022690437601296597,0,Regular Customers
17603.0,78,4,1788.38,16.871509433962267,651,0.006134969325153374,0,Regular Customers
17604.0,217,6,942.38,4.530673076923077,464,0.012903225806451613,0,Regular Customers
17605.0,590,1,160.75,12.365384615384615,0,1.0,1,At-Risk Customers
17606.0,737,1,87.30000000000001,14.550000000000002,0,1.0,1,At-Risk Customers
17607.0,376,1,333.81,15.173181818181819,0,1.0,1,At-Risk Customers
17608.0,33,4,488.06,3.069559748427673,573,0.006968641114982578,0,Regular Customers
17609.0,41,11,1887.8999999999999,4.903636363636363,568,0.019332161687170474,0,Regular Customers
17610.0,540,5,1511.94,9.817792207792207,193,0.02577319587628866,1,At-Risk Customers
17611.0,7,28,8337.53,7.497778776978418,731,0.03825136612021858,4,Loyal Customers
17612.0,53,18,5394.86,15.867235294117647,669,0.026865671641791045,0,Regular Customers
17613.0,23,14,4544.55,14.851470588235294,282,0.04946996466431095,0,Regular Customers
17614.0,57,1,386.32,3.9420408163265304,0,1.0,0,Regular Customers
17615.0,130,6,721.8,12.889285714285714,355,0.016853932584269662,0,Regular Customers
17616.0,174,4,734.4,183.6,277,0.014388489208633094,0,Regular Customers
17617.0,559,1,385.19,21.399444444444445,0,1.0,1,At-Risk Customers
17618.0,6,11,4001.64,11.2090756302521,679,0.016176470588235296,0,Regular Customers
17619.0,312,1,214.37,2.896891891891892,0,1.0,1,At-Risk Customers
17620.0,60,1,81.44,20.36,0,1.0,0,Regular Customers
17621.0,21,6,3175.12,48.10787878787879,410,0.014598540145985401,0,Regular Customers
17622.0,598,2,1130.21,29.742368421052632,0,2.0,1,At-Risk Customers
17623.0,33,7,2365.77,12.194690721649485,692,0.010101010101010102,0,Regular Customers
17624.0,15,4,1568.63,16.171443298969074,704,0.005673758865248227,0,Regular Customers
17625.0,18,8,5978.9,8.753879941434846,706,0.011315417256011316,0,Regular Customers
17626.0,603,1,254.0,14.11111111111111,0,1.0,1,At-Risk Customers
17627.0,479,1,296.36,29.636000000000003,0,1.0,1,At-Risk Customers
17628.0,81,1,75.75,15.15,0,1.0,0,Regular Customers
17629.0,6,10,2455.52,15.740512820512821,415,0.02403846153846154,0,Regular Customers
17630.0,170,2,503.59999999999997,19.369230769230768,62,0.031746031746031744,0,Regular Customers
17631.0,2,7,998.49,14.470869565217392,728,0.009602194787379973,0,Regular Customers
17633.0,31,7,2057.39,20.37019801980198,357,0.019553072625698324,0,Regular Customers
17634.0,36,9,2358.59,7.96820945945946,301,0.029801324503311258,0,Regular Customers
17635.0,424,3,1265.58,17.10243243243243,166,0.017964071856287425,1,At-Risk Customers
17636.0,19,1,285.56,14.278,0,1.0,0,Regular Customers
17637.0,31,2,547.0600000000001,15.630285714285716,83,0.023809523809523808,0,Regular Customers
17638.0,647,2,842.4,280.8,74,0.02666666666666667,1,At-Risk Customers
17639.0,276,6,615.17,7.7869620253164555,207,0.028846153846153848,0,Regular Customers
17640.0,87,6,3168.94,48.014242424242425,539,0.011111111111111112,0,Regular Customers
17642.0,120,5,1824.49,16.893425925925925,614,0.008130081300813009,0,Regular Customers
17643.0,373,2,439.7,14.183870967741935,132,0.015037593984962405,1,At-Risk Customers
17644.0,1,20,6028.6,18.436085626911318,660,0.030257186081694403,4,Loyal Customers
17646.0,219,12,3898.79,19.891785714285714,504,0.023762376237623763,0,Regular Customers
17647.0,65,3,331.65999999999997,27.638333333333332,604,0.0049586776859504135,0,Regular Customers
17648.0,61,5,2216.37,17.73096,324,0.015384615384615385,0,Regular Customers
17649.0,138,3,1578.89,16.111122448979593,334,0.008955223880597015,0,Regular Customers
17650.0,21,1,166.08,20.76,0,1.0,0,Regular Customers
17651.0,12,16,5703.52,17.179277108433737,514,0.031067961165048542,0,Regular Customers
17652.0,25,12,4867.72,18.794285714285714,255,0.046875,0,Regular Customers
17653.0,37,4,1207.56,27.44454545454545,83,0.047619047619047616,0,Regular Customers
17654.0,277,1,117.55,5.343181818181818,0,1.0,1,At-Risk Customers
17655.0,11,9,2976.38,26.814234234234235,406,0.022113022113022112,0,Regular Customers
17656.0,73,5,1674.69,20.423048780487804,55,0.08928571428571429,0,Regular Customers
17657.0,430,1,126.0,18.0,0,1.0,1,At-Risk Customers
17658.0,26,2,595.42,31.337894736842102,185,0.010752688172043012,0,Regular Customers
17659.0,17,14,3586.9900000000002,18.682239583333335,368,0.037940379403794036,0,Regular Customers
17660.0,141,2,342.22,4.173414634146342,595,0.003355704697986577,0,Regular Customers
17662.0,662,2,412.92,27.528000000000002,60,0.03278688524590164,1,At-Risk Customers
17663.0,26,17,5175.83,21.74718487394958,619,0.027419354838709678,0,Regular Customers
17664.0,19,4,1166.23,14.577875,601,0.006644518272425249,0,Regular Customers
17665.0,493,1,563.1,29.63684210526316,0,1.0,1,At-Risk Customers
17666.0,4,5,2047.8,46.54090909090909,523,0.009541984732824428,0,Regular Customers
17667.0,66,9,3950.7,17.17695652173913,588,0.015280135823429542,0,Regular Customers
17668.0,1,2,347.75,23.183333333333334,36,0.05405405405405406,0,Regular Customers
17669.0,43,10,6142.35,42.655208333333334,574,0.017391304347826087,0,Regular Customers
17670.0,228,1,205.7,18.7,0,1.0,0,Regular Customers
17671.0,16,5,2009.16,26.788800000000002,360,0.013850415512465374,0,Regular Customers
17672.0,50,7,5778.63,28.051601941747574,631,0.011075949367088608,0,Regular Customers
17673.0,2,13,4173.88,8.232504930966469,628,0.02066772655007949,0,Regular Customers
17674.0,74,2,551.04,20.40888888888889,294,0.006779661016949152,0,Regular Customers
17675.0,1,70,37642.48,33.72982078853047,728,0.09602194787379972,4,Loyal Customers
17676.0,4,10,2448.64,16.544864864864863,615,0.016233766233766232,0,Regular Customers
17677.0,2,54,35058.46,51.18023357664234,721,0.07479224376731301,4,Loyal Customers
17678.0,264,2,599.76,21.419999999999998,339,0.0058823529411764705,0,Regular Customers
17679.0,53,7,3577.61,44.16802469135803,683,0.01023391812865497,0,Regular Customers
17680.0,24,3,497.45,24.8725,487,0.006147540983606557,0,Regular Customers
17681.0,597,5,731.2,52.228571428571435,96,0.05154639175257732,1,At-Risk Customers
17682.0,10,11,4065.28,18.478545454545454,631,0.01740506329113924,0,Regular Customers
17683.0,386,3,819.01,17.804565217391303,168,0.01775147928994083,1,At-Risk Customers
17684.0,44,1,239.41,15.960666666666667,0,1.0,0,Regular Customers
17685.0,17,12,5454.95,27.550252525252525,649,0.018461538461538463,0,Regular Customers
17686.0,7,9,8296.81,19.339883449883448,526,0.017077798861480076,0,Regular Customers
17687.0,421,1,432.68,16.641538461538463,0,1.0,1,At-Risk Customers
17688.0,394,1,304.2,16.010526315789473,0,1.0,1,At-Risk Customers
17689.0,388,2,317.08,14.412727272727272,85,0.023255813953488372,1,At-Risk Customers
17690.0,30,20,6963.8,19.34388888888889,644,0.031007751937984496,4,Loyal Customers
17691.0,358,4,637.5500000000001,14.826744186046513,188,0.021164021164021163,1,At-Risk Customers
17692.0,127,12,2975.8,18.36913580246914,413,0.028985507246376812,0,Regular Customers
17693.0,137,1,200.47,12.529375,0,1.0,0,Regular Customers
17694.0,142,3,1695.97,20.937901234567903,421,0.0071090047393364926,0,Regular Customers
17695.0,132,5,1746.04,28.623606557377048,549,0.00909090909090909,0,Regular Customers
17696.0,38,27,7679.59,21.039972602739727,690,0.03907380607814761,4,Loyal Customers
17697.0,236,1,338.95,17.839473684210525,0,1.0,0,Regular Customers
17698.0,261,1,154.95,19.36875,0,1.0,0,Regular Customers
17699.0,477,2,442.0,23.263157894736842,84,0.023529411764705882,1,At-Risk Customers
17700.0,17,14,6679.97,18.555472222222225,722,0.019363762102351315,0,Regular Customers
17701.0,253,1,417.95,17.414583333333333,0,1.0,0,Regular Customers
17702.0,30,6,3144.04,20.549281045751634,370,0.016172506738544475,0,Regular Customers
17703.0,35,4,1094.84,14.036410256410255,382,0.010443864229765013,0,Regular Customers
17704.0,169,2,885.19,28.554516129032258,71,0.027777777777777776,0,Regular Customers
17705.0,3,11,2083.9,17.365833333333335,573,0.01916376306620209,0,Regular Customers
17706.0,4,31,20272.15,27.506309362279513,685,0.04518950437317784,4,Loyal Customers
17707.0,185,8,609.3000000000001,25.387500000000003,547,0.014598540145985401,0,Regular Customers
17708.0,188,4,884.1800000000001,12.11205479452055,235,0.01694915254237288,0,Regular Customers
17709.0,170,5,671.01,16.77525,433,0.01152073732718894,0,Regular Customers
17710.0,424,1,293.5,14.675,0,1.0,1,At-Risk Customers
17711.0,11,2,385.1,16.743478260869566,279,0.007142857142857143,0,Regular Customers
17712.0,45,1,522.91,18.031379310344825,0,1.0,0,Regular Customers
17713.0,382,4,1198.09,15.764342105263157,166,0.023952095808383235,1,At-Risk Customers
17714.0,321,5,1410.18,17.40962962962963,192,0.025906735751295335,1,At-Risk Customers
17715.0,201,2,489.59999999999997,244.79999999999998,392,0.005089058524173028,0,Regular Customers
17716.0,23,24,15956.97,26.55069883527454,714,0.033566433566433566,4,Loyal Customers
17717.0,421,1,376.92,14.496923076923078,0,1.0,1,At-Risk Customers
17718.0,232,2,439.18,19.094782608695652,412,0.004842615012106538,0,Regular Customers
17719.0,38,15,5396.04,19.693576642335767,217,0.06880733944954129,0,Regular Customers
17720.0,26,10,2666.91,20.203863636363636,552,0.018083182640144666,0,Regular Customers
17721.0,659,1,307.21000000000004,27.928181818181823,0,1.0,1,At-Risk Customers
17722.0,96,5,3520.2200000000003,20.23114942528736,279,0.017857142857142856,0,Regular Customers
17723.0,127,7,3378.4000000000005,281.53333333333336,248,0.028112449799196786,0,Regular Customers
17724.0,71,3,1033.0,25.825,67,0.04411764705882353,0,Regular Customers
17725.0,16,11,3439.08,17.911875,250,0.043824701195219126,0,Regular Customers
17726.0,395,7,1092.06,17.0634375,286,0.024390243902439025,1,At-Risk Customers
17727.0,15,1,1060.25,16.064393939393938,0,1.0,0,Regular Customers
17728.0,4,5,4238.76,17.371967213114754,449,0.011111111111111112,0,Regular Customers
17729.0,596,1,438.65000000000003,19.071739130434786,0,1.0,1,At-Risk Customers
17730.0,3,20,7773.8,24.757324840764333,586,0.034071550255536626,4,Loyal Customers
17731.0,79,6,1708.99,17.262525252525254,589,0.010169491525423728,0,Regular Customers
17732.0,373,8,2166.42,17.757540983606557,115,0.06896551724137931,1,At-Risk Customers
17733.0,39,2,692.19,19.776857142857143,222,0.008968609865470852,0,Regular Customers
17734.0,54,6,1442.32,16.771162790697673,588,0.010186757215619695,0,Regular Customers
17735.0,2,26,16790.33,19.210903890160186,495,0.05241935483870968,4,Loyal Customers
17736.0,9,3,377.44,15.0976,104,0.02857142857142857,0,Regular Customers
17737.0,9,2,168.24,16.824,49,0.04,0,Regular Customers
17738.0,19,13,4183.56,18.18939130434783,611,0.021241830065359478,0,Regular Customers
17739.0,12,18,7730.59,51.88315436241611,720,0.024965325936199722,4,Loyal Customers
17740.0,389,6,426.9,47.43333333333333,308,0.019417475728155338,1,At-Risk Customers
17741.0,407,2,101.1,16.849999999999998,153,0.012987012987012988,1,At-Risk Customers
17742.0,113,11,2098.48,24.688,625,0.01757188498402556,0,Regular Customers
17743.0,448,1,229.2,76.39999999999999,0,1.0,1,At-Risk Customers
17744.0,4,7,2649.14,17.543973509933775,377,0.018518518518518517,0,Regular Customers
17745.0,478,2,600.34,21.440714285714286,78,0.02531645569620253,1,At-Risk Customers
17746.0,240,4,904.1800000000001,25.116111111111113,370,0.01078167115902965,0,Regular Customers
17747.0,113,1,71.4,71.4,0,1.0,0,Regular Customers
17748.0,527,1,358.15,21.06764705882353,0,1.0,1,At-Risk Customers
17749.0,178,3,1026.18,18.003157894736844,368,0.008130081300813009,0,Regular Customers
17750.0,5,9,1710.45,9.29592391304348,158,0.05660377358490566,0,Regular Customers
17751.0,421,1,157.85999999999999,4.9331249999999995,0,1.0,1,At-Risk Customers
17752.0,359,1,80.64,80.64,0,1.0,1,At-Risk Customers
17753.0,464,4,382.06,5.5371014492753625,238,0.016736401673640166,1,At-Risk Customers
17754.0,1,13,4451.22,19.960627802690585,727,0.017857142857142856,0,Regular Customers
17756.0,376,3,728.75,8.675595238095237,18,0.15789473684210525,1,At-Risk Customers
17757.0,1,56,9074.05,7.218814638027048,693,0.08069164265129683,4,Loyal Customers
17758.0,19,12,4964.03,9.401571969696969,549,0.02181818181818182,0,Regular Customers
17759.0,17,5,1261.88,9.487819548872181,566,0.008818342151675485,0,Regular Customers
17760.0,22,6,746.39,11.140149253731343,627,0.009554140127388535,0,Regular Customers
17761.0,33,1,712.78,37.514736842105265,0,1.0,0,Regular Customers
17762.0,456,1,129.75,7.632352941176471,0,1.0,1,At-Risk Customers
17763.0,263,4,86.15,6.153571428571429,395,0.010101010101010102,0,Regular Customers
17764.0,51,5,1513.57,10.158187919463087,685,0.007288629737609329,0,Regular Customers
17765.0,159,4,524.0,6.469135802469136,289,0.013793103448275862,0,Regular Customers
17766.0,381,2,299.61,13.618636363636364,0,2.0,1,At-Risk Customers
17767.0,15,2,413.05,10.591025641025642,394,0.005063291139240506,0,Regular Customers
17768.0,8,7,3292.73,18.091923076923077,729,0.009589041095890411,0,Regular Customers
17769.0,13,17,7053.38,12.098421955403088,676,0.025110782865583457,0,Regular Customers
17770.0,199,5,1143.27,30.086052631578948,83,0.05952380952380952,0,Regular Customers
17771.0,57,4,387.41,5.6146376811594205,532,0.0075046904315197,0,Regular Customers
17772.0,11,3,360.75,3.7578125,381,0.007853403141361256,0,Regular Customers
17773.0,514,2,575.37,10.461272727272727,175,0.011363636363636364,1,At-Risk Customers
17774.0,97,9,3273.83,8.246423173803526,572,0.015706806282722512,0,Regular Customers
17775.0,255,1,56.4,18.8,0,1.0,0,Regular Customers
17776.0,387,2,330.56,4.132,336,0.005934718100890208,1,At-Risk Customers
17777.0,25,3,647.56,3.408210526315789,75,0.039473684210526314,0,Regular Customers
17778.0,662,1,197.70000000000002,19.770000000000003,0,1.0,1,At-Risk Customers
17779.0,21,3,650.32,8.028641975308643,122,0.024390243902439025,0,Regular Customers
17780.0,667,3,346.56,4.386835443037975,17,0.16666666666666666,1,At-Risk Customers
17781.0,159,2,188.02,15.668333333333335,93,0.02127659574468085,0,Regular Customers
17782.0,383,2,679.02,23.41448275862069,0,2.0,1,At-Risk Customers
17783.0,72,3,376.96,4.142417582417583,440,0.006802721088435374,0,Regular Customers
17784.0,550,1,112.86,4.90695652173913,0,1.0,1,At-Risk Customers
17785.0,53,3,403.38,7.909411764705882,512,0.005847953216374269,0,Regular Customers
17786.0,85,2,266.85,3.9242647058823534,231,0.008620689655172414,0,Regular Customers
17787.0,153,4,1817.54,14.19953125,218,0.0182648401826484,0,Regular Customers
17788.0,74,2,1117.9,223.58,55,0.03571428571428571,0,Regular Customers
17789.0,281,2,397.15,13.694827586206896,379,0.005263157894736842,1,At-Risk Customers
17790.0,27,20,2779.41,9.203344370860927,517,0.03861003861003861,4,Loyal Customers
17791.0,30,1,106.1,10.61,0,1.0,0,Regular Customers
17792.0,467,2,368.35,7.0836538461538465,11,0.16666666666666666,1,At-Risk Customers
17793.0,25,1,300.34,5.77576923076923,0,1.0,0,Regular Customers
17794.0,687,2,147.3,21.042857142857144,1,1.0,1,At-Risk Customers
17795.0,180,2,342.83,7.618444444444444,85,0.023255813953488372,0,Regular Customers
17796.0,40,7,1236.39,6.090591133004927,381,0.01832460732984293,0,Regular Customers
17797.0,22,8,1971.87,7.276273062730627,701,0.011396011396011397,0,Regular Customers
17798.0,582,1,178.07,3.957111111111111,0,1.0,1,At-Risk Customers
17799.0,22,20,6246.93,6.910320796460177,703,0.028409090909090908,4,Loyal Customers
17800.0,37,9,1187.21,11.526310679611651,296,0.030303030303030304,0,Regular Customers
17801.0,451,3,770.03,9.506543209876543,240,0.012448132780082987,1,At-Risk Customers
17802.0,82,10,4946.22,9.439351145038168,644,0.015503875968992248,0,Regular Customers
17803.0,392,1,184.66,6.839259259259259,0,1.0,1,At-Risk Customers
17804.0,376,3,383.78000000000003,4.217362637362638,362,0.008264462809917356,1,At-Risk Customers
17805.0,74,2,927.03,84.27545454545454,536,0.0037243947858473,0,Regular Customers
17806.0,11,1,546.04,12.698604651162789,0,1.0,0,Regular Customers
17807.0,395,3,437.87,4.9198876404494385,309,0.00967741935483871,1,At-Risk Customers
17808.0,549,4,262.64,7.958787878787878,32,0.12121212121212122,1,At-Risk Customers
17809.0,16,20,10085.89,103.97824742268041,720,0.027739251040221916,4,Loyal Customers
17810.0,669,2,373.16,6.784727272727273,15,0.125,1,At-Risk Customers
17811.0,4,47,9519.8,8.263715277777777,441,0.10633484162895927,4,Loyal Customers
17812.0,13,7,911.99,4.8253439153439155,517,0.013513513513513514,0,Regular Customers
17813.0,14,5,1698.07,4.879511494252873,57,0.08620689655172414,0,Regular Customers
17814.0,375,2,1609.37,11.254335664335663,47,0.041666666666666664,1,At-Risk Customers
17815.0,393,1,591.96,45.535384615384615,0,1.0,1,At-Risk Customers
17816.0,37,6,96.11,2.1357777777777778,687,0.00872093023255814,0,Regular Customers
17817.0,4,6,788.15,5.8817164179104475,417,0.014354066985645933,0,Regular Customers
17818.0,738,1,124.78,2.970952380952381,0,1.0,1,At-Risk Customers
17819.0,72,12,6021.05,67.65224719101124,654,0.0183206106870229,0,Regular Customers
17820.0,374,1,180.60999999999999,4.4051219512195114,0,1.0,1,At-Risk Customers
17821.0,406,1,334.62,55.77,0,1.0,1,At-Risk Customers
17822.0,420,5,2162.93,12.798402366863904,140,0.03546099290780142,1,At-Risk Customers
17823.0,421,2,449.25,4.4925,0,2.0,1,At-Risk Customers
17824.0,51,1,298.4,22.95384615384615,0,1.0,0,Regular Customers
17825.0,599,4,701.96,25.99851851851852,126,0.031496062992125984,1,At-Risk Customers
17826.0,374,1,133.34,4.040606060606061,0,1.0,1,At-Risk Customers
17827.0,5,6,2376.17,8.456120996441282,616,0.009724473257698542,0,Regular Customers
17828.0,23,4,1820.09,27.1655223880597,162,0.024539877300613498,0,Regular Customers
17829.0,299,5,4756.74,27.817192982456138,356,0.014005602240896359,1,At-Risk Customers
17830.0,2,3,398.7,17.33478260869565,287,0.010416666666666666,0,Regular Customers
17831.0,33,1,35.400000000000006,17.700000000000003,0,1.0,0,Regular Customers
17832.0,50,1,155.37,2.547049180327869,0,1.0,0,Regular Customers
17833.0,723,1,338.46000000000004,10.918064516129034,0,1.0,1,At-Risk Customers
17834.0,415,2,689.6700000000001,11.890862068965518,30,0.06451612903225806,1,At-Risk Customers
17835.0,3,3,342.24,5.800677966101695,20,0.14285714285714285,0,Regular Customers
17836.0,47,1,110.21000000000001,4.592083333333334,0,1.0,0,Regular Customers
17837.0,42,8,1541.23,9.513765432098765,120,0.06611570247933884,0,Regular Customers
17838.0,27,13,5604.64,22.065511811023622,604,0.021487603305785124,0,Regular Customers
17839.0,42,1,318.15,6.11826923076923,0,1.0,0,Regular Customers
17840.0,444,1,175.9,3.5180000000000002,0,1.0,1,At-Risk Customers
17841.0,2,211,68545.25,5.512283876156011,735,0.2866847826086957,3,Premium Customers
17842.0,602,1,430.69,23.927222222222223,0,1.0,1,At-Risk Customers
17843.0,303,2,320.4,5.16774193548387,108,0.01834862385321101,1,At-Risk Customers
17844.0,107,1,51.559999999999995,10.312,0,1.0,0,Regular Customers
17845.0,555,4,596.09,12.68276595744681,21,0.18181818181818182,1,At-Risk Customers
17846.0,85,1,2033.1,2033.1,0,1.0,0,Regular Customers
17847.0,516,2,129.69,14.41,129,0.015384615384615385,1,At-Risk Customers
17848.0,81,30,3559.11,21.570363636363638,652,0.045941807044410414,4,Loyal Customers
17849.0,218,8,1063.76,21.275199999999998,416,0.019184652278177457,0,Regular Customers
17850.0,372,155,51208.87,20.491744697879152,362,0.42699724517906334,3,Premium Customers
17851.0,422,6,1552.35,6.691163793103448,313,0.01910828025477707,1,At-Risk Customers
17852.0,12,5,657.8100000000001,6.090833333333334,719,0.006944444444444444,0,Regular Customers
17853.0,407,3,1596.29,15.202761904761905,329,0.00909090909090909,1,At-Risk Customers
17854.0,185,6,1068.5,9.055084745762711,546,0.010968921389396709,0,Regular Customers
17855.0,373,1,208.97,12.292352941176471,0,1.0,1,At-Risk Customers
17856.0,2,4,1418.03,94.53533333333333,279,0.014285714285714285,0,Regular Customers
17857.0,4,24,27347.04,488.34000000000003,637,0.03761755485893417,4,Loyal Customers
17858.0,6,30,12518.65,33.562064343163534,727,0.04120879120879121,4,Loyal Customers
17859.0,305,1,141.92000000000002,6.170434782608696,0,1.0,1,At-Risk Customers
17860.0,369,4,717.39,4.428333333333334,359,0.011111111111111112,1,At-Risk Customers
17861.0,3,18,5088.29,9.118799283154122,726,0.024759284731774415,0,Regular Customers
17862.0,324,4,1254.89,12.675656565656567,239,0.016666666666666666,1,At-Risk Customers
17863.0,59,12,5360.48,21.021490196078428,593,0.020202020202020204,0,Regular Customers
17864.0,13,5,876.57,6.640681818181818,414,0.012048192771084338,0,Regular Customers
17865.0,31,46,26312.190000000002,26.051673267326734,708,0.06488011283497884,4,Loyal Customers
17866.0,143,3,1134.95,43.651923076923076,582,0.005145797598627788,0,Regular Customers
17867.0,30,15,1582.0500000000002,12.169615384615385,707,0.0211864406779661,0,Regular Customers
17868.0,386,1,227.15,12.619444444444445,0,1.0,1,At-Risk Customers
17869.0,107,7,813.64,10.1705,440,0.015873015873015872,0,Regular Customers
17870.0,2,13,2753.29,10.122389705882354,379,0.034210526315789476,0,Regular Customers
17871.0,205,5,1068.95,12.878915662650604,488,0.010224948875255624,0,Regular Customers
17872.0,382,1,235.87,15.724666666666668,0,1.0,1,At-Risk Customers
17873.0,80,18,6265.33,37.29363095238095,643,0.027950310559006212,0,Regular Customers
17874.0,185,6,683.46,14.857826086956523,70,0.08450704225352113,0,Regular Customers
17875.0,688,1,167.1,6.426923076923076,0,1.0,1,At-Risk Customers
17876.0,400,3,3424.02,856.005,275,0.010869565217391304,1,At-Risk Customers
17877.0,170,1,237.61,19.800833333333333,0,1.0,0,Regular Customers
17878.0,44,3,1378.93,16.816219512195122,351,0.008522727272727272,0,Regular Customers
17879.0,174,1,178.51999999999998,29.75333333333333,0,1.0,0,Regular Customers
17880.0,365,3,824.9200000000001,18.331555555555557,365,0.00819672131147541,1,At-Risk Customers
17881.0,304,1,133.35000000000002,16.668750000000003,0,1.0,1,At-Risk Customers
17882.0,379,2,291.56,5.501132075471698,0,2.0,1,At-Risk Customers
17883.0,3,7,988.42,5.713410404624277,648,0.01078582434514638,0,Regular Customers
17884.0,4,20,2698.47,6.646477832512315,731,0.0273224043715847,4,Loyal Customers
17885.0,12,1,156.34,2.949811320754717,0,1.0,0,Regular Customers
17886.0,32,6,1572.55,9.473192771084337,557,0.010752688172043012,0,Regular Customers
17887.0,129,1,111.35,11.135,0,1.0,0,Regular Customers
17888.0,21,25,1807.44,11.2965,696,0.035868005738880916,4,Loyal Customers
17889.0,212,7,746.42,6.434655172413793,406,0.0171990171990172,0,Regular Customers
17890.0,323,2,586.89,6.449340659340659,38,0.05128205128205128,1,At-Risk Customers
17891.0,162,1,203.85999999999999,5.995882352941176,0,1.0,0,Regular Customers
17892.0,56,3,244.1,8.717857142857143,99,0.03,0,Regular Customers
17893.0,225,1,107.21,7.147333333333333,0,1.0,0,Regular Customers
17894.0,72,18,2304.58,5.732786069651741,397,0.04522613065326633,0,Regular Customers
17895.0,44,1,95.45,6.363333333333333,0,1.0,0,Regular Customers
17896.0,23,1,256.32,128.16,0,1.0,0,Regular Customers
17897.0,173,9,2099.89,8.014847328244274,403,0.022277227722772276,0,Regular Customers
17898.0,85,4,299.18,5.9836,481,0.008298755186721992,0,Regular Customers
17899.0,159,1,154.55,4.985483870967743,0,1.0,0,Regular Customers
17900.0,190,2,112.19999999999999,18.7,0,2.0,0,Regular Customers
17901.0,29,3,260.08,11.82181818181818,492,0.006085192697768763,0,Regular Customers
17902.0,547,1,216.39999999999998,9.016666666666666,0,1.0,1,At-Risk Customers
17903.0,394,1,381.09000000000003,8.468666666666667,0,1.0,1,At-Risk Customers
17904.0,21,1,181.07,5.325588235294117,0,1.0,0,Regular Customers
17905.0,71,13,2178.87,14.92376712328767,608,0.021346469622331693,0,Regular Customers
17906.0,247,1,72.9,6.075,0,1.0,0,Regular Customers
17907.0,641,1,291.76,22.443076923076923,0,1.0,1,At-Risk Customers
17908.0,374,5,1142.47,5.492644230769231,351,0.014204545454545454,1,At-Risk Customers
17909.0,737,1,110.05,13.75625,0,1.0,1,At-Risk Customers
17910.0,726,1,261.7,10.065384615384614,0,1.0,1,At-Risk Customers
17911.0,9,1,366.23,9.390512820512821,0,1.0,0,Regular Customers
17912.0,310,6,374.55,7.344117647058824,65,0.09090909090909091,1,At-Risk Customers
17913.0,59,14,3429.29,7.358991416309013,677,0.02064896755162242,0,Regular Customers
17914.0,4,1,329.36,4.391466666666667,0,1.0,0,Regular Customers
17915.0,551,1,225.78,7.785517241379311,0,1.0,1,At-Risk Customers
17916.0,629,2,43.87,2.3089473684210526,104,0.01904761904761905,1,At-Risk Customers
17917.0,45,3,335.03,3.6416304347826083,317,0.009433962264150943,0,Regular Customers
17918.0,501,3,396.39,9.909749999999999,4,0.6,1,At-Risk Customers
17919.0,88,2,1840.32,46.007999999999996,350,0.005698005698005698,0,Regular Customers
17920.0,4,54,23581.78,14.379134146341462,729,0.07397260273972603,4,Loyal Customers
17921.0,64,10,2394.36,6.651000000000001,447,0.022321428571428572,0,Regular Customers
17922.0,543,1,170.4,21.3,0,1.0,1,At-Risk Customers
17923.0,282,3,497.0,165.66666666666666,262,0.011406844106463879,1,At-Risk Customers
17924.0,12,8,3257.7000000000003,98.71818181818183,402,0.019851116625310174,0,Regular Customers
17925.0,373,1,244.08,244.08,0,1.0,1,At-Risk Customers
17926.0,133,5,1035.49,23.533863636363638,446,0.011185682326621925,0,Regular Customers
17927.0,722,1,294.0,29.4,0,1.0,1,At-Risk Customers
17928.0,45,3,341.24,12.638518518518518,525,0.005703422053231939,0,Regular Customers
17929.0,11,12,3082.1,205.47333333333333,719,0.016666666666666666,0,Regular Customers
17930.0,36,13,4275.22,49.140459770114944,609,0.021311475409836064,0,Regular Customers
17931.0,134,14,3402.24,9.692991452991452,527,0.026515151515151516,0,Regular Customers
17932.0,29,3,1331.57,14.795222222222222,182,0.01639344262295082,0,Regular Customers
17933.0,632,1,114.69,8.192142857142857,0,1.0,1,At-Risk Customers
17934.0,52,3,1049.15,25.589024390243903,354,0.008450704225352112,0,Regular Customers
17935.0,138,7,686.14,10.7209375,596,0.011725293132328308,0,Regular Customers
17936.0,5,1,380.13,5.279583333333333,0,1.0,0,Regular Customers
17937.0,9,7,4301.22,100.02837209302326,353,0.01977401129943503,0,Regular Customers
17938.0,420,1,144.29,4.97551724137931,0,1.0,1,At-Risk Customers
17939.0,160,1,99.14,8.261666666666667,0,1.0,0,Regular Customers
17940.0,49,16,30306.79,865.9082857142857,687,0.023255813953488372,4,Loyal Customers
17941.0,131,4,1433.28,204.75428571428571,571,0.006993006993006993,0,Regular Customers
17942.0,8,1,77.50000000000001,38.75000000000001,0,1.0,0,Regular Customers
17944.0,423,1,74.99,2.9995999999999996,0,1.0,1,At-Risk Customers
17945.0,697,3,360.35,5.004861111111111,0,3.0,1,At-Risk Customers
17946.0,233,2,149.57999999999998,7.478999999999999,26,0.07407407407407407,0,Regular Customers
17947.0,37,1,176.68,19.63111111111111,0,1.0,0,Regular Customers
17948.0,147,1,358.56000000000006,358.56000000000006,0,1.0,0,Regular Customers
17949.0,1,118,117314.08,752.0133333333333,736,0.16010854816824965,3,Premium Customers
17950.0,72,7,1166.29,7.068424242424242,631,0.011075949367088608,0,Regular Customers
17951.0,40,4,1340.5800000000002,47.877857142857145,364,0.010958904109589041,0,Regular Customers
17952.0,378,4,788.46,8.045510204081634,163,0.024390243902439025,1,At-Risk Customers
17953.0,540,1,159.17000000000002,7.958500000000001,0,1.0,1,At-Risk Customers
17954.0,5,19,3804.38,5.1202960969044415,725,0.026170798898071626,4,Loyal Customers
17955.0,199,6,949.9,43.17727272727273,466,0.01284796573875803,0,Regular Customers
17956.0,249,1,12.75,12.75,0,1.0,0,Regular Customers
17957.0,66,1,111.68,3.6025806451612907,0,1.0,0,Regular Customers
17958.0,117,2,973.88,27.052222222222223,611,0.0032679738562091504,0,Regular Customers
17959.0,592,1,140.75,70.375,0,1.0,1,At-Risk Customers
17960.0,171,3,135.08,3.6508108108108113,470,0.006369426751592357,0,Regular Customers
17961.0,21,100,2866.74,4.550380952380952,717,0.1392757660167131,4,Loyal Customers
17962.0,142,4,666.96,3.6445901639344265,552,0.007233273056057866,0,Regular Customers
17963.0,471,4,643.16,5.900550458715596,217,0.01834862385321101,1,At-Risk Customers
17964.0,32,2,463.21,4.726632653061224,340,0.005865102639296188,0,Regular Customers
17965.0,38,29,7006.65,8.576070991432069,687,0.04215116279069767,4,Loyal Customers
17966.0,38,10,1963.92,17.37982300884956,652,0.015313935681470138,0,Regular Customers
17967.0,372,2,223.42,3.6626229508196717,44,0.044444444444444446,1,At-Risk Customers
17968.0,374,4,590.4399999999999,4.6128124999999995,138,0.02877697841726619,1,At-Risk Customers
17969.0,166,20,2354.29,11.540637254901961,566,0.03527336860670194,0,Regular Customers
17970.0,211,1,562.79,19.40655172413793,0,1.0,0,Regular Customers
17971.0,548,1,161.94,7.711428571428572,0,1.0,1,At-Risk Customers
17972.0,242,1,135.19,4.506333333333333,0,1.0,0,Regular Customers
17973.0,52,1,337.04,22.469333333333335,0,1.0,0,Regular Customers
17974.0,25,6,1739.09,4.817423822714681,382,0.015665796344647518,0,Regular Customers
17975.0,15,24,6696.33,14.36980686695279,475,0.05042016806722689,4,Loyal Customers
17976.0,372,1,321.79,5.645438596491228,0,1.0,1,At-Risk Customers
17977.0,29,2,1511.45,14.533173076923077,370,0.005390835579514825,0,Regular Customers
17978.0,365,4,1159.99,17.313283582089554,366,0.010899182561307902,1,At-Risk Customers
17979.0,36,4,732.41,5.30731884057971,224,0.017777777777777778,0,Regular Customers
17980.0,166,4,1012.72,16.601967213114754,227,0.017543859649122806,0,Regular Customers
17981.0,411,1,239.12,14.065882352941177,0,1.0,1,At-Risk Customers
17982.0,681,1,138.18,10.62923076923077,0,1.0,1,At-Risk Customers
17983.0,395,1,171.71,7.154583333333334,0,1.0,1,At-Risk Customers
17984.0,145,5,1152.19,4.761115702479339,593,0.008417508417508417,0,Regular Customers
17985.0,22,1,631.35,30.064285714285717,0,1.0,0,Regular Customers
17986.0,56,1,20.8,20.8,0,1.0,0,Regular Customers
17987.0,185,5,965.4399999999999,5.886829268292683,365,0.01366120218579235,0,Regular Customers
17988.0,12,14,489.54,3.98,720,0.019417475728155338,0,Regular Customers
17989.0,379,1,207.32999999999998,7.149310344827586,0,1.0,1,At-Risk Customers
17990.0,237,6,1527.6100000000001,26.800175438596494,495,0.012096774193548387,0,Regular Customers
17991.0,225,3,300.3,7.902631578947369,366,0.008174386920980926,0,Regular Customers
17992.0,389,1,252.88,4.863076923076923,0,1.0,1,At-Risk Customers
17993.0,617,1,225.99,3.7665,0,1.0,1,At-Risk Customers
17994.0,122,11,2270.0299999999997,7.418398692810457,499,0.022,0,Regular Customers
17995.0,282,3,495.48,17.08551724137931,105,0.02830188679245283,1,At-Risk Customers
17996.0,380,3,482.33,7.1989552238805965,166,0.017964071856287425,1,At-Risk Customers
17997.0,74,8,1962.46,11.966219512195122,89,0.08888888888888889,0,Regular Customers
17998.0,380,3,639.24,11.021379310344829,358,0.008356545961002786,1,At-Risk Customers
17999.0,37,3,528.46,3.9437313432835825,341,0.008771929824561403,0,Regular Customers
18000.0,564,1,124.25,20.708333333333332,0,1.0,1,At-Risk Customers
18001.0,12,6,924.14,7.001060606060606,725,0.008264462809917356,0,Regular Customers
18002.0,376,4,244.37,4.610754716981132,355,0.011235955056179775,1,At-Risk Customers
18003.0,376,1,353.51,15.37,0,1.0,1,At-Risk Customers
18004.0,362,1,157.92,4.268108108108108,0,1.0,1,At-Risk Customers
18005.0,4,2,226.47,4.273018867924528,43,0.045454545454545456,0,Regular Customers
18006.0,23,4,969.51,15.389047619047618,699,0.005714285714285714,0,Regular Customers
18007.0,393,1,215.22,4.3044,0,1.0,1,At-Risk Customers
18008.0,70,23,19759.079999999998,203.70185567010307,632,0.036334913112164295,4,Loyal Customers
18009.0,235,8,2144.23,11.978938547486033,417,0.019138755980861243,0,Regular Customers
18010.0,257,1,174.8,12.485714285714286,0,1.0,0,Regular Customers
18011.0,373,2,410.79,6.520476190476191,194,0.010256410256410256,1,At-Risk Customers
18012.0,723,1,115.3,8.86923076923077,0,1.0,1,At-Risk Customers
18013.0,155,2,187.29,6.041612903225806,0,2.0,0,Regular Customers
18014.0,28,1,162.22,5.407333333333333,0,1.0,0,Regular Customers
18015.0,4,1,120.03,2.6093478260869567,0,1.0,0,Regular Customers
18016.0,32,7,1954.56,11.565443786982248,648,0.01078582434514638,0,Regular Customers
18017.0,81,4,688.0,172.0,350,0.011396011396011397,0,Regular Customers
18018.0,108,4,297.99,6.7725,312,0.012779552715654952,0,Regular Customers
18019.0,52,1,38.45,7.69,0,1.0,0,Regular Customers
18020.0,544,1,190.48000000000002,15.873333333333335,0,1.0,1,At-Risk Customers
18021.0,510,2,216.41,6.7628125,2,0.6666666666666666,1,At-Risk Customers
18022.0,36,5,1507.25,3.546470588235294,510,0.009784735812133072,0,Regular Customers
18024.0,153,2,389.78,18.56095238095238,0,2.0,0,Regular Customers
18025.0,380,6,1177.72,10.515357142857143,239,0.025,1,At-Risk Customers
18026.0,501,2,2074.07,122.00411764705883,4,0.4,1,At-Risk Customers
18027.0,99,1,115.31,5.490952380952381,0,1.0,0,Regular Customers
18028.0,583,1,192.05,48.0125,0,1.0,1,At-Risk Customers
18029.0,642,1,433.77,24.098333333333333,0,1.0,1,At-Risk Customers
18030.0,4,2,230.64999999999998,25.627777777777776,38,0.05128205128205128,0,Regular Customers
18031.0,379,1,451.3,7.163492063492064,0,1.0,1,At-Risk Customers
18032.0,334,1,73.5,14.7,0,1.0,1,At-Risk Customers
18033.0,65,1,93.82000000000001,2.8430303030303032,0,1.0,0,Regular Customers
18034.0,22,3,754.2,3.524299065420561,353,0.00847457627118644,0,Regular Customers
18035.0,36,5,1260.23,22.109298245614035,349,0.014285714285714285,0,Regular Customers
18036.0,32,11,1545.49,4.740766871165644,689,0.015942028985507246,0,Regular Customers
18037.0,154,15,167.42,5.073333333333333,583,0.025684931506849314,0,Regular Customers
18038.0,556,1,141.48,5.239999999999999,0,1.0,1,At-Risk Customers
18039.0,374,4,548.22,3.469746835443038,266,0.0149812734082397,1,At-Risk Customers
18040.0,19,2,357.20000000000005,18.8,226,0.00881057268722467,0,Regular Customers
18041.0,12,38,8018.7699999999995,9.637944711538461,683,0.05555555555555555,4,Loyal Customers
18042.0,54,2,281.15,17.571875,488,0.00408997955010225,0,Regular Customers
18043.0,25,3,529.29,4.6025217391304345,342,0.008746355685131196,0,Regular Customers
18044.0,4,18,3505.61,17.52805,555,0.03237410071942446,0,Regular Customers
18045.0,45,1,178.34,4.147441860465117,0,1.0,0,Regular Customers
18046.0,650,1,189.63,7.293461538461538,0,1.0,1,At-Risk Customers
18047.0,381,2,326.09,3.9287951807228914,0,2.0,1,At-Risk Customers
18048.0,203,3,394.93,6.693728813559322,290,0.010309278350515464,0,Regular Customers
18049.0,437,2,500.92,5.757701149425287,153,0.012987012987012988,1,At-Risk Customers
18050.0,359,2,412.06,17.915652173913042,33,0.058823529411764705,1,At-Risk Customers
18051.0,634,7,2282.28,41.496,96,0.07216494845360824,1,At-Risk Customers
18052.0,565,1,10877.18,679.82375,0,1.0,1,At-Risk Customers
18053.0,71,3,571.07,17.8459375,456,0.006564551422319475,0,Regular Customers
18054.0,393,1,176.5,16.045454545454547,0,1.0,1,At-Risk Customers
18055.0,7,14,10142.64,19.029343339587243,406,0.0343980343980344,0,Regular Customers
18056.0,288,2,554.6,18.486666666666668,330,0.006042296072507553,1,At-Risk Customers
18057.0,393,3,1188.46,8.869104477611941,297,0.010067114093959731,1,At-Risk Customers
18058.0,10,3,774.06,48.37875,657,0.004559270516717325,0,Regular Customers
18059.0,23,3,306.46,17.025555555555556,44,0.06666666666666667,0,Regular Customers
18060.0,408,2,1185.46,15.806133333333333,156,0.012738853503184714,1,At-Risk Customers
18061.0,22,28,6083.81,49.867295081967214,713,0.0392156862745098,4,Loyal Customers
18062.0,173,6,1632.67,30.23462962962963,424,0.01411764705882353,0,Regular Customers
18063.0,391,2,186.60000000000002,62.20000000000001,242,0.00823045267489712,1,At-Risk Customers
18064.0,133,11,4481.83,70.02859375,543,0.02022058823529412,0,Regular Customers
18065.0,6,29,5866.63,18.924612903225807,724,0.04,4,Loyal Customers
18066.0,75,3,1440.4,27.17735849056604,340,0.008797653958944282,0,Regular Customers
18067.0,40,1,396.33,10.711621621621621,0,1.0,0,Regular Customers
18068.0,289,1,101.69999999999999,101.69999999999999,0,1.0,1,At-Risk Customers
18069.0,26,11,4464.92,4.603010309278351,622,0.01765650080256822,0,Regular Customers
18070.0,669,1,314.1,34.900000000000006,0,1.0,1,At-Risk Customers
18071.0,258,6,1169.68,16.474366197183098,477,0.012552301255230125,0,Regular Customers
18072.0,186,1,247.44,13.746666666666666,0,1.0,0,Regular Customers
18073.0,114,12,3859.82,53.60861111111112,82,0.14457831325301204,0,Regular Customers
18074.0,374,2,1019.44,23.707906976744187,131,0.015151515151515152,1,At-Risk Customers
18075.0,23,20,5783.29,17.904922600619194,475,0.04201680672268908,4,Loyal Customers
18076.0,380,1,151.49,18.93625,0,1.0,1,At-Risk Customers
18077.0,8,18,4078.79,11.554645892351274,724,0.02482758620689655,0,Regular Customers
18078.0,217,4,725.53,9.93876712328767,410,0.009732360097323601,0,Regular Customers
18079.0,45,5,4203.93,30.911250000000003,446,0.011185682326621925,0,Regular Customers
18080.0,19,2,1231.5,615.75,223,0.008928571428571428,0,Regular Customers
18081.0,36,3,343.45,20.20294117647059,97,0.030612244897959183,0,Regular Customers
18082.0,26,1,680.84,9.726285714285714,0,1.0,0,Regular Customers
18083.0,398,1,463.53,11.588249999999999,0,1.0,1,At-Risk Customers
18084.0,16,3,795.2299999999999,113.6042857142857,372,0.00804289544235925,0,Regular Customers
18085.0,330,4,1341.8500000000001,21.642741935483873,298,0.013377926421404682,1,At-Risk Customers
18086.0,274,1,101.34,14.477142857142857,0,1.0,1,At-Risk Customers
18087.0,98,17,14761.519999999999,167.74454545454543,640,0.0265210608424337,4,Loyal Customers
18088.0,61,1,166.03,4.487297297297298,0,1.0,0,Regular Customers
18089.0,447,1,428.45,42.845,0,1.0,1,At-Risk Customers
18090.0,422,1,321.9,5.96111111111111,0,1.0,1,At-Risk Customers
18091.0,593,1,360.85,14.434000000000001,0,1.0,1,At-Risk Customers
18092.0,2,18,14693.72,104.95514285714285,733,0.02452316076294278,4,Loyal Customers
18093.0,93,8,4452.71,72.99524590163935,525,0.015209125475285171,0,Regular Customers
18094.0,82,13,6391.52,50.72634920634921,619,0.020967741935483872,0,Regular Customers
18095.0,313,5,2303.09,47.98104166666667,286,0.017421602787456445,1,At-Risk Customers
18096.0,12,6,1657.87,4.240076726342711,501,0.01195219123505976,0,Regular Customers
18097.0,8,11,4627.92,29.666153846153847,715,0.015363128491620111,0,Regular Customers
18098.0,396,1,527.94,6.138837209302326,0,1.0,1,At-Risk Customers
18099.0,127,1,168.31,8.858421052631579,0,1.0,0,Regular Customers
18100.0,550,1,451.56,15.052,0,1.0,1,At-Risk Customers
18101.0,11,5,622.01,5.70651376146789,662,0.007541478129713424,0,Regular Customers
18102.0,1,145,580987.04,558.6413846153846,738,0.19621109607577808,2,VIP Customers
18103.0,549,1,105.8,10.58,0,1.0,1,At-Risk Customers
18104.0,37,1,754.64,19.858947368421052,0,1.0,0,Regular Customers
18105.0,38,1,113.48000000000002,6.304444444444446,0,1.0,0,Regular Customers
18106.0,330,6,1441.06,7.5448167539267015,364,0.01643835616438356,1,At-Risk Customers
18107.0,442,1,165.88,4.365263157894737,0,1.0,1,At-Risk Customers
18108.0,254,3,848.8100000000001,18.059787234042556,483,0.006198347107438017,0,Regular Customers
18109.0,2,38,9555.71,14.61117737003058,524,0.07238095238095238,4,Loyal Customers
18110.0,20,2,392.28000000000003,5.448333333333334,391,0.00510204081632653,0,Regular Customers
18111.0,589,1,405.85,15.031481481481482,0,1.0,1,At-Risk Customers
18112.0,12,4,773.36,12.473548387096775,539,0.007407407407407408,0,Regular Customers
18113.0,369,1,76.32000000000001,76.32000000000001,0,1.0,1,At-Risk Customers
18114.0,290,1,220.1,7.860714285714286,0,1.0,1,At-Risk Customers
18115.0,698,1,9.700000000000001,3.233333333333334,0,1.0,1,At-Risk Customers
18116.0,68,13,2134.4900000000002,3.784556737588653,343,0.0377906976744186,0,Regular Customers
18117.0,26,1,315.65,4.384027777777778,0,1.0,0,Regular Customers
18118.0,11,29,6221.02,4.350363636363637,370,0.07816711590296496,4,Loyal Customers
18119.0,368,1,180.7,6.23103448275862,0,1.0,1,At-Risk Customers
18120.0,214,1,111.15,6.538235294117648,0,1.0,0,Regular Customers
18121.0,149,2,653.3,21.074193548387097,5,0.3333333333333333,0,Regular Customers
18122.0,8,6,1793.06,5.022577030812325,142,0.04195804195804196,0,Regular Customers
18123.0,24,3,666.64,11.904285714285715,489,0.006122448979591836,0,Regular Customers
18124.0,472,1,102.65,5.1325,0,1.0,1,At-Risk Customers
18125.0,30,4,1131.75,5.89453125,286,0.013937282229965157,0,Regular Customers
18126.0,61,1,200.92000000000002,3.863846153846154,0,1.0,0,Regular Customers
18127.0,19,4,556.13,8.30044776119403,384,0.01038961038961039,0,Regular Customers
18128.0,537,1,399.29,9.506904761904762,0,1.0,1,At-Risk Customers
18129.0,243,1,112.55000000000001,8.039285714285715,0,1.0,0,Regular Customers
18130.0,15,3,1059.39,15.134142857142859,41,0.07142857142857142,0,Regular Customers
18131.0,632,1,222.95999999999998,55.739999999999995,0,1.0,1,At-Risk Customers
18132.0,504,1,220.13,3.5504838709677418,0,1.0,1,At-Risk Customers
18133.0,212,1,931.4999999999999,931.4999999999999,0,1.0,0,Regular Customers
18134.0,598,2,445.0,15.892857142857142,96,0.020618556701030927,1,At-Risk Customers
18135.0,29,10,1249.6200000000001,33.773513513513514,605,0.0165016501650165,0,Regular Customers
18136.0,63,5,1631.3600000000001,18.53818181818182,387,0.01288659793814433,0,Regular Customers
18137.0,551,2,145.99,5.034137931034483,0,2.0,1,At-Risk Customers
18138.0,295,1,152.65,19.08125,0,1.0,1,At-Risk Customers
18139.0,18,6,8438.34,53.07132075471698,0,6.0,0,Regular Customers
18140.0,474,1,536.41,9.933518518518518,0,1.0,1,At-Risk Customers
18141.0,402,2,882.47,21.011190476190478,187,0.010638297872340425,1,At-Risk Customers
18142.0,157,2,1019.52,67.968,58,0.03389830508474576,0,Regular Customers
18143.0,117,2,1000.16,16.396065573770493,25,0.07692307692307693,0,Regular Customers
18144.0,8,19,4892.95,58.249404761904756,715,0.02653631284916201,4,Loyal Customers
18145.0,13,11,5609.74,13.95457711442786,718,0.015299026425591099,0,Regular Customers
18146.0,141,2,160.35000000000002,16.035000000000004,79,0.025,0,Regular Customers
18147.0,46,2,179.33999999999997,25.619999999999997,62,0.031746031746031744,0,Regular Customers
18148.0,647,1,112.85000000000001,11.285,0,1.0,1,At-Risk Customers
18149.0,51,7,1553.96,17.076483516483517,584,0.011965811965811967,0,Regular Customers
18150.0,32,3,566.58,15.312972972972974,169,0.01764705882352941,0,Regular Customers
18151.0,135,6,1879.44,17.730566037735848,511,0.01171875,0,Regular Customers
18152.0,646,1,426.69,42.669,0,1.0,1,At-Risk Customers
18153.0,659,1,246.22,14.483529411764707,0,1.0,1,At-Risk Customers
18154.0,3,5,932.6,19.842553191489362,487,0.010245901639344262,0,Regular Customers
18155.0,75,3,371.62,14.8648,216,0.013824884792626729,0,Regular Customers
18156.0,13,2,675.64,5.538032786885246,356,0.0056022408963585435,0,Regular Customers
18157.0,571,1,213.9,8.556000000000001,0,1.0,1,At-Risk Customers
18158.0,9,2,453.4,13.335294117647058,79,0.025,0,Regular Customers
18159.0,301,1,530.15,23.05,0,1.0,1,At-Risk Customers
18160.0,57,3,1003.88,15.444307692307692,328,0.00911854103343465,0,Regular Customers
18161.0,15,6,1803.1000000000001,19.388172043010755,364,0.01643835616438356,0,Regular Customers
18162.0,732,1,371.51,8.076304347826087,0,1.0,1,At-Risk Customers
18163.0,584,1,728.84,22.086060606060606,0,1.0,1,At-Risk Customers
18164.0,37,1,399.65000000000003,16.652083333333334,0,1.0,0,Regular Customers
18165.0,177,1,302.46000000000004,30.246000000000002,0,1.0,0,Regular Customers
18166.0,624,1,175.5,17.55,0,1.0,1,At-Risk Customers
18167.0,23,3,1384.8600000000001,37.428648648648654,82,0.03614457831325301,0,Regular Customers
18168.0,176,16,3435.5,9.46418732782369,560,0.0285204991087344,0,Regular Customers
18169.0,61,1,202.65,22.516666666666666,0,1.0,0,Regular Customers
18170.0,33,9,2878.0,22.841269841269842,667,0.01347305389221557,0,Regular Customers
18171.0,59,9,2437.31,26.4925,644,0.013953488372093023,0,Regular Customers
18172.0,15,52,17467.24,36.77313684210527,714,0.07272727272727272,4,Loyal Customers
18173.0,87,5,2696.36,59.919111111111114,526,0.009487666034155597,0,Regular Customers
18174.0,7,2,162.5,81.25,596,0.0033500837520938024,0,Regular Customers
18175.0,676,1,176.1,25.157142857142855,0,1.0,1,At-Risk Customers
18176.0,358,1,476.35,15.878333333333334,0,1.0,1,At-Risk Customers
18177.0,31,9,2216.32,22.38707070707071,692,0.012987012987012988,0,Regular Customers
18178.0,129,11,6103.74,17.43925714285714,530,0.02071563088512241,0,Regular Customers
18179.0,9,8,2547.55,23.372018348623854,654,0.012213740458015267,0,Regular Customers
18180.0,5,6,1843.75,15.493697478991596,137,0.043478260869565216,0,Regular Customers
18181.0,24,5,1188.34,6.676067415730337,710,0.007032348804500703,0,Regular Customers
18182.0,463,1,291.13,29.113,0,1.0,1,At-Risk Customers
18183.0,227,2,632.07,17.082972972972975,47,0.041666666666666664,0,Regular Customers
18184.0,15,1,49.8,49.8,0,1.0,0,Regular Customers
18185.0,249,1,304.25,17.897058823529413,0,1.0,0,Regular Customers
18186.0,723,1,329.58,29.96181818181818,0,1.0,1,At-Risk Customers
18187.0,632,1,724.89,15.101875,0,1.0,1,At-Risk Customers
18188.0,15,6,3280.59,24.66609022556391,608,0.009852216748768473,0,Regular Customers
18189.0,78,3,1403.73,16.322441860465116,548,0.00546448087431694,0,Regular Customers
18190.0,192,5,745.62,17.752857142857142,525,0.009505703422053232,0,Regular Customers
18191.0,262,2,529.4,35.29333333333333,215,0.009259259259259259,0,Regular Customers
18192.0,72,1,957.97,21.288222222222224,0,1.0,0,Regular Customers
18193.0,165,3,1207.35,17.247857142857143,277,0.01079136690647482,0,Regular Customers
18194.0,82,6,4162.04,148.6442857142857,597,0.010033444816053512,0,Regular Customers
18195.0,387,1,101.16,20.232,0,1.0,1,At-Risk Customers
18196.0,95,4,1457.19,5.260613718411553,537,0.007434944237918215,0,Regular Customers
18197.0,576,1,230.1,25.566666666666666,0,1.0,1,At-Risk Customers
18198.0,4,17,5425.56,34.12301886792453,332,0.05105105105105105,0,Regular Customers
18199.0,684,1,344.75,17.2375,0,1.0,1,At-Risk Customers
18200.0,106,1,150.35,5.011666666666667,0,1.0,0,Regular Customers
18201.0,723,1,447.53000000000003,16.575185185185187,0,1.0,1,At-Risk Customers
18202.0,200,3,1396.99,20.543970588235293,111,0.026785714285714284,0,Regular Customers
18203.0,157,4,492.52,8.34779661016949,573,0.006968641114982578,0,Regular Customers
18204.0,71,3,1975.35,10.288281249999999,121,0.02459016393442623,0,Regular Customers
18205.0,36,2,517.36,16.1675,38,0.05128205128205128,0,Regular Customers
18206.0,553,1,314.65999999999997,16.561052631578946,0,1.0,1,At-Risk Customers
18207.0,499,1,544.47,17.563548387096777,0,1.0,1,At-Risk Customers
18208.0,566,1,360.08,21.181176470588234,0,1.0,1,At-Risk Customers
18209.0,29,1,139.10000000000002,17.387500000000003,0,1.0,0,Regular Customers
18210.0,2,7,2768.83,19.22798611111111,381,0.01832460732984293,0,Regular Customers
18211.0,26,5,600.07,14.287380952380953,252,0.019762845849802372,0,Regular Customers
18212.0,326,2,514.37,11.18195652173913,351,0.005681818181818182,1,At-Risk Customers
18213.0,237,1,232.48000000000002,15.498666666666669,0,1.0,0,Regular Customers
18214.0,531,4,1780.34,30.69551724137931,23,0.16666666666666666,1,At-Risk Customers
18215.0,89,5,2232.4900000000002,25.084157303370787,534,0.009345794392523364,0,Regular Customers
18216.0,31,1,481.75,18.528846153846153,0,1.0,0,Regular Customers
18217.0,29,4,945.04,23.625999999999998,496,0.008048289738430584,0,Regular Customers
18218.0,211,4,1121.84,29.522105263157894,448,0.008908685968819599,0,Regular Customers
18219.0,3,17,3352.7000000000003,17.64578947368421,729,0.023287671232876714,0,Regular Customers
18220.0,227,6,1921.76,76.8704,497,0.012048192771084338,0,Regular Customers
18221.0,22,6,1424.94,16.96357142857143,367,0.016304347826086956,0,Regular Customers
18222.0,93,1,443.0,23.31578947368421,0,1.0,0,Regular Customers
18223.0,5,26,14000.85,24.30703125,730,0.03556771545827633,4,Loyal Customers
18224.0,264,1,158.95000000000002,15.895000000000001,0,1.0,0,Regular Customers
18225.0,3,26,13014.8,22.753146853146852,731,0.03551912568306011,4,Loyal Customers
18226.0,44,26,11878.88,22.497878787878786,600,0.04326123128119801,4,Loyal Customers
18227.0,218,2,388.75,64.79166666666667,266,0.00749063670411985,0,Regular Customers
18228.0,57,2,779.9,25.996666666666666,22,0.08695652173913043,0,Regular Customers
18229.0,12,28,10150.51,50.50004975124378,724,0.038620689655172416,4,Loyal Customers
18230.0,9,9,4291.06,30.650428571428574,516,0.017408123791102514,0,Regular Customers
18231.0,192,28,6854.17,17.896005221932114,506,0.055226824457593686,4,Loyal Customers
18232.0,82,4,592.97,16.026216216216216,115,0.034482758620689655,0,Regular Customers
18233.0,326,1,440.0,440.0,0,1.0,1,At-Risk Customers
18234.0,552,1,179.6,5.986666666666666,0,1.0,1,At-Risk Customers
18235.0,72,3,1796.48,17.273846153846154,145,0.02054794520547945,0,Regular Customers
18236.0,30,12,1795.3500000000001,18.319897959183674,573,0.020905923344947737,0,Regular Customers
18237.0,3,5,987.1,16.181967213114753,131,0.03787878787878788,0,Regular Customers
18238.0,515,1,270.92,19.351428571428574,0,1.0,1,At-Risk Customers
18239.0,219,6,1712.26,17.836041666666667,204,0.02926829268292683,0,Regular Customers
18240.0,46,1,422.58,70.42999999999999,0,1.0,0,Regular Customers
18241.0,10,21,2986.9900000000002,18.786100628930818,608,0.034482758620689655,4,Loyal Customers
18242.0,72,8,3605.21,25.7515,625,0.012779552715654952,0,Regular Customers
18243.0,414,1,515.78,19.837692307692308,0,1.0,1,At-Risk Customers
18244.0,431,2,568.64,29.928421052631577,72,0.0273972602739726,1,At-Risk Customers
18245.0,7,20,6324.9800000000005,13.81,633,0.031545741324921134,4,Loyal Customers
18246.0,24,3,758.8199999999999,151.76399999999998,586,0.005110732538330494,0,Regular Customers
18247.0,415,3,839.73,22.695405405405406,216,0.013824884792626729,1,At-Risk Customers
18248.0,123,2,804.02,17.1068085106383,63,0.03125,0,Regular Customers
18249.0,17,1,95.34,11.9175,0,1.0,0,Regular Customers
18250.0,310,1,349.27,16.63190476190476,0,1.0,1,At-Risk Customers
18251.0,87,9,26278.86,243.3227777777778,630,0.014263074484944533,0,Regular Customers
18252.0,51,7,1533.69,11.44544776119403,670,0.010432190760059613,0,Regular Customers
18253.0,643,1,317.88,45.41142857142857,0,1.0,1,At-Risk Customers
18254.0,581,1,267.9,16.74375,0,1.0,1,At-Risk Customers
18255.0,89,2,303.15,15.955263157894736,366,0.005449591280653951,0,Regular Customers
18256.0,388,1,110.7,11.07,0,1.0,1,At-Risk Customers
18257.0,39,12,4600.15,16.667210144927534,619,0.01935483870967742,0,Regular Customers
18258.0,464,6,2059.67,41.193400000000004,108,0.05504587155963303,1,At-Risk Customers
18259.0,25,7,3941.9,46.37529411764706,707,0.009887005649717515,0,Regular Customers
18260.0,173,23,9947.26,24.261609756097563,551,0.041666666666666664,4,Loyal Customers
18261.0,43,2,324.24,15.440000000000001,52,0.03773584905660377,0,Regular Customers
18262.0,140,3,577.54,13.75095238095238,462,0.0064794816414686825,0,Regular Customers
18263.0,26,3,1213.1599999999999,19.887868852459015,226,0.013215859030837005,0,Regular Customers
18264.0,499,1,603.25,16.756944444444443,0,1.0,1,At-Risk Customers
18265.0,72,2,801.51,17.424130434782608,85,0.023255813953488372,0,Regular Customers
18266.0,434,1,251.1,17.935714285714287,0,1.0,1,At-Risk Customers
18267.0,673,1,269.37,15.84529411764706,0,1.0,1,At-Risk Customers
18268.0,134,6,1490.23,22.24223880597015,594,0.010084033613445379,0,Regular Customers
18269.0,366,1,168.6,24.085714285714285,0,1.0,1,At-Risk Customers
18270.0,38,3,444.55,26.150000000000002,394,0.007594936708860759,0,Regular Customers
18271.0,610,2,680.85,32.42142857142857,121,0.01639344262295082,1,At-Risk Customers
18272.0,3,9,4385.9800000000005,19.40699115044248,642,0.013996889580093312,0,Regular Customers
18273.0,2,4,357.0,89.25,588,0.006791171477079796,0,Regular Customers
18274.0,30,1,175.92,15.992727272727272,0,1.0,0,Regular Customers
18275.0,578,2,741.85,39.044736842105266,152,0.013071895424836602,1,At-Risk Customers
18276.0,44,6,1656.52,17.622553191489363,685,0.008746355685131196,0,Regular Customers
18277.0,58,5,1180.05,18.43828125,436,0.011441647597254004,0,Regular Customers
18278.0,74,2,414.20000000000005,17.258333333333336,330,0.006042296072507553,0,Regular Customers
18279.0,519,1,231.33999999999997,17.795384615384613,0,1.0,1,At-Risk Customers
18280.0,278,2,488.15000000000003,16.27166666666667,116,0.017094017094017096,1,At-Risk Customers
18281.0,181,2,201.14,11.831764705882351,397,0.005025125628140704,0,Regular Customers
18282.0,8,2,178.05,14.8375,118,0.01680672268907563,0,Regular Customers
18283.0,4,22,2664.9,2.841044776119403,654,0.03358778625954199,4,Loyal Customers
18284.0,432,1,461.68,16.48857142857143,0,1.0,1,At-Risk Customers
18285.0,661,1,427.0,35.583333333333336,0,1.0,1,At-Risk Customers
18286.0,477,2,1296.43,19.349701492537314,247,0.008064516129032258,1,At-Risk Customers
18287.0,43,7,4182.99,26.987032258064513,528,0.013232514177693762,0,Regular Customers
